company_name,company_type,imdb_id
Metro-Goldwyn-Mayer (MGM),distribution,co0007143
Regal Films,distribution,co0066800
Jury Metro-Goldwyn,distribution,co0137738
Film AB Le Mat-Metro-Goldwyn,distribution,co0377994
Metro-Goldwyn-Mayer (MGM),distribution,co0819129
Warner Home Video,distribution,co0059995
The Criterion Channel,distribution,co0804141
MGM/UA Home Entertainment,distribution,co0001770
Metro-Goldwyn-Mayer (MGM),production,co0007143
Motion Picture Producers and Distributors Association of America,miscellaneous,co0439586
