company_name,company_type,imdb_id
Metro-Goldwyn-Mayer (MGM),distribution,co0007143
Metro-Goldwyn-Mayer (MGM),distribution,co0811496
Regal Films,distribution,co0066800
Metro-Goldwyn-Mayer (MGM),distribution,co0854778
Metro-Goldwyn-Mayer A/B,distribution,co0902144
Metro-Goldwyn-Mayer (MGM),distribution,co0811498
Metro-Goldwyn-Mayer (MGM),distribution,co0812330
CEL-MGM/UA Home Video,distribution,co0884625
MGM/UA Home Entertainment,distribution,co0001770
Chapel Distribution,distribution,co0258711
Warner Home Video,distribution,co0059995
Living Colour Entertainment,distribution,co0229902
Metro-Goldwyn-Mayer British Studios,production,co0071784
MGM Home Entertainment,miscellaneous,co0015461
Turner Entertainment,miscellaneous,co0183824
Western Costume Company,miscellaneous,co0054834
