company_name,company_type,imdb_id,is_major_studio
Universal Pictures,distribution,co0005073,True
EMI Films,distribution,co0103338,False
Associated Film Distribution (AFD),distribution,co0045051,False
Columbia-EMI-Warner,distribution,co0106070,False
Greater Union Organisation (GUO),distribution,co0022099,False
New Gold Entertainment,distribution,co0461882,False
Kinosto,distribution,co0023460,False
Kommunenes Filmcentral (KF),distribution,co0015327,False
National Film Development Corporation,distribution,co0798381,False
Sandrew Film & Teater,distribution,co0139598,False
Warner Home Video,distribution,co0189793,False
WGN,distribution,co0017401,False
Republic Pictures Home Video,distribution,co0075944,False
Artisan Entertainment,distribution,co0014903,False
Anchor Bay Entertainment,distribution,co0067793,False
Gativideo,distribution,co0044350,False
Kinowelt Home Entertainment,distribution,co0019532,False
Front Row Filmed Entertainment,distribution,co0238173,False
IDA films,distribution,co0276300,False
Lionsgate Home Entertainment,distribution,co0292909,False
Soul media,distribution,co0309417,False
Umbrella Entertainment,distribution,co0122766,False
HBO Max,distribution,co0754095,False
Kino Lorber Studio Classics,distribution,co0542796,False
Nine Network Australia,distribution,co0006628,False
9Gem,distribution,co0781000,False
Lumiere Home Video,distribution,co0077185,False
Thorn EMI Video Australia,distribution,co0076331,False
VTI Home Vídeo,distribution,co0090508,False
Warner Home Video,distribution,co0006383,False
Antron Media Production,production,co0043484,False
EMI Films,production,co0103338,False
Trans / Audio,miscellaneous,co0036479,False
Magno Sound,miscellaneous,co0013780,False
A&R Recording Inc.,miscellaneous,co0061287,False
The Optical House,miscellaneous,co0025465,False
International Alliance of Theatrical Stage Employees (IATSE),miscellaneous,co0190210,False
Movielab,miscellaneous,co0169798,False
Panavision,miscellaneous,co0041930,False
Republic Pictures,miscellaneous,co0020540,False
Technicolor,miscellaneous,co0065861,False
