company_name,company_type,imdb_id
Universal Pictures,distribution,co0005073
EMI Films,distribution,co0103338
Associated Film Distribution (AFD),distribution,co0045051
Columbia-EMI-Warner,distribution,co0106070
Greater Union Organisation (GUO),distribution,co0022099
New Gold Entertainment,distribution,co0461882
Kinosto,distribution,co0023460
Kommunenes Filmcentral (KF),distribution,co0015327
National Film Development Corporation,distribution,co0798381
Sandrew Film & Teater,distribution,co0139598
Warner Home Video,distribution,co0189793
WGN,distribution,co0017401
Republic Pictures Home Video,distribution,co0075944
Artisan Entertainment,distribution,co0014903
Anchor Bay Entertainment,distribution,co0067793
Gativideo,distribution,co0044350
Kinowelt Home Entertainment,distribution,co0019532
Front Row Filmed Entertainment,distribution,co0238173
IDA films,distribution,co0276300
Lionsgate Home Entertainment,distribution,co0292909
Soul media,distribution,co0309417
Umbrella Entertainment,distribution,co0122766
HBO Max,distribution,co0754095
Kino Lorber Studio Classics,distribution,co0542796
Nine Network Australia,distribution,co0006628
9Gem,distribution,co0781000
Lumiere Home Video,distribution,co0077185
Thorn EMI Video Australia,distribution,co0076331
VTI Home Vídeo,distribution,co0090508
Warner Home Video,distribution,co0006383
Antron Media Production,production,co0043484
EMI Films,production,co0103338
Trans / Audio,miscellaneous,co0036479
Magno Sound,miscellaneous,co0013780
A&R Recording Inc.,miscellaneous,co0061287
The Optical House,miscellaneous,co0025465
International Alliance of Theatrical Stage Employees (IATSE),miscellaneous,co0190210
Movielab,miscellaneous,co0169798
Panavision,miscellaneous,co0041930
Republic Pictures,miscellaneous,co0020540
Technicolor,miscellaneous,co0065861
