company_name,company_type,imdb_id,is_major_studio
United Artists,distribution,co0026841,False
Independent Film Distributors (IFD),distribution,co0105995,False
Remus Films,distribution,co0160103,False
20th Century Fox Australia,distribution,co0063989,True
Dai Film,distribution,co0647471,False
Europa Film,distribution,co0029714,False
Filmileijona,distribution,co0065128,False
Les Artistes Associés,distribution,co0289659,False
Metropolitan Films,distribution,co0140050,False
Nippon Cinema Corporation (NCC),distribution,co0131836,False
Nova Film,distribution,co0304136,False
Twentieth Century-Fox,distribution,co0862964,False
Rank Film Distributors of India,distribution,co0841586,False
Impuls Verleih,distribution,co0248316,False
Suomi-Filmi,distribution,co0006373,False
Wivefilm,distribution,co0091361,False
Yleisradio (YLE),distribution,co0013526,False
NHK Sôgô,distribution,co0211950,False
Trans Lux Distributing Corporation,distribution,co0107995,False
CBS,distribution,co0070627,False
Viacom,distribution,co0077647,False
Rai 1,distribution,co0042527,False
Imperial Film,distribution,co1073772,False
Filmimies,distribution,co0313637,False
Magnetic Video,distribution,co0089127,False
Esselte Video,distribution,co0055215,False
RCA SelectaVision VideoDiscs,distribution,co0109029,False
Filmes Castello Lopes,distribution,co0049459,False
20th Century Fox Video,distribution,co0605838,True
CBS/Fox,distribution,co0007496,False
Mainostelevisio (MTV3),distribution,co0069920,False
CBS/Fox Home Video,distribution,co0042311,False
TV3,distribution,co0102029,False
Fox Video,distribution,co0017628,False
NHK-BS2,distribution,co0199367,False
Finnkino,distribution,co0014703,False
20th Century Fox Home Entertainment,distribution,co0010224,True
EuroVideo,distribution,co0041475,False
IVC,distribution,co0668705,False
20th Century Fox Home Entertainment,distribution,co0918688,True
MRA Entertainment Group,distribution,co0128855,False
Video Film Express,distribution,co0068056,False
Atlantic Film,distribution,co0182772,False
Elephant Films,distribution,co0278486,False
Aquarius TV,distribution,co0153714,False
Future Film,distribution,co0079555,False
Argentina Video Home,distribution,co0031085,False
Paramount Home Entertainment,distribution,co0051891,False
Eye Film Institute,distribution,co0296721,False
Atlantic Film,distribution,co0291961,False
Pony Canyon,distribution,co0017081,False
More4,distribution,co0163162,False
YouTube Movies,distribution,co0847367,False
Buksfilm,distribution,co0983694,False
StudioCanal Home Entertainment,distribution,co0985617,False
Rank Organisation,distribution,co0311795,False
Continental Home Video,distribution,co0399063,False
Epoca,distribution,co0110063,False
Paramount Pictures,sales,co0023400,True
Romulus Films,sales,co0103121,False
Romulus Films,production,co0103121,False
Horizon Pictures,production,co0218910,False
The Royal Philharmonic Orchestra,miscellaneous,co0045253,False
Motion Picture Imaging,miscellaneous,co0370542,False
Cinesite,miscellaneous,co0055855,False
Audio Mechanics Music & Sound,miscellaneous,co0028393,False
Academy Film Archives,miscellaneous,co0131577,False
ITV Studios Global Entertainment,miscellaneous,co0382999,False
Prasad Group,miscellaneous,co0383025,False
Romulus Films,miscellaneous,co0103121,False
Ultra Film Synchron,miscellaneous,co0267232,False
