company_name,company_type,imdb_id
Columbia Pictures,distribution,co0050868
Columbia Pictures Corporation,distribution,co0108852
Columbia Films. S.A.,distribution,co1013825
Columbia Pictures of Argentina,distribution,co0221123
Europa Film,distribution,co0304160
Columbia Film,distribution,co0219440
Columbia Films S. A.,distribution,co0282638
Kamerafilm,distribution,co0615441
Union Film,distribution,co0168570
Canal 13,distribution,co0030479
Columbia Pictures Home Entertainment,distribution,co0051419
LK-TEL Vídeo,distribution,co0137250
RCA/Columbia Pictures Home Video,distribution,co0070977
RCA/Columbia Pictures International Video,distribution,co0128198
RCA/Columbia-Hoyts Home Video,distribution,co0057923
Acteurs Auteurs Associés (AAA),distribution,co0000697
Columbia TriStar Home Video,distribution,co0001850
Columbia TriStar Home Entertainment,distribution,co0170439
Columbia TriStar Home Entertainment,distribution,co0127120
Columbia TriStar Home Entertainment,distribution,co0182605
Columbia TriStar Home Entertainment,distribution,co0213457
Twilight Time,distribution,co0478467
Arrow Academy,distribution,co0456983
The Criterion Channel,distribution,co0804141
Columbia Pictures,production,co0050868
International Alliance of Theatrical Stage Employees (IATSE),miscellaneous,co0190210
Sunset Gower Studios,miscellaneous,co0043184
Western Electric,miscellaneous,co0033842
