company_name,company_type,imdb_id
United Artists,distribution,co0026841
United International Pictures (UIP),distribution,co0012851
United International Pictures (UIP),distribution,co0000994
United International Pictures (UIP),distribution,co0110120
United International Pictures (UIP),distribution,co0113995
United International Pictures,distribution,co0097402
Sonoro Filme,distribution,co0008003
United International Pictures (UIP),distribution,co0016600
United International Pictures (UIP),distribution,co0074139
United International Pictures (UIP),distribution,co0043417
Argentina Video Home,distribution,co0031085
Fazer Musiikki Oy/Fazer Video,distribution,co0127113
MGM Home Entertainment,distribution,co0015461
Malo Video,distribution,co0066332
Parkfield Entertainment,distribution,co0106172
Varus Video,distribution,co0091775
Warner Home Video,distribution,co0006383
Warner Home Video,distribution,co0059995
United Artists Corporation,distribution,co0799090
Abril Vídeo,distribution,co0057299
American Broadcasting Company (ABC),distribution,co0037052
Mainostelevisio (MTV3),distribution,co0069920
East West,distribution,co0006285
Philips,distribution,co0079136
Warner Home Video,distribution,co0189793
MGM/UA Home Entertainment,distribution,co0001770
Chapel Distribution,distribution,co0258711
Warner Home Vidéo,distribution,co0101941
Gativideo,distribution,co0044350
SF Home Entertainment,distribution,co0291951
FS Film,distribution,co0363592
20th Century Fox Home Entertainment,distribution,co0010224
Film1,distribution,co0313320
Rai Movie,distribution,co0347055
Hero,distribution,co0514158
Kanal 2,distribution,co0062533
Paramount Channel,distribution,co0796240
9Gem,distribution,co0781000
Capelight Pictures,distribution,co0151501
United Artists,production,co0026841
The Guber-Peters Company,production,co0108873
Star Partners II Ltd.,production,co0074647
Mirage Enterprises,production,co0038270
Andrea Jaffe,miscellaneous,co0039459
Buena Vista Visual Effects,miscellaneous,co0006390
The Ohio Film Bureau,miscellaneous,co0150070
Kentucky Film Office,miscellaneous,co0150069
Indiana Film Commission,miscellaneous,co0091278
Nevada Motion Picture Division,miscellaneous,co0116815
California Film Commission,miscellaneous,co0024554
Caesar's Palace,miscellaneous,co0150068
Major League Baseball,miscellaneous,co0094061
DeLuxe Laboratories,miscellaneous,co0026998
Panavision,miscellaneous,co0041930
Dolby Laboratories,miscellaneous,co0047023
International Alliance of Theatrical Stage Employees (IATSE),miscellaneous,co0190210
Capitol Records,miscellaneous,co0021734
Lucasfilm THX / TAP Theater Alignment Program,miscellaneous,co0172511
Notefornote Music,miscellaneous,co0705029
Oklahoma Film Commission,miscellaneous,co0027454
Perseverance Records,miscellaneous,co0161157
Unique Movie Cars,miscellaneous,co0033102
