company_name,company_type,imdb_id,is_major_studio
Twentieth Century Fox,distribution,co0000756,False
Fox-Rank,distribution,co0106045,False
Fox-Lira,distribution,co0029000,False
Fox Film,distribution,co0220007,False
Fox Films,distribution,co0174267,False
Fox Italia,distribution,co0478980,False
20th Century Fox Argentina,distribution,co0007180,True
Aasia Films Pvt. Ltd.,distribution,co0078258,False
Avala-Genex,distribution,co0238040,False
RomaniaFilm R.A.,distribution,co0781928,False
Ken Films,distribution,co0089143,False
CBS,distribution,co0070627,False
Magnetic Video,distribution,co0089127,False
RCA SelectaVision VideoDiscs,distribution,co0109029,False
Showtime Video,distribution,co0087627,False
20th Century Fox Video,distribution,co0605838,True
CBS/Fox Home Video,distribution,co0042311,False
Abril Vídeo,distribution,co0057299,False
CBS/Fox Video,distribution,co0806725,False
CBS/Fox,distribution,co0094754,False
CBS/Fox,distribution,co0226201,False
CBS Electronics,distribution,co0248464,False
TV3,distribution,co0102029,False
Fox Video,distribution,co0017628,False
20th Television,distribution,co0161074,False
Imperial Entertainment Home Video,distribution,co0800972,False
Mainostelevisio (MTV3),distribution,co0069920,False
Yleisradio (YLE),distribution,co0013526,False
20th Century Fox Home Entertainment,distribution,co0150813,True
20th Century Fox Home Entertainment,distribution,co0010224,True
20th Century Fox Home Entertainment,distribution,co0280047,True
SubTV,distribution,co0102030,False
Svensk Filmindustri (SF),distribution,co0050989,False
FS Film,distribution,co0363592,False
Capricci Films,distribution,co0004276,False
KVH Media Group,distribution,co0488997,False
Centfox-Film,distribution,co0137255,False
20th Century Fox CIS,distribution,co0209782,True
3Sat,distribution,co0053646,False
3sat,distribution,co0220887,False
3sat,distribution,co0046385,False
ARTE Mediathek,distribution,co0706542,False
ARTE Mediathek,distribution,co0979389,False
ARTE,distribution,co0164664,False
ARTE,distribution,co0014456,False
Amazon Instant Video,distribution,co0337718,False
Bontonfilm,distribution,co0033954,False
British Broadcasting Corporation (BBC),distribution,co0043107,False
DVD Magic,distribution,co0055469,False
Disney+,distribution,co0721120,False
Google Play,distribution,co0879800,False
ITV - Independent Television,distribution,co0015194,False
Kabel Eins Classics,distribution,co0355813,False
Kabel Eins,distribution,co0073649,False
Kabel. 1,distribution,co0982837,False
MagentaTV,distribution,co0851917,False
Magic Box,distribution,co0298915,False
Maxdome Store,distribution,co0202910,False
Maxdome,distribution,co0916189,False
ORF 2,distribution,co0348287,False
Premiere 7,distribution,co0986217,False
Premiere Filmclassics,distribution,co0952254,False
RBB Fernsehen,distribution,co0768255,False
RBB,distribution,co1059146,False
Rundfunk Berlin-Brandenburg (RBB),distribution,co0099654,False
SF 1,distribution,co0887587,False
SF2,distribution,co0887588,False
SRF 1,distribution,co0728049,False
SRF zwei,distribution,co0492252,False
SWR Fernsehen,distribution,co0961937,False
SWR,distribution,co1069165,False
Sat.1,distribution,co0003601,False
Schweizer Fernsehen (SF),distribution,co0015806,False
Schweizer Radio und Fernsehen (SRF),distribution,co0424038,False
ServusTV Deutschland,distribution,co0840878,False
ServusTV,distribution,co0295850,False
Sky Go,distribution,co0893022,False
Sky Hits/Sky Hits HD,distribution,co0379754,False
Sky Nostalgie,distribution,co0905510,False
Sky Store,distribution,co0985386,False
Sky Ticket,distribution,co0885190,False
Südwestrundfunk (SWR),distribution,co0047104,False
TNT Film,distribution,co0350722,False
Tele 5 TM-TV,distribution,co0369900,False
Tele 5,distribution,co0118322,False
The Criterion Channel,distribution,co0804141,False
Videoload,distribution,co0362812,False
Warner TV Film,distribution,co0919124,False
Youtube Filme & TV,distribution,co1055457,False
Zweites Deutsches Fernsehen (ZDF),distribution,co0078814,False
iTunes,distribution,co0694131,False
Twentieth Century Fox,production,co0000756,False
Philip D'Antoni Productions,production,co0677209,False
Schine-Moore Productions,production,co0045508,False
Pacific Title,miscellaneous,co0001256,False
Descriptive Video Works,miscellaneous,co0321535,False
International Alliance of Theatrical Stage Employees (IATSE),miscellaneous,co0190210,False
Twentieth Century Fox,miscellaneous,co0000756,False
Westrex Recording System,miscellaneous,co0001880,False
