company_name,company_type,imdb_id
Metro-Goldwyn-Mayer (MGM),distribution,co0007143
Regal Films,distribution,co0066800
Film AB Le Mat-Metro-Goldwyn,distribution,co0377994
MGM Home Entertainment,distribution,co0015461
France 3,distribution,co0061460
Warner Home Video,distribution,co0059995
Warner Home Vídeo,distribution,co0089683
Warner Home Video,distribution,co0189793
Living Colour Entertainment,distribution,co0229902
HBO Max,distribution,co0754095
Metro-Goldwyn-Mayer (MGM),production,co0007143
Max Factor,miscellaneous,co0072862
Western Costume Company,miscellaneous,co0054834
