company_name,company_type,imdb_id
Metro-Goldwyn-Mayer (MGM),distribution,co0007143
Metro-Goldwyn-Mayer (MGM),distribution,co0811496
Metro-Goldwyn-Mayer (MGM),distribution,co0812330
Metro-Goldwyn-Mayer (MGM),distribution,co0824157
Metro-Goldwyn-Mayer (MGM),distribution,co0812376
Metro-Goldwyn-Mayer (MGM),distribution,co0854778
Metro-Goldwyn-Mayer (MGM),distribution,co0815526
Yleisradio (YLE),distribution,co0013526
MGM/UA Home Entertainment,distribution,co0001770
Turner Entertainment,distribution,co0183824
Chapel Distribution,distribution,co0258711
Warner Home Video,distribution,co0059995
Warner Home Vidéo,distribution,co0101941
Warner Home Vídeo,distribution,co0089683
TwellV,distribution,co0226008
Living Colour Entertainment,distribution,co0229902
Mill Creek Entertainment,distribution,co0172129
Sinister Film,distribution,co0418922
The Criterion Channel,distribution,co0804141
Artaire Films,distribution,co0720547
HBO Max,distribution,co0754095
CEL-MGM/UA Home Video,distribution,co0884625
Warner Bros. Entertainment,distribution,co0080422
Metro-Goldwyn-Mayer (MGM),production,co0007143
International Alliance of Theatrical Stage Employees (IATSE),miscellaneous,co0190210
Motion Picture Producers and Distributors Association of America,miscellaneous,co0439586
Western Electric,miscellaneous,co0033842
