company_name,company_type,imdb_id
Universal Pictures,distribution,co0005073
Cinema International Corporation (CIC),distribution,co0645080
Cinema International Corporation (CIC),distribution,co0534543
Cinema International Corporation (CIC),distribution,co0371559
Cinema International Corporation (CIC),distribution,co0605538
MCA Videocassette,distribution,co0076366
Cinema International Corporation (CIC),distribution,co0646535
Cinema International Corporation (CIC),distribution,co0184431
Cinema International Corporation (CIC),distribution,co0234432
Cinema International Corporation (CIC),distribution,co0112372
Sonoro Filme,distribution,co0008003
RCA (II),distribution,co0036219
American Broadcasting Company (ABC),distribution,co0037052
Argentina Video Home,distribution,co0031085
MCA Home Video,distribution,co0009692
MCA/Universal Home Video,distribution,co0060214
MTV3,distribution,co1039885
NHK-BS2,distribution,co0199367
Nelonen,distribution,co0029644
Universal Pictures Home Entertainment (UPHE),distribution,co0023827
Universal Pictures Home Entertainment,distribution,co0297627
Universal Pictures Japan,distribution,co0353649
Cinema Foobio,distribution,co0446627
Yleisradio (YLE),distribution,co0013526
Studio S Entertainment,distribution,co0295135
Future Film,distribution,co0079555
NBC Universal Entertainment,distribution,co0459508
Capelight Pictures,distribution,co0151501
DiscoVision,distribution,co0033484
Esselte Video,distribution,co0179262
Universal Pictures,production,co0005073
Bradley's Barn,miscellaneous,co0270254
Descriptive Video Works,miscellaneous,co0321535
International Alliance of Theatrical Stage Employees (IATSE),miscellaneous,co0190210
Kentucky Film Commission,miscellaneous,co0091289
Panavision,miscellaneous,co0041930
Technicolor,miscellaneous,co0065861
Universal Title,miscellaneous,co0108500
