company_name,company_type,imdb_id,is_major_studio
Paramount Pictures,distribution,co0023400,True
United International Pictures (UIP),distribution,co0128218,False
Filmes Lusomundo,distribution,co0012065,False
United International Pictures (UIP),distribution,co0184854,False
United International Pictures (UIP),distribution,co0074139,False
United International Pictures (UIP),distribution,co0040026,False
United International Pictures (UIP),distribution,co0175527,False
United International Pictures (UIP),distribution,co0110120,False
United International Pictures (UIP),distribution,co0043417,False
United International Pictures (UIP),distribution,co0113995,False
United International Pictures,distribution,co0097402,False
Argentina Video Home,distribution,co0031085,False
CIC Video,distribution,co0021304,False
Paramount Home Entertainment,distribution,co0051891,False
Esselte CIC Video,distribution,co0315145,False
Home Box Office (HBO),distribution,co0008693,False
Malo Video,distribution,co0066332,False
Home Video Hellas (HVH),distribution,co0048760,False
Lucernafilm,distribution,co0114097,False
Paramount Films of India,distribution,co0318358,False
CBS,distribution,co0070627,False
British Broadcasting Corporation (BBC),distribution,co0043107,False
France 2 (FR2),distribution,co0011107,False
TF1,distribution,co0028766,False
Téva,distribution,co0018899,False
M6,distribution,co0037417,False
Magic Box,distribution,co0298915,False
Cielo,distribution,co0592430,False
HBO Max,distribution,co0754095,False
Paramount Channel,distribution,co0796240,False
Paramount+,distribution,co0820547,False
Paramount Network,distribution,co1109913,False
CIC Vídeo,distribution,co0080094,False
CIC-Taft Home Video,distribution,co0023596,False
Paramount Pictures,production,co0023400,True
Jaffe-Lansing,production,co0035763,False
Alpha Cine Service,miscellaneous,co0099157,False
British Columbia Buildings,miscellaneous,co0221925,False
EFX Unlimited,miscellaneous,co0116915,False
La-La Land Records,miscellaneous,co0108566,False
Pacific National Exhibition (PNE),miscellaneous,co0221888,False
Pacific Studios II,miscellaneous,co0009149,False
Panavision,miscellaneous,co0041930,False
Record Plant Scoring,miscellaneous,co0107605,False
Reel Appetites,miscellaneous,co0064420,False
Reel People Inc.,miscellaneous,co0014384,False
Saxon/Ross Film Design,miscellaneous,co0062622,False
Technicolor,miscellaneous,co0065861,False
The City of Vancouver,miscellaneous,co0082490,False
University of British Columbia,miscellaneous,co0101370,False
Vancouver Art Gallery,miscellaneous,co0221913,False
Vancouver General Hospital,miscellaneous,co0221907,False
William F. White International,miscellaneous,co0020238,False
