company_name,company_type,imdb_id
Paramount Pictures,distribution,co0023400
Paramount Film Service,distribution,co0754555
Paramount British Pictures,distribution,co0074341
Paramount Film Service,distribution,co0316662
Paramount Films of Argentina,distribution,co0866247
Les Films Paramount,distribution,co0094762
Film AB Paramount,distribution,co0220414
Paramount Pictures,distribution,co0033409
Filmaktieselskapet Paramount,distribution,co1022855
Filmaktieselskabet Paramount,distribution,co0316507
Paramount-Film,distribution,co0160099
Paramount Filmes,distribution,co0803844
AFEX,distribution,co0189384
CBS,distribution,co0070627
Paramount Home Entertainment,distribution,co0051891
Warner Archive Collection,distribution,co0270424
ARTE,distribution,co0014456
The Criterion Channel,distribution,co0804141
Hal Wallis Productions,production,co0128419
International Alliance of Theatrical Stage Employees (IATSE),miscellaneous,co0190210
Western Electric,miscellaneous,co0033842
