company_name,company_type,imdb_id,is_major_studio
Island Pictures,distribution,co0011996,False
J&M Entertainment,distribution,co0113554,False
Pan-Canadian Film Distributors,distribution,co0053651,False
Hoyts Distribution,distribution,co0050640,False
Mainline,distribution,co0392200,False
Cineplex-Odeon Home Video,distribution,co0088050,False
Embassy Home Entertainment,distribution,co0087616,False
MCA Home Video,distribution,co0232947,False
RCA/Columbia-Hoyts Home Video,distribution,co0057923,False
Vestron Video,distribution,co0113979,False
Filmco Norway,distribution,co0599131,False
Herald Ace,distribution,co0086452,False
Hungry Eye Pictures,distribution,co0024656,False
Svensk Filmindustri (SF),distribution,co0050989,False
Nelson Entertainment,distribution,co0020346,False
UFA Video,distribution,co0048514,False
PolyGram Video,distribution,co0044762,False
Feature Films for Families,distribution,co0025538,False
California Home Vídeo,distribution,co0078603,False
MGM Home Entertainment,distribution,co0015461,True
Umbrella Entertainment,distribution,co0122766,False
Schröder Media,distribution,co0241677,False
Kino Lorber,distribution,co0291948,False
Cinéma Plus Vidéo,distribution,co0022365,False
Distribuidora Internacional de Filmes (DIF),distribution,co0153467,False
Questar Entertainment,distribution,co0108903,False
Vista Films Ltd.,sales,co0104883,False
Bountiful Film Partners,production,co0003554,False
FilmDallas Pictures,production,co0028528,False
Baby 'O Recorders,miscellaneous,co0133629,False
"Citizens of Waxahachie, Texas",miscellaneous,co0133630,False
"City of Dallas, Texas",miscellaneous,co0133631,False
"City of Venus, Texas",miscellaneous,co0133632,False
Dallas Communications Complex,miscellaneous,co0133633,False
Dallas Police Department,miscellaneous,co0133634,False
EFX Unlimited,miscellaneous,co0116915,False
"Ellis Co., Texas",miscellaneous,co0133635,False
Government Services Administration,miscellaneous,co0133636,False
Greyhound Lines,miscellaneous,co0093582,False
Mobil Oil Company,miscellaneous,co0036743,False
Moses Weitzman EFX Unlimited,miscellaneous,co0016355,False
Sound One Corporation,miscellaneous,co0051002,False
Sundance Institute,miscellaneous,co0030599,False
Texas Film Commission,miscellaneous,co0070583,False
"The Main Street Program, Waxahachie, Texas",miscellaneous,co0133637,False
The Studios at Las Colinas,miscellaneous,co0032926,False
