company_name,company_type,imdb_id
Buena Vista Distribution Company,distribution,co1085150
Greater Union Organisation (GUO),distribution,co0022099
Svensk Filmindustri (SF),distribution,co0050989
United International Pictures (UIP),distribution,co0110120
United International Pictures,distribution,co0097402
United International Pictures,distribution,co0112575
Buena Vista International Mexico,distribution,co0121807
Filmayer,distribution,co0075913
Kommunenes Filmcentral (KF),distribution,co0015327
Mever Films,distribution,co0226291
Gativideo,distribution,co0044350
Touchstone Home Video,distribution,co0226864
Touchstone Home Video,distribution,co0041517
Buena Vista International,distribution,co0792679
Audio Visual Enterprises,distribution,co0006126
VideoVisa,distribution,co0149423
American Broadcasting Company (ABC),distribution,co0037052
Antenne 2 (A2),distribution,co0530809
Buena Vista International,distribution,co0916028
Buena Vista Home Entertainment,distribution,co0659852
Buena Vista Home Entertainment,distribution,co0049546
Touchstone Home Entertainment,distribution,co0300570
Touchstone Home Entertainment,distribution,co0659855
Touchstone Home Entertainment,distribution,co0477440
Buena Vista International,distribution,co0123419
Touchstone Pictures Home Entertainment,distribution,co0750134
Divisa Home Video,distribution,co0117434
Walt Disney Studios Home Entertainment,distribution,co0229306
LA7,distribution,co0212665
Walt Disney Studios Home Entertainment,distribution,co0235043
Finnkino,distribution,co0014703
Abril Vídeo,distribution,co0057299
Buena Vista Home Entertainment,distribution,co0979350
Disney+,distribution,co0721120
Liv,distribution,co0361918
Magic Box,distribution,co0298915
Nelonen,distribution,co0029644
TV3,distribution,co0102029
TV5,distribution,co0375601
Touchstone Home Video,distribution,co0883363
Walt Disney Company Russia & CIS,distribution,co0247742
Warner Bros. Entertainment,distribution,co0497928
Yleisradio (YLE),distribution,co0013526
Touchstone Pictures,production,co0049348
Silver Screen Partners II,production,co0077024
Sturm's Special Effects International,specialEffects,co0011533
ARRI,miscellaneous,co0008520
Chapman/Leonard Studio Equipment,miscellaneous,co0008022
EFX Unlimited,miscellaneous,co0116915
International Alliance of Theatrical Stage Employees (IATSE),miscellaneous,co0190210
Lucasfilm THX / TAP Theater Alignment Program,miscellaneous,co0172511
MCA Records,miscellaneous,co0042246
The Geddes Agency,miscellaneous,co0058250
