company_name,company_type,imdb_id,is_major_studio
Paramount Pictures,distribution,co0023400,True
Paramount Film Service,distribution,co0754555,False
Paramount British Pictures,distribution,co0074341,False
Paramount Film Service,distribution,co0316662,False
Paramount Films of Argentina,distribution,co0866247,False
Paramount Filmes,distribution,co0803844,False
Film AB Paramount,distribution,co0220414,False
Paramount Films of Mexico,distribution,co0834860,False
Paramount-Films,distribution,co0184442,False
Les Films Paramount,distribution,co0094762,False
Filmaktieselskabet Paramount,distribution,co0316507,False
Filmaktieselskapet Paramount,distribution,co1022855,False
Central Motion Picture Exchange,distribution,co0248215,False
MCA/Universal Pictures,distribution,co0026044,True
MCA Home Video,distribution,co0009692,False
MCA Home Video,distribution,co0232947,False
Universal Pictures,distribution,co0005073,True
Shout Select,distribution,co0950058,False
Umbrella Entertainment,distribution,co0122766,False
Paramount Pictures,production,co0023400,True
Metropolitan Opera Association,miscellaneous,co0084257,False
Western Electric,miscellaneous,co0033842,False
