company_name,company_type,imdb_id
Columbia Pictures,distribution,co0050868
Columbia-EMI-Warner,distribution,co0106070
Columbia Films of India,distribution,co0215257
Columbia International Films,distribution,co0302174
Columbia Pictures Mexico,distribution,co0115734
Columbia Pictures,distribution,co0877032
Columbia Pictures of Argentina,distribution,co0221123
Columbia-Fox,distribution,co0025186
Columbia-Warner Filmes de Portugal,distribution,co0438107
Fox Columbia Film Distributors,distribution,co0629458
Hoyts Distribution,distribution,co0050640
Warner Bros.,distribution,co0002663
Warner-Columbia Film,distribution,co0214905
Warner-Columbia Films,distribution,co0372744
Warner-Columbia Films,distribution,co0176140
Warner-Columbia Filmverleih,distribution,co0118308
Columbia Pictures Home Entertainment,distribution,co0051419
American Broadcasting Company (ABC),distribution,co0037052
RCA/Columbia Pictures Home Video,distribution,co0070977
Antenne 2 (A2),distribution,co0530809
TF1,distribution,co0028766
TV3,distribution,co0102029
Columbia TriStar Home Video,distribution,co0001850
Egmont Film,distribution,co0031483
Columbia TriStar Home Video,distribution,co0751613
Columbia TriStar Home Entertainment,distribution,co0853923
Columbia TriStar Home Entertainment,distribution,co0127120
Columbia TriStar Home Entertainment,distribution,co0213457
Egmont Entertainment,distribution,co0135306
Nordisk Film,distribution,co0137854
Sony Pictures Home Entertainment,distribution,co0137851
Sony Pictures Home Entertainment,distribution,co0185481
Universal Pictures,distribution,co0005073
Nelonen,distribution,co0029644
Cinema Club,distribution,co0119590
LK-TEL,distribution,co0003327
ETV (Eesti Televisioon),distribution,co0089382
Umbrella Entertainment,distribution,co0122766
HBO Max,distribution,co0754095
Pluto TV,distribution,co0545791
The Criterion Channel,distribution,co0804141
Columbia TriStar Home Entertainment,distribution,co0170439
Columbia TriStar Home Video,distribution,co0189864
LK-TEL Vídeo,distribution,co0137250
R-Video,distribution,co0214149
RCA/Columbia Pictures International Video,distribution,co0128198
RCA/Columbia-Hoyts Home Video,distribution,co0057923
VTC-Video,distribution,co0215585
Columbia Pictures,production,co0050868
Stanley Jaffe Production,production,co0267691
Trans Audio,miscellaneous,co0268508
Joy Todd Casting,miscellaneous,co0026452
Camera Mart,miscellaneous,co0028623
Computer Opticals,miscellaneous,co0080342
The New York City Mayor's Office for Motion Picture Production,miscellaneous,co0284763
Davis & Long Company,miscellaneous,co0589045
Descriptive Video Works,miscellaneous,co0321535
International Alliance of Theatrical Stage Employees (IATSE),miscellaneous,co0190210
Murray Weissman and Associates,miscellaneous,co0160895
Panavision,miscellaneous,co0041930
Technicolor,miscellaneous,co0065861
