company_name,company_type,imdb_id
United Artists,distribution,co0026841
United Artists (A-Asia),distribution,co0663286
Magnetic Video,distribution,co0089127
Kommunenes Filmcentral (KF),distribution,co0015327
Les Artistes Associés,distribution,co0289659
Rank Filmes de Portugal,distribution,co0110676
United Artists,distribution,co0809114
United Artists,distribution,co0836474
United Artists,distribution,co0103797
United Artists,distribution,co1104326
United Artists de Mexico,distribution,co0365386
United Artists,distribution,co0809203
CBS/Fox,distribution,co0007496
Warner Home Video,distribution,co0006383
Warner Home Video,distribution,co0934836
CBS,distribution,co0070627
Audio Visual Enterprises,distribution,co0006126
Columbus Film,distribution,co0016688
Fazer Musiikki Oy/Fazer Video,distribution,co0127113
Scanvideo,distribution,co0185825
Tocantins,distribution,co0090048
Warner Home Video,distribution,co0918687
Warner Home Video,distribution,co0189793
Yleisradio (YLE),distribution,co0013526
Antenne 2 (A2),distribution,co0530809
MGM/UA Home Entertainment,distribution,co0001770
The Criterion Collection,distribution,co0044076
Philips,distribution,co0079136
Mainostelevisio (MTV3),distribution,co0069920
Warner Home Video,distribution,co0059995
Chapel Distribution,distribution,co0258711
MGM Home Entertainment,distribution,co0015461
20th Century Fox Home Entertainment,distribution,co0751509
MGM Home Entertainment,distribution,co1085333
Egmont Entertainment,distribution,co0135306
FS Film,distribution,co0363592
Gativideo,distribution,co0044350
Filmmuseum Distributie,distribution,co0005178
20th Century Fox Home Entertainment,distribution,co0918688
Sony Pictures Home Entertainment,distribution,co0137851
Cinema Mondo,distribution,co0051199
Park Circus,distribution,co0130598
20th Century Fox Home Entertainment,distribution,co0010224
Metro-Goldwyn-Mayer (MGM),distribution,co0007143
Odeon,distribution,co0000689
Canvas,distribution,co0136706
Eye Film Institute,distribution,co0296721
Paramount Channel,distribution,co0796240
The Criterion Channel,distribution,co0804141
Warner Bros. Home Entertainment,distribution,co0200179
Park Circus,distribution,co0480858
Pluto TV,distribution,co0545791
SBS Viceland,distribution,co0677886
Chartoff-Winkler Productions,production,co0054262
Big Fights,miscellaneous,co0093586
Capitol Records,miscellaneous,co0021734
Cinema Catering,miscellaneous,co0007079
Dolby Stereo,miscellaneous,co0389069
EFX Unlimited,miscellaneous,co0116915
Independent Casting,miscellaneous,co0068521
International Alliance of Theatrical Stage Employees (IATSE),miscellaneous,co0190210
Modern Film Effects,miscellaneous,co0137074
Movie Magic,miscellaneous,co0130144
Sylvia Fay Casting,miscellaneous,co0119132
Sylvia Fay/Lee Genick & Associates Casting,miscellaneous,co0182812
