company_name,company_type,imdb_id,is_major_studio
Columbia Pictures,distribution,co0050868,True
Columbia Pictures of Canada,distribution,co0130303,True
Columbia Pictures Corporation,distribution,co0108852,True
Greater Australasian Films,distribution,co0990046,False
Columbia Pictures do Brasil,distribution,co0014351,True
Columbia Film A. B.,distribution,co0805428,False
Medal Film Exchange,distribution,co0666948,False
Columbia Pictures de Cuba,distribution,co0218288,True
Christiaan van der Ree,distribution,co0213714,False
Columbia Films S. A.,distribution,co0282638,False
Columbia Pictures,distribution,co0877032,True
Croeze en Bosman,distribution,co0304108,False
Kamera Film Aktieselskap,distribution,co0237820,False
Kosmos-Filmi,distribution,co0190002,False
Consorzio Cinematografico,distribution,co0862584,False
Adlon Filmi,distribution,co0207566,False
Screen Gems,distribution,co0010568,False
Yleisradio (YLE),distribution,co0013526,False
Warner-Columbia Films,distribution,co0176140,False
Columbia Pictures Television Distribution,distribution,co0232238,True
RCA/Columbia-Hoyts Home Video,distribution,co0057923,False
Columbia TriStar Home Video,distribution,co0001850,False
RCA/Columbia Pictures Home Video,distribution,co0070977,True
Sony Pictures Releasing,distribution,co0052145,True
Columbia TriStar Home Entertainment,distribution,co0127120,False
Egmont Entertainment,distribution,co0135306,False
Sony Pictures Home Entertainment,distribution,co0137851,True
Columbia TriStar Home Entertainment,distribution,co0170439,False
Umbrella Entertainment,distribution,co0122766,False
The Criterion Channel,distribution,co0804141,False
The Criterion Collection,distribution,co0044076,False
HBO Max,distribution,co0754095,False
Eén,distribution,co0148057,False
Park Circus,distribution,co0480858,False
Columbia Tri Star,distribution,co0890192,False
VideoVisa,distribution,co0149423,False
Columbia Pictures,production,co0050868,True
Motion Picture Producers and Distributors Association of America,miscellaneous,co0439586,False
Western Electric,miscellaneous,co0033842,False
