company_name,company_type,imdb_id
Embrafilme,distribution,co0064075
Island Pictures,distribution,co0011996
Europafilm,distribution,co0002826
Hoyts Distribution,distribution,co0050640
Hungry Eye Pictures,distribution,co0024656
Palace Pictures,distribution,co0103598
Pan-Canadian Film Distributors,distribution,co0053651
Svensk Filmindustri (SF),distribution,co0050989
Artisti Associati (II),distribution,co0014347
Concorde Filmverleih,distribution,co0012770
CBS/Fox Home Video,distribution,co0042311
Charter Entertainment,distribution,co0020450
Cineplex-Odeon Home Video,distribution,co0088050
MCA Home Video,distribution,co0009692
Twentieth Century Fox Home Entertainment,distribution,co0189783
CBS Electronics,distribution,co0248464
Cinéma Plus,distribution,co0004628
The Movie Channel,distribution,co0670488
Carolco Television,distribution,co0719255
PolyGram Video,distribution,co0044762
Worldvision Enterprises,distribution,co0080243
City Lights Home Entertainment,distribution,co0041534
City Lights Pictures,distribution,co0079177
Independent Cinema Restoration Archive,distribution,co0076522
Strand Releasing,distribution,co0035339
Kinokuniya,distribution,co0002084
Umbrella Entertainment,distribution,co0122766
Concorde Home Entertainment,distribution,co0003079
Future Film,distribution,co0079555
The Criterion Channel,distribution,co0804141
HB Filmes,production,co0094452
FilmDallas Pictures,production,co0028528
Sound One Corporation,miscellaneous,co0051002
Saul Zaentz Film Center,miscellaneous,co0032617
JDH Sound,miscellaneous,co0110578
Film Link International Inc.,miscellaneous,co0079649
FilmDallas Pictures,miscellaneous,co0028528
Independent Cinema Restoration Archive,miscellaneous,co0076522
Island Records,miscellaneous,co0016969
MGM Laboratories,miscellaneous,co0178828
Movie Magic,miscellaneous,co0130144
Nosso Estudio,miscellaneous,co0300563
Sugarloaf Films Inc.,miscellaneous,co0020464
TVC Studio,miscellaneous,co0300550
