company_name,company_type,imdb_id
RKO Radio Pictures,distribution,co0041421
RKO Distributing Corporation of Canada,distribution,co0786380
RKO Radio Pictures,distribution,co0119009
RKO Pictures (Australasia),distribution,co0786630
Filmituonti,distribution,co0043139
R.K.O. Radio Films,distribution,co0878304
RKO Radio Pictures S.A.,distribution,co0787886
Motion Picture Export Association (MPEA),distribution,co0311878
Przedsiebiorstwo Panstwowe Film Polski,distribution,co0022852
RKO Radio Films,distribution,co0216147
C&C Television Corporation,distribution,co0101891
Atlas Film,distribution,co0221908
Lii-Filmi,distribution,co0193704
Yleisradio (YLE),distribution,co0013526
TF1,distribution,co0028766
RKO Home Video,distribution,co0052638
Heron Home Entertainment,distribution,co0177169
Compagnie Internationale de Communication,distribution,co0253373
Turner Home Entertainment,distribution,co0093282
Éditions Montparnasse,distribution,co0088082
Warner Home Vidéo,distribution,co0101941
Buena Vista Home Entertainment,distribution,co0049546
DHE Castle,distribution,co0197811
Kinowelt Home Entertainment,distribution,co0019532
Universal Pictures,distribution,co0105063
ARTE,distribution,co0014456
Research Entertainment,distribution,co0572515
MGM Home Entertainment,distribution,co0015461
Warner Home Video,distribution,co0059995
Le Monde,distribution,co0015745
Pan Vision,distribution,co0397646
Future Film,distribution,co0079555
BBC Two,distribution,co0234496
Warner Bros. Home Entertainment,distribution,co0705983
El 9 Besepi S.L.,distribution,co0895662
Summer Classics,distribution,co0759562
Central Motion Picture Exchange,distribution,co0248215
Image Entertainment,distribution,co0013585
NHK BS1,distribution,co0732045
NHK Kyôiku,distribution,co0215128
NHK Sôgô,distribution,co0211950
Nova Home Video,distribution,co0067918
Rosenbergs Filmbyrå,distribution,co0217669
VidAmerica,distribution,co0051030
Vídeo Mercury Films,sales,co0065376
RKO Radio Pictures,production,co0041421
David O. Selznick Productions Inc.,miscellaneous,co0166374
RCA,miscellaneous,co0179360
Studios de Neuilly,miscellaneous,co0150707
