company_name,company_type,imdb_id
United Artists,distribution,co0026841
United Artists,distribution,co0103797
British Empire Films Australia,distribution,co0132853
Sandrew Film & Teater,distribution,co0139598
United Artists,distribution,co0809114
United Artists,distribution,co0836474
United Artists,distribution,co0808157
Kommunenes Filmcentral (KF),distribution,co0015327
Nova Film,distribution,co0304136
Pinema,distribution,co0137855
United Artists Corporation,distribution,co0799090
Home Box Office (HBO),distribution,co0008693
United Artists Television,distribution,co0011888
United Artists,distribution,co0837516
National Broadcasting Company (NBC),distribution,co0072315
Thorn EMI Video,distribution,co0092912
Thorn EMI,distribution,co0106017
MGM/UA Entertainment Company,distribution,co0110106
MGM/UA Television Distribution,distribution,co0431795
MTC Video,distribution,co0028195
Thorn EMI Video Australia,distribution,co0076331
Thorn EMI Video,distribution,co0185211
Thorn EMI/HBO Video,distribution,co0031966
Cannon Screen Entertainment,distribution,co0282170
Cannon Video,distribution,co0118502
HBO/Cannon Video,distribution,co0114708
Transeuropa Video Entertainment (TVE),distribution,co0002974
Warner Home Video,distribution,co0934836
Warner Home Video,distribution,co0094779
Concorde Film,distribution,co0051881
Thorn-Emi Video,distribution,co0184132
HBO Video,distribution,co0248784
Home Box Office Home Video (HBO),distribution,co0077623
Parkfield Entertainment,distribution,co0106172
Warner Home Vidéo,distribution,co0101941
Weintraub Entertainment Group,distribution,co0062678
Weintraub Entertainment,distribution,co0139453
Ústrední Pujcovna Filmu,distribution,co0114700
Videomax,distribution,co0357598
Braveworld,distribution,co0106106
Lumiere Pictures,distribution,co0122581
Republic Pictures Home Video,distribution,co0075944
Yleisradio (YLE),distribution,co0013526
Transmundo Films,distribution,co0027133
4 Front Video,distribution,co0106083
PolyGram Video,distribution,co0106035
Transmundo Home Video (THV),distribution,co0040022
Warner Home Video,distribution,co0059995
Warner Bros. Pictures Mexico,distribution,co0158349
United Video,distribution,co0151294
Warner Home Video,distribution,co0006383
Warner Home Video,distribution,co0918687
Warner Home Video,distribution,co1017479
Warner Home Video,distribution,co0087314
Warner Home Video,distribution,co0504146
Warner Home Video,distribution,co0077674
Warner Home Vídeo,distribution,co0089683
Condor Vídeo,distribution,co0081224
Sandrews,distribution,co0077687
Warner Home Video,distribution,co0189793
Sandrew Metronome Distribution,distribution,co0050310
Aquarius TV,distribution,co0153714
Argentina Video Home,distribution,co0031085
Prem'er Video Fil'm,distribution,co0095832
Eye Film Institute,distribution,co0296721
HBO Max,distribution,co0754095
Trianon,distribution,co0582767
Inoekino,distribution,co0724835
Most Video,distribution,co0014233
NITV,distribution,co0313754
Pioneer Entertainment,distribution,co0041945
Fantasy Films,production,co0066949
N.V. Zvaluw,production,co0046377
National Broadcasting Company (NBC),miscellaneous,co0072315
Fantasy Films,miscellaneous,co0066949
International Alliance of Theatrical Stage Employees (IATSE),miscellaneous,co0190210
Panavision,miscellaneous,co0041930
Republic Pictures,miscellaneous,co0020540
Saul Zaentz Film Center,miscellaneous,co0032617
THX Ltd.,miscellaneous,co0131611
