company_name,company_type,imdb_id
United Artists,distribution,co0026841
United Artists,distribution,co0103797
Nova Film,distribution,co0304136
Kommunenes Filmcentral (KF),distribution,co0015327
CBS,distribution,co0070627
CBS/Fox,distribution,co0007496
MGM Home Entertainment,distribution,co0015461
MGM/UA Home Entertainment,distribution,co0001770
Warner Home Video,distribution,co0059995
ARTE,distribution,co0014456
TGG Direct,distribution,co0250510
7Two,distribution,co0381911
Kino Lorber,distribution,co0291948
United Artists Films,distribution,co0839161
Explosive-Media,distribution,co0388223
MTV3,distribution,co1039885
Yleisradio (YLE),distribution,co0013526
Elmer Gantry Productions,production,co0016391
International Alliance of Theatrical Stage Employees (IATSE),miscellaneous,co0190210
MGM Home Entertainment,miscellaneous,co0015461
Solters & Digney,miscellaneous,co0130701
