company_name,company_type,imdb_id
Twentieth Century Fox,distribution,co0000756
Fox Films,distribution,co0373088
Twentieth Century Fox Film Company,distribution,co0053239
Twentieth Century-Fox,distribution,co0862964
Centfox-Film,distribution,co0137255
Central Motion Picture Exchange,distribution,co0248215
American Broadcasting Company (ABC),distribution,co0037052
Magnetic Video,distribution,co0089127
CBS/Fox,distribution,co0007496
Key Video,distribution,co0021293
Fox Video,distribution,co0017628
20th Century Fox Home Entertainment,distribution,co0010224
20th Century Fox Home Entertainment,distribution,co0297163
Works Editora,distribution,co0127111
Twilight Time,distribution,co0478467
Eureka Entertainment,distribution,co0187355
CBS/Fox Home Video,distribution,co0042311
The Criterion Channel,distribution,co0804141
Tocantins,distribution,co0090048
Twentieth Century Fox,production,co0000756
