company_name,company_type,imdb_id
Columbia Pictures,distribution,co0050868
Columbia Pictures of Canada,distribution,co0130303
Columbia Pictures Corporation,distribution,co0108852
Greater Australasian Films,distribution,co0990046
Columbia Pictures do Brasil,distribution,co0014351
Columbia Film A. B.,distribution,co0805428
Medal Film Exchange,distribution,co0666948
Columbia Pictures de Cuba,distribution,co0218288
Christiaan van der Ree,distribution,co0213714
Columbia Films S. A.,distribution,co0282638
Columbia Pictures,distribution,co0877032
Croeze en Bosman,distribution,co0304108
Kamera Film Aktieselskap,distribution,co0237820
Kosmos-Filmi,distribution,co0190002
Consorzio Cinematografico,distribution,co0862584
Adlon Filmi,distribution,co0207566
Screen Gems,distribution,co0010568
Yleisradio (YLE),distribution,co0013526
Warner-Columbia Films,distribution,co0176140
Columbia Pictures Television Distribution,distribution,co0232238
RCA/Columbia-Hoyts Home Video,distribution,co0057923
Columbia TriStar Home Video,distribution,co0001850
RCA/Columbia Pictures Home Video,distribution,co0070977
Sony Pictures Releasing,distribution,co0052145
Columbia TriStar Home Entertainment,distribution,co0127120
Egmont Entertainment,distribution,co0135306
Sony Pictures Home Entertainment,distribution,co0137851
Columbia TriStar Home Entertainment,distribution,co0170439
Umbrella Entertainment,distribution,co0122766
The Criterion Channel,distribution,co0804141
The Criterion Collection,distribution,co0044076
HBO Max,distribution,co0754095
Eén,distribution,co0148057
Park Circus,distribution,co0480858
Columbia Tri Star,distribution,co0890192
VideoVisa,distribution,co0149423
Columbia Pictures,production,co0050868
Motion Picture Producers and Distributors Association of America,miscellaneous,co0439586
Western Electric,miscellaneous,co0033842
