company_name,company_type,imdb_id,is_major_studio
Twentieth Century Fox,distribution,co0000756,False
Twentieth Century Fox Film Company,distribution,co0053239,False
Twentieth Century Fox,distribution,co0937473,False
Fox-Stockholm Film Distribution,distribution,co0221636,False
Filmes Castello Lopes,distribution,co0049459,False
American Broadcasting Company (ABC),distribution,co0037052,False
20th Century Fox Argentina,distribution,co0007180,True
CBS/Fox Video,distribution,co0212901,False
CBS/Fox,distribution,co0007496,False
CBS / Fox Video,distribution,co0266215,False
CBS/Fox,distribution,co0094754,False
Abril Vídeo,distribution,co0057299,False
Twentieth Century Fox Home Entertainment,distribution,co0189783,False
Fox Video,distribution,co0017628,False
20th Century Fox Home Entertainment,distribution,co0010224,True
20th Century Fox Home Entertainment,distribution,co0280047,True
Action Cinémas,distribution,co0368903,False
20th Century Fox Home Entertainment,distribution,co0150813,True
Concorde Home Entertainment,distribution,co0003079,False
20th Century Fox India,distribution,co0092296,True
City Film,distribution,co0048050,False
Fox Columbia Film Distributors,distribution,co0629458,False
CBS/Fox Home Video,distribution,co0042311,False
Twentieth Century Fox,production,co0000756,False
Panavision,miscellaneous,co0041930,False
The Alabama Film Commission,miscellaneous,co0147652,False
