company_name,company_type,imdb_id,is_major_studio
Metro-Goldwyn-Mayer (MGM),distribution,co0007143,True
Regal Films,distribution,co0066800,False
Metro-Goldwyn-Mayer (MGM),distribution,co0811496,True
Metro Goldwyn Mayer,distribution,co0629989,False
Metro-Goldwyn-Mayer (MGM),distribution,co0811498,True
Metro-Goldwyn-Mayer (MGM),distribution,co0824157,True
M.P.E.A.,distribution,co0253625,False
MGM/UA Home Entertainment,distribution,co0001770,True
NHK-BS2,distribution,co0199367,False
Warner Home Video,distribution,co0087314,False
Warner Home Video,distribution,co0059995,False
Topanga Canyon Films,distribution,co0775977,False
Pidax Film,distribution,co0239092,False
Metro-Goldwyn-Mayer (MGM),production,co0007143,True
Turner Entertainment,miscellaneous,co0183824,False
