company_name,company_type,imdb_id,is_major_studio
Warner Bros.,distribution,co0002663,True
Vitagraph Limited,distribution,co0773608,False
Warner Brothers Pictures,distribution,co0812621,False
Warner Brothers First National Films,distribution,co0535067,False
Warner Bros. Pictures,distribution,co0498895,True
Warner Bros.-First National S.A.E.,distribution,co0780034,True
Warner Bros First National,distribution,co0301198,True
Warner Bros. First National Films,distribution,co0350637,True
Warner Bros.,distribution,co0134706,True
Associated Artists Productions (AAP),distribution,co0083858,False
Dominant Pictures Corporation,distribution,co0001088,False
CBS/Fox,distribution,co0007496,False
Warner Home Video,distribution,co0142160,False
MGM Home Entertainment,distribution,co0015461,True
MGM/UA Home Entertainment,distribution,co0001770,True
Warner Home Video,distribution,co0059995,False
Critics' Choice Video,distribution,co0010770,False
Schröder Media,distribution,co0241677,False
Jeunesse kikaku,distribution,co0557233,False
Key Video,distribution,co0021293,False
NHK-BS2,distribution,co0199367,False
RCA (II),distribution,co0036219,False
Warner Bros.,production,co0002663,True
International Alliance of Theatrical Stage Employees (IATSE),miscellaneous,co0190210,False
Motion Picture Producers and Distributors Association of America,miscellaneous,co0439586,False
RCA Sound System,miscellaneous,co0248653,False
Turner Entertainment,miscellaneous,co0183824,False
Warner Home Video,miscellaneous,co0059995,False
