company_name,company_type,imdb_id
United Artists,distribution,co0026841
United Artists,distribution,co0103797
Nova Film,distribution,co0304136
Kommunenes Filmcentral (KF),distribution,co0015327
CBS/Fox,distribution,co0007496
MGM/UA Home Entertainment,distribution,co0001770
Warner Home Video,distribution,co0059995
MGM Home Entertainment,distribution,co0015461
Kino Lorber,distribution,co0291948
9Gem,distribution,co0781000
Epoca,distribution,co0110063
FS Film,distribution,co0363592
MGM/UA Communications Co.,distribution,co0312972
Hecht-Hill-Lancaster Productions,production,co0083880
Clifton Productions,production,co0017534
Westrex Recording System,miscellaneous,co0001880
