company_name,company_type,imdb_id
Columbia Pictures,distribution,co0050868
Columbia Pictures Corporation,distribution,co0108852
Columbia Film,distribution,co0219440
Columbia Film-Verleih,distribution,co0095798
Columbia International Films,distribution,co0302174
Columbia Pictures Proprietary,distribution,co0215212
Columbia Pictures,distribution,co0807814
Columbia Pictures of Argentina,distribution,co0221123
Kamera,distribution,co0617436
Columbia C.E.I.A.D.,distribution,co0092241
Columbia Filmes,distribution,co0108003
Columbia Films S. A.,distribution,co0282638
Columbia Films,distribution,co0176177
Columbia Films,distribution,co0031545
Columbia Films of India,distribution,co0215257
Sony Pictures Releasing,distribution,co0110101
Sony Pictures Releasing,distribution,co0145664
American Broadcasting Company (ABC),distribution,co0037052
France 3,distribution,co0061460
RCA/Columbia Pictures Home Video,distribution,co0070977
Gaumont-Columbia-RCA (GCR),distribution,co0159180
RCA/Columbia Pictures International Video,distribution,co0128198
RCA/Columbia-Hoyts Home Video,distribution,co0057923
VTC-Video,distribution,co0215585
RCA/Columbia Pictures Home Video,distribution,co0117466
Cinema Club,distribution,co0119590
Columbia TriStar Home Video,distribution,co0001850
VCI Distribution,distribution,co0103963
Video Collection International,distribution,co0106096
Gaumont/Columbia TriStar Home Video,distribution,co0108034
Yleisradio (YLE),distribution,co0013526
Columbia TriStar Home Video,distribution,co0045926
Columbia TriStar Home Entertainment,distribution,co0127120
Columbia TriStar Home Entertainment,distribution,co0393411
Columbia TriStar Home Entertainment,distribution,co0098048
LK-TEL,distribution,co0003327
Nordisk Film,distribution,co0114003
Sony Pictures Television,distribution,co0086397
4 Front Video,distribution,co0106083
Channel 4 Video,distribution,co0106289
Columbia TriStar Home Entertainment,distribution,co0115429
Universal Pictures,distribution,co0005073
Sony Pictures Television International,distribution,co0095398
Sony Pictures Home Entertainment,distribution,co0137851
Sony Pictures Home Entertainment,distribution,co0769046
Shock DVD,distribution,co0175000
Shock Entertainment,distribution,co0192031
Shock,distribution,co0153926
Columbia Pictures,distribution,co0897405
Egmont Entertainment,distribution,co0135306
LK-TEL Vídeo,distribution,co0137250
NHK-BS2,distribution,co0199367
Showtime Video,distribution,co0087627
Sony Pictures Releasing,distribution,co0052145
The Criterion Channel,distribution,co0804141
Columbia Pictures,production,co0050868
Rastar Productions,production,co0066604
Technicolor,miscellaneous,co0065861
Panavision,miscellaneous,co0041930
Columbia Records,miscellaneous,co0064761
Reiss & Fabrizio,miscellaneous,co0003568
International Alliance of Theatrical Stage Employees (IATSE),miscellaneous,co0190210
Lepard/Neuhart,miscellaneous,co0000673
Chace Productions,miscellaneous,co0367770
Chapman/Leonard Studio Equipment,miscellaneous,co0008022
Cineric,miscellaneous,co0041530
MTI Film,miscellaneous,co0346451
Rastar Productions,miscellaneous,co0066604
Solters & Digney,miscellaneous,co0130701
Sony Pictures Releasing,miscellaneous,co0026545
