company_name,company_type,imdb_id
Paramount Pictures,distribution,co0023400
Paramount Film Service,distribution,co0754555
Paramount British Pictures,distribution,co0074341
Paramount Film Service,distribution,co0316662
Paramount Films of Argentina,distribution,co0866247
Film AB Paramount,distribution,co0220414
Paramount-Films,distribution,co0184442
Filmaktieselskapet Paramount,distribution,co1022855
Filmaktieselskabet Paramount,distribution,co0316507
M.P.E.A.,distribution,co0253625
M.P.E.A.,distribution,co0234054
MCA/Universal Pictures,distribution,co0026044
MCA/Universal Home Video,distribution,co0060214
Odeon Entertainment,distribution,co0159739
Colecione Clássicos,distribution,co0482300
The Criterion Channel,distribution,co0804141
Paramount Pictures,production,co0023400
