company_name,company_type,imdb_id
Warner Bros.,distribution,co0002663
Warner Bros. Continental Films,distribution,co0028883
Dominant Pictures Corporation,distribution,co0001088
20th Century Fox Video,distribution,co0605838
CBS/Fox,distribution,co0007496
MGM/UA Home Entertainment,distribution,co0001770
MGM Home Entertainment,distribution,co0015461
Chapel Distribution,distribution,co0258711
Warner Home Video,distribution,co0059995
Warner Home Vidéo,distribution,co0101941
Motion Picture Export Association (MPEA),distribution,co0311878
Sociedade Importadora de Filmes (SIF),distribution,co0022305
Epoca,distribution,co0110063
HBO Max,distribution,co0754095
RCA (II),distribution,co0036219
The Criterion Collection,distribution,co0044076
Warner Bros.,production,co0002663
International Alliance of Theatrical Stage Employees (IATSE),miscellaneous,co0190210
Motion Picture Producers and Distributors Association of America,miscellaneous,co0439586
RCA,miscellaneous,co0179360
