company_name,company_type,imdb_id,is_major_studio
Buena Vista Distribution Company,distribution,co1085150,False
Buena Vista International,distribution,co0916747,False
Rank Film Distributors Holland,distribution,co0402749,False
Buena Vista International Mexico,distribution,co0121807,False
Buena Vista International,distribution,co0958910,False
Metro Goldwyn Mayer,distribution,co0629989,False
Sociedade Importadora de Filmes (SIF),distribution,co0022305,False
Suomi-Filmi,distribution,co0006373,False
Triangel Produksjon A/S,distribution,co0022195,False
Walt Disney Filmverleih,distribution,co0306723,True
Walt Disney Productions,distribution,co0251885,True
British Empire Films Australia,distribution,co0132853,False
20th Century Fox,distribution,co0952616,True
Home Box Office (HBO),distribution,co0008693,False
RCA SelectaVision VideoDiscs,distribution,co0109029,False
CBS,distribution,co0070627,False
BBC One,distribution,co0234667,False
Disney Channel,distribution,co0022105,False
Walt Disney Home Video,distribution,co0039330,True
Gativideo,distribution,co0044350,False
Rai 1,distribution,co0042527,False
Walt Disney Home Video,distribution,co0108188,True
Abril Vídeo,distribution,co0057299,False
Walt Disney Home Video,distribution,co0472915,True
Buena Vista International,distribution,co0966487,False
VideoVisa,distribution,co0149423,False
Buena Vista Television,distribution,co0078478,False
Buena Vista International,distribution,co0967209,False
TBS Superstation,distribution,co0183474,False
Imperial Entertainment Home Video,distribution,co0800972,False
The WB Television Network,distribution,co0077535,False
Walt Disney Home Video,distribution,co0406107,True
Warner Home Video,distribution,co0059995,False
Buena Vista International,distribution,co0123419,False
Walt Disney Home Entertainment,distribution,co0087337,True
Buena Vista Home Entertainment,distribution,co1033923,False
Walt Disney Home Entertainment,distribution,co0774695,True
ABC Family,distribution,co0050794,False
Walt Disney Studios Home Entertainment,distribution,co0229306,True
Disney DVD,distribution,co0595325,False
Walt Disney Studios Home Entertainment,distribution,co0292142,True
Walt Disney Studios Home Entertainment,distribution,co0298029,True
Moviemax Family,distribution,co0569809,False
Walt Disney Studios Home Entertainment,distribution,co1042820,True
Walt Disney Studios Home Entertainment,distribution,co0244964,True
American Broadcasting Company (ABC),distribution,co0037052,False
Disney-ABC Domestic Television,distribution,co0213225,False
Net5,distribution,co0115441,False
Eén,distribution,co0148057,False
Disney+,distribution,co0721120,False
Freeform,distribution,co0571670,False
Disney+,distribution,co1132014,False
Walt Disney Home Video,distribution,co0405683,True
Walt Disney Productions,production,co0098836,True
C.D.C.,miscellaneous,co0175651,False
Fono Roma,miscellaneous,co0068110,False
International Alliance of Theatrical Stage Employees (IATSE),miscellaneous,co0190210,False
Lucasfilm THX,miscellaneous,co0366376,False
RCA,miscellaneous,co0179360,False
THX Ltd.,miscellaneous,co0131611,False
Technicolor,miscellaneous,co0065861,False
Walt Disney Animation Studios,miscellaneous,co0074039,True
Western Costume Company,miscellaneous,co0054834,False
