company_name,company_type,imdb_id
Twentieth Century Fox,distribution,co0000756
Fox-Rank,distribution,co0106045
Fox-Lira,distribution,co0029000
MGM-Fox,distribution,co0615541
American Broadcasting Company (ABC),distribution,co0037052
Key Video,distribution,co0021293
CBS/Fox,distribution,co0007496
20th Century Fox Home Entertainment,distribution,co0010224
Filmes Castello Lopes,distribution,co0049459
CBS/Fox Home Video,distribution,co0042311
Fox Video Japan,distribution,co0442630
NHK Kyôiku,distribution,co0215128
NHK-BS2,distribution,co0199367
Schröder Media,distribution,co0241677
Twentieth Century Fox,production,co0000756
International Alliance of Theatrical Stage Employees (IATSE),miscellaneous,co0190210
Marion Dougherty Associates,miscellaneous,co0016228
Pacific Title,miscellaneous,co0001256
Panavision,miscellaneous,co0041930
Twentieth Century Fox,miscellaneous,co0000756
Westrex Recording System,miscellaneous,co0001880
