company_name,company_type,imdb_id,is_major_studio
Universal Pictures,distribution,co0005073,True
Empire Universal Films,distribution,co0107978,False
General Film Distributors (GFD),distribution,co0105971,False
Universal Pictures Proprietary,distribution,co0219586,True
Société Anonyme Universal-Film,distribution,co0755211,False
Universal Film,distribution,co0251089,False
Universal Films Argentina,distribution,co0215230,False
Universal Film,distribution,co0666801,False
Filmiseppo,distribution,co0011979,False
Universal Filmverleih,distribution,co0241799,False
Mundus Television,distribution,co0769033,False
Budd Rogers Releasing Corporation,distribution,co0033417,False
National Telefilm Associates (NTA),distribution,co0054771,False
Yleisradio (YLE),distribution,co0013526,False
Republic Pictures Home Video,distribution,co0075944,False
Republic Pictures,distribution,co0020540,False
Malofilm Home Video,distribution,co0024706,False
Worldvision Enterprises,distribution,co0080243,False
Artisan Entertainment,distribution,co0014903,False
Paramount Television,distribution,co0053559,False
Olive Films,distribution,co0128842,False
Filmjuwelen,distribution,co0413796,False
MTV Video,distribution,co0361622,False
Rauutukirja,distribution,co0361686,False
Kanin Productions,production,co0351717,False
International Alliance of Theatrical Stage Employees (IATSE),miscellaneous,co0190210,False
Western Electric,miscellaneous,co0033842,False
Republic Entertainment,miscellaneous,co0080718,False
