company_name,company_type,imdb_id
Metro-Goldwyn-Mayer (MGM),distribution,co0007143
Metro-Goldwyn-Mayer (MGM),distribution,co0811496
Metro Goldwyn Mayer,distribution,co0629989
Metro-Goldwyn Mayer (MGM),distribution,co0867930
Metro-Goldwyn-Mayer (MGM),distribution,co0812330
Metro-Goldwyn-Mayer (MGM),distribution,co0819129
Metro-Goldwyn-Mayer (MGM),distribution,co0815526
Metro-Goldwyn-Mayer (MGM),distribution,co0854778
Metro-Goldwyn-Mayer (MGM),distribution,co0976477
Metro-Goldwyn-Mayer (MGM),distribution,co0834362
Metro-Goldwyn-Mayer (MGM),distribution,co0838580
Metro-Goldwyn-Mayer,distribution,co0795735
Metro-Goldwyn-Mayer,distribution,co0813670
Metro-Goldwyn-Mayer de Uruguay,distribution,co0864451
Metro-Goldwyn-Mayer del Peru,distribution,co0865129
Metro Goldwyn Mayer,distribution,co0774691
Metro-Goldwyn-Mayer (MGM),distribution,co0812376
Metro-Goldwyn-Mayer (MGM),distribution,co0811498
Metro-Goldwyn-Mayer,distribution,co0241239
Metro-Goldwyn-Mayer (MGM),distribution,co0824157
Metro-Goldwyn-Mayer,distribution,co0296819
City Filmverhuur - MY,distribution,co0258067
CBS,distribution,co0070627
Cinema International Corporation (CIC),distribution,co0112372
United Artists,distribution,co0026841
Cinema International Corporation (CIC),distribution,co0184431
Cinema International Corporation (CIC),distribution,co0534543
MGM/CBS Home Video,distribution,co0172646
United International Pictures (UIP),distribution,co0327289
MGM/UA Home Entertainment,distribution,co0001770
United International Pictures (UIP),distribution,co0173912
Turner Entertainment,distribution,co0183824
MGM/UA Home Video,distribution,co0892556
Warner Home Video,distribution,co0059995
Warner Bros. Entertainment,distribution,co0080422
Chapel Distribution,distribution,co0258711
Yleisradio (YLE),distribution,co0013526
Warner Bros.,distribution,co0962874
MGM Home Entertainment,distribution,co0015461
Warner Home Video,distribution,co0189793
Warner Home Vídeo,distribution,co0089683
Argentina Video Home,distribution,co0031085
Sandrew Metronome Distribution,distribution,co0050310
Warner Bros. Pictures,distribution,co0498895
Warner Home Video,distribution,co0918687
Warner Home Video,distribution,co0504146
Warner Bros.,distribution,co0307857
BBC2,distribution,co0308047
V8,distribution,co0229081
MTV3,distribution,co1039885
Veronica,distribution,co0023299
Net5,distribution,co0115441
Warner Home Video,distribution,co1017479
Warner Home Video,distribution,co0006383
More4,distribution,co0163162
Warner Home Video,distribution,co0934836
Warner Bros. Pictures,distribution,co0782945
Versión Digital,distribution,co0530565
Warner Home Video,distribution,co0094757
Reel Corporation,distribution,co0163474
Reel DVD,distribution,co0230162
Roadshow Entertainment,distribution,co0152990
Warner Bros. Pictures Mexico,distribution,co0158349
Flash Pictures,distribution,co0418042
MacMahon,distribution,co0520054
Neue Visionen Filmverleih,distribution,co0035199
7flix,distribution,co0776428
ARD TV,distribution,co0852680
ARTE Mediathek,distribution,co0706542
Metro-Goldwyn-Mayer (MGM),production,co0007143
Cannes Film Festival,miscellaneous,co0034345
Chapman/Leonard Studio Equipment,miscellaneous,co0008022
Cinecittà,miscellaneous,co0067980
Danesi Brothers of Rome,miscellaneous,co0087923
International Alliance of Theatrical Stage Employees (IATSE),miscellaneous,co0190210
MGM Camera 65,miscellaneous,co0447314
Panavision,miscellaneous,co0041930
Steinheil,miscellaneous,co0278071
Turner Entertainment,miscellaneous,co0183824
Warner Bros. Entertainment,miscellaneous,co0080422
Westrex Recording System,miscellaneous,co0001880
