company_name,company_type,imdb_id
Cinerama Releasing Corporation,distribution,co0023297
Cinerama Releasing UK,distribution,co0123412
Europafilm,distribution,co0002826
Parafrance Films,distribution,co0023270
TF1,distribution,co0028766
Viacom,distribution,co0077647
Nord Video,distribution,co0534988
CBS/Fox,distribution,co0007496
Star Video,distribution,co0065933
Buena Vista International,distribution,co0000779
Fox Video,distribution,co0017628
MGM Home Entertainment,distribution,co0015461
Kino Lorber,distribution,co0291948
Elan Film,distribution,co0142098
Svensk Filmindustri,distribution,co0319256
Box Collection,distribution,co1053889
Scand Video AB,distribution,co0705947
Selmur Productions,production,co0002839
Robertson and Associates,production,co0019743
ABC Pictures,production,co0056365
International Alliance of Theatrical Stage Employees (IATSE),miscellaneous,co0190210
Westrex Recording System,miscellaneous,co0001880
