company_name,company_type,imdb_id
Tri-Star Pictures,distribution,co0806163
Columbia-EMI-Warner,distribution,co0106070
Warner Bros.,distribution,co0002663
Fox Columbia TriStar Films,distribution,co0628925
Warner-Columbia Film,distribution,co0214905
Warner-Columbia Films,distribution,co0372744
Warner-Columbia Filmverleih,distribution,co0118308
Columbia TriStar Home Video,distribution,co0001850
CBS/Fox,distribution,co0226201
CBS/Fox,distribution,co0007496
Abril Vídeo,distribution,co0057299
CBS/Fox Home Video,distribution,co0042311
CBS/Fox,distribution,co0094754
National Broadcasting Company (NBC),distribution,co0072315
VideoVisa,distribution,co0149423
Disney Channel,distribution,co0022105
Columbia TriStar Home Entertainment,distribution,co0098048
LK-TEL,distribution,co0003327
Columbia TriStar Home Entertainment,distribution,co0182605
Sony Pictures Home Entertainment,distribution,co0769046
Twilight Time,distribution,co0478467
Delphi II Productions,production,co0042549
Tri-Star Pictures,production,co0806163
Helen Uffner Vintage Clothing,miscellaneous,co0087225
International Alliance of Theatrical Stage Employees (IATSE),miscellaneous,co0190210
Panavision,miscellaneous,co0041930
The Optical House,miscellaneous,co0025465
