company_name,company_type,imdb_id
Anglo-Amalgamated Film Distributors,distribution,co0103290
Embassy Pictures,distribution,co0066648
Cocinor,distribution,co0020435
Triangelfilm,distribution,co0023836
Bison Film,distribution,co0263560
Filmes Castello Lopes,distribution,co0049459
Embassy Home Entertainment,distribution,co0087616
Embassy Home Entertainment Australia,distribution,co0579346
Nelson Entertainment,distribution,co0020346
Warner Home Video,distribution,co0059995
Weintraub Entertainment Group,distribution,co0062678
Columbia Pictures Television Distribution,distribution,co0232238
MGM Home Entertainment,distribution,co0015461
Bibliotheque,distribution,co0598720
The Criterion Channel,distribution,co0804141
Herald Eiga,distribution,co0479934
Arthaus,distribution,co0608555
El 9 Besepi S.L.,distribution,co0895662
NHK Sôgô,distribution,co0211950
NHK-BS2,distribution,co0199367
The Criterion Collection,distribution,co0044076
Umbrella Entertainment,distribution,co0122766
Joseph Janni Production,production,co0173772
Vic Films Productions,production,co0132047
Appia Films Ltd.,production,co0155936
