company_name,company_type,imdb_id
Paramount Pictures,distribution,co0023400
Paramount Film Service,distribution,co0754555
Paramount British Pictures,distribution,co0074341
Paramount Film Service,distribution,co0316662
Paramount Films of Argentina,distribution,co0866247
Film AB Paramount,distribution,co0220414
Filmaktieselskapet Paramount,distribution,co1022855
AFEX,distribution,co0189384
Paramount-Film,distribution,co0160099
CBS,distribution,co0070627
TF1,distribution,co0028766
Paramount Home Entertainment,distribution,co0051891
CIC Vídeo,distribution,co0080094
RCA (II),distribution,co0036219
Perlberg-Seaton Productions,production,co0513195
Western Electric,miscellaneous,co0033842
