company_name,company_type,imdb_id,is_major_studio
United Artists,distribution,co0026841,False
United Artists,distribution,co0103797,False
Kommunenes Filmcentral (KF),distribution,co0015327,False
Nova Film,distribution,co0304136,False
CBS,distribution,co0070627,False
MGM/UA Home Entertainment,distribution,co0001770,True
MGM Home Entertainment,distribution,co0015461,True
Mainostelevisio (MTV3),distribution,co0069920,False
Warner Home Video,distribution,co0059995,False
Metro-Goldwyn-Mayer (MGM),distribution,co0007143,True
20th Century Fox Home Entertainment,distribution,co0010224,True
Classicline,distribution,co0101899,False
Kino Lorber,distribution,co0291948,False
Twilight Time,distribution,co0478467,False
Yleisradio (YLE),distribution,co0013526,False
UCM.ONE,distribution,co0682946,False
Epoca,distribution,co0110063,False
Warner Home Vídeo,distribution,co0089683,False
Walter Wanger Productions,production,co0035064,False
International Alliance of Theatrical Stage Employees (IATSE),miscellaneous,co0190210,False
Westrex Recording System,miscellaneous,co0001880,False
