company_name,company_type,imdb_id,is_major_studio
RKO Radio Pictures,distribution,co0041421,False
RKO Radio Pictures,distribution,co0119009,False
RKO Radio Films,distribution,co0413144,False
RKO Radio Pictures Argentina,distribution,co0227201,False
RKO Radio Films,distribution,co0217289,False
RKO Radio Films,distribution,co0647480,False
RKO Radio Films A/S,distribution,co0134686,False
Selznick Releasing Organization,distribution,co0113966,False
American Broadcasting Company (ABC),distribution,co0037052,False
Viacom International,distribution,co0109027,False
Nord Video,distribution,co0534988,False
CBS/Fox,distribution,co0007496,False
Anchor Bay Entertainment,distribution,co0067793,False
Kino Lorber,distribution,co0291948,False
Vanguard Films,production,co0005025,False
Dore Schary Productions,production,co0021635,False
International Alliance of Theatrical Stage Employees (IATSE),miscellaneous,co0190210,False
