company_name,company_type,imdb_id,is_major_studio
Paramount Pictures,distribution,co0023400,True
Paramount British Pictures,distribution,co0074341,False
Paramount Films of Argentina,distribution,co0866247,False
Paramount Films of India,distribution,co0318358,False
Paramount Italiana,distribution,co0160703,False
Paramount Pictures,distribution,co0819892,True
Paramount-Film,distribution,co0160099,False
AFEX,distribution,co0189384,False
Film AB Paramount,distribution,co0220414,False
Paramount,distribution,co0021163,False
Paramount-Films,distribution,co0184442,False
National Broadcasting Company (NBC),distribution,co0072315,False
Yleisradio (YLE),distribution,co0013526,False
Paramount Home Entertainment,distribution,co0051891,False
CIC Victor Video,distribution,co0225291,False
La Cinq (La 5),distribution,co0008958,False
CIC Video,distribution,co0021304,False
Hubei Audio & Video Art Press,distribution,co1005074,False
Filmmuseum Distributie,distribution,co0005178,False
Finnkino,distribution,co0014703,False
First Trading,distribution,co0224397,False
Nelonen,distribution,co0029644,False
PSG,distribution,co0225108,False
Seven Films,distribution,co0075444,False
Universal Pictures Home Entertainment,distribution,co0743251,True
Paramount+,distribution,co0820547,False
Pluto TV,distribution,co0545791,False
Kinomaniak,distribution,co0983047,False
Park Circus,distribution,co0130598,False
Summer Classics,distribution,co0759562,False
ARTE,distribution,co0014456,False
Paramount Channel,distribution,co0796240,False
The Criterion Channel,distribution,co0804141,False
Paramount Pictures,production,co0023400,True
International Alliance of Theatrical Stage Employees (IATSE),miscellaneous,co0190210,False
Berliner Synchron,miscellaneous,co0039270,False
Cinecittà,miscellaneous,co0067980,False
Deluxe Entertainment Services,miscellaneous,co0226376,False
Franstudio,miscellaneous,co0051017,False
Skywalker Sound,miscellaneous,co0072003,False
