company_name,company_type,imdb_id,is_major_studio
Warner Bros.,distribution,co0002663,True
Metro-Goldwyn-Mayer (MGM),distribution,co0007143,True
Columbia-Warner Distributors,distribution,co0110090,False
Roadshow Films,distribution,co0058792,False
Columbia-Warner Filmes de Portugal,distribution,co0438107,False
Warner Bros. Pictures,distribution,co0342489,True
Warner-Columbia Film,distribution,co0214905,False
Warner-Columbia Filmverleih,distribution,co0118308,False
American Broadcasting Company (ABC),distribution,co0037052,False
MGM/CBS Home Video,distribution,co0172646,True
Audio Visual Enterprises,distribution,co0006126,False
Canal+,distribution,co0028557,False
MGM Home Entertainment,distribution,co0015461,True
MGM/UA Home Entertainment,distribution,co0001770,True
Varus Video,distribution,co0091775,False
Warner Home Vídeo,distribution,co0089683,False
Warner Home Video,distribution,co0059995,False
The Criterion Channel,distribution,co0804141,False
Metro-Goldwyn-Mayer (MGM),production,co0007143,True
Warner Bros.,production,co0002663,True
Rastar Pictures,production,co0047780,False
Cinemobile System,miscellaneous,co0068270,False
International Alliance of Theatrical Stage Employees (IATSE),miscellaneous,co0190210,False
Metro-Goldwyn-Mayer (MGM),miscellaneous,co0007143,True
Panavision,miscellaneous,co0041930,False
Turner Entertainment,miscellaneous,co0183824,False
