company_name,company_type,imdb_id
Warner Bros.,distribution,co0002663
Warner Bros. Finland,distribution,co0850083
Warner Bros. Pictures,distribution,co0498895
Warner Bros.,distribution,co0962874
Warner Bros.,distribution,co0826866
Warner-Pathé Distributors,distribution,co0106012
Warner Bros. Film,distribution,co0812966
Warner-Tonefilm,distribution,co0214931
Warner Bros. Pictures Mexico,distribution,co0158349
Warner Bros. Pictures,distribution,co0342489
Canadian Broadcasting Corporation (CBC),distribution,co0045850
National Broadcasting Company (NBC),distribution,co0072315
20th Century Fox Australia,distribution,co0063989
20th Century Fox India,distribution,co0092296
Viacom,distribution,co0077647
Fox Films,distribution,co0174267
TF1,distribution,co0028766
Paramount Television,distribution,co0053559
MGM/CBS Home Video,distribution,co0172646
Yleisradio (YLE),distribution,co0013526
CBS/Fox Home Video,distribution,co0042311
Rete 4,distribution,co0131809
Disney Channel,distribution,co0022105
CBS/Fox,distribution,co0007496
Debmar Studios,distribution,co0206149
NHK-BS2,distribution,co0199367
Twentieth Century Fox,distribution,co0000756
ARTE,distribution,co0014456
Fox Video,distribution,co0017628
CBS Video,distribution,co0176590
Fox Columbia TriStar Films,distribution,co0628925
20th Century Fox Home Entertainment,distribution,co0010224
NHK Kyôiku,distribution,co0215128
Oy Europa Vision AB,distribution,co0127117
VideoVisa,distribution,co0149423
Encore Entertainment,distribution,co0106102
Warner Home Video,distribution,co0059995
Sandrew Metronome Distribution,distribution,co0050310
Warner Home Video,distribution,co0087314
20th Century Fox Home Entertainment,distribution,co0751509
20th Century Fox Home Entertainment,distribution,co0159046
Paramount Home Entertainment,distribution,co0051891
Warner Home Video,distribution,co0918687
Warner Home Video,distribution,co1017479
Warner Home Video,distribution,co0934836
CBS DVD,distribution,co0266490
NHK BS Premium,distribution,co0335122
BY Experience,distribution,co0321248
CBS Home Entertainment,distribution,co0405556
Park Circus,distribution,co0480858
CBS Media Ventures,distribution,co0213710
Paramount Channel,distribution,co0796240
Abril Vídeo,distribution,co0057299
Showtime Video,distribution,co0087627
Warner Home Vídeo,distribution,co0089683
Warner Bros.,production,co0002663
DeLuxe Laboratories,miscellaneous,co0026998
Warner Bros. Studio Services,miscellaneous,co0099922
Goldwyn Sound Facility,miscellaneous,co0094042
Cinesite (Hollywood),miscellaneous,co0052001
Imagica USA Inc.,miscellaneous,co0007021
I.C.E. Negative Cutting,miscellaneous,co0041194
Pacific Title,miscellaneous,co0001256
Eastman Kodak,miscellaneous,co0034646
The Academy of Motion Picture Arts and Sciences Film Archive,miscellaneous,co0214907
Boston Light & Sound,miscellaneous,co0079884
"Four Seasons Hotel, Bevely Hills, LA",miscellaneous,co0175865
Panavision,miscellaneous,co0041930
Pro-Tek Film Preservation Vault,miscellaneous,co0176150
CBS,miscellaneous,co0070627
Chapman/Leonard Studio Equipment,miscellaneous,co0008022
International Alliance of Theatrical Stage Employees (IATSE),miscellaneous,co0190210
Lucasfilm THX / TAP Theater Alignment Program,miscellaneous,co0172511
THX Ltd.,miscellaneous,co0131611
