company_name,company_type,imdb_id,is_major_studio
Metro-Goldwyn-Mayer (MGM),distribution,co0007143,True
Metro-Goldwyn-Mayer,distribution,co0241239,False
MGM Home Entertainment,distribution,co0015461,True
Warner Home Video,distribution,co0094757,False
Warner Home Video,distribution,co0094779,False
Warner Home Video,distribution,co0059995,False
Chapel Distribution,distribution,co0258711,False
CEL-MGM/UA Home Video,distribution,co0884625,True
Metro-Goldwyn-Mayer (MGM),production,co0007143,True
Cooperativa Doppiaggio Cinematografico (CDC) (I) (II),miscellaneous,co0164342,False
MGM Home Entertainment,miscellaneous,co0015461,True
Turner Entertainment,miscellaneous,co0183824,False
