company_name,company_type,imdb_id
United Artists,distribution,co0026841
United Artists,distribution,co0103797
United Artists,distribution,co0809203
Nova Film,distribution,co0304136
Towa.,distribution,co0087687
Rank Filmes de Portugal,distribution,co0110676
American Broadcasting Company (ABC),distribution,co0037052
Zweites Deutsches Fernsehen (ZDF),distribution,co0078814
Radio Télévision Belge Francophone (RTBF),distribution,co0011677
British Broadcasting Corporation (BBC),distribution,co0043107
Evangelische Omroep (EO),distribution,co0002171
MGM Home Entertainment,distribution,co0015461
Warner Home Video,distribution,co0059995
Chapel Distribution,distribution,co0258711
Olive Films,distribution,co0128842
Mary-X Distribution,distribution,co0665058
Wicked-Vision Media,distribution,co0640528
BS Japan,distribution,co0138281
Fox Video Japan,distribution,co0442630
MGM/UA Home Entertainment,distribution,co0001770
MGM/UA Telecommunications,distribution,co0061822
NHK-BS2,distribution,co0199367
Pluto TV,distribution,co0545791
Playfilm Productions,production,co0069690
Film Opticals,specialEffects,co0047593
Descriptive Video Works,miscellaneous,co0321535
Film Opticals,miscellaneous,co0047593
International Alliance of Theatrical Stage Employees (IATSE),miscellaneous,co0190210
MGM/UA Home Communications Group,miscellaneous,co0373431
MGM/UA Home Entertainment Group,miscellaneous,co0373084
