company_name,company_type,imdb_id
Union Générale Cinématographique (UGC),distribution,co0069524
Artificial Eye,distribution,co0053637
Orion Classics,distribution,co0110088
Concorde Film,distribution,co0051881
Columbia TriStar Films de Argentina,distribution,co0003581
Kommunenes Filmcentral (KF),distribution,co0015327
New Vision Films,distribution,co0002359
Concorde Filmverleih,distribution,co0012770
Herald Ace,distribution,co0086452
Vans,distribution,co0036689
Concorde Video,distribution,co0198993
Fox Video,distribution,co0077922
Image Entertainment,distribution,co0013585
Pioneer LDC,distribution,co0054537
Video Omega,distribution,co0022415
Concorde Video,distribution,co0231842
Excalibur Benelux,distribution,co0207362
NHK-BS2,distribution,co0199367
Concorde Home Entertainment,distribution,co0003079
Suevia Films,distribution,co0026113
MGM Home Entertainment,distribution,co0015461
Atlantic Film,distribution,co0182772
Umbrella Entertainment,distribution,co0122766
Video Film Express,distribution,co0068056
Filmarti,distribution,co0432076
IVC,distribution,co0668705
NHK BS Premium,distribution,co0335122
Carlotta Films,distribution,co0037047
The Criterion Channel,distribution,co0804141
A Contracorriente Films,distribution,co0296469
Sandrews,distribution,co0077687
3Sat,distribution,co0053646
3sat,distribution,co0220887
3sat,distribution,co0046385
ARTE Mediathek,distribution,co0706542
ARTE Mediathek,distribution,co0979389
ARTE,distribution,co0164664
ARTE,distribution,co0014456
ATV2,distribution,co0538263
Amazon Instant Video,distribution,co0337718
BR Fernsehen,distribution,co0203048
Bayerischer Rundfunk (BR),distribution,co0051615
C/FP Video,distribution,co0089174
DVD Magic,distribution,co0055469
LK-TEL Vídeo,distribution,co0137250
LW Editora,distribution,co0094750
Lagardère Studios Distribution,distribution,co0565618
Orion Home Video,distribution,co0022845
RTL,distribution,co0049524
SF 1,distribution,co0887587
SF2,distribution,co0887588
SRF 1,distribution,co0728049
Schweizer Fernsehen (SF),distribution,co0015806
Schweizer Radio und Fernsehen (SRF),distribution,co0424038
Sony Entertainment Television,distribution,co0434265
TNT Film,distribution,co0350722
Tele 5 TM-TV,distribution,co0369900
Tele 5,distribution,co0118322
VOX,distribution,co0070756
Lagardère Studios Distribution,sales,co0565618
Hachette Première,production,co0065791
Caméra One,production,co0050287
Union Générale Cinématographique (UGC),production,co0069524
DD Productions,production,co0039740
Films A2,production,co0005065
Sofinergie 1,production,co0002022
Investors Club,production,co0032900
Centre national du cinéma et de l'image animée (CNC),production,co0031991
Cinésyl,miscellaneous,co0081685
Les Ateliers du Costume,miscellaneous,co0000021
