company_name,company_type,imdb_id
Metro-Goldwyn-Mayer (MGM),distribution,co0007143
Regal Films,distribution,co0066800
Metro-Goldwyn-Mayer (MGM),distribution,co0811496
Metro Goldwyn Mayer,distribution,co0629989
Film AB Le Mat-Metro-Goldwyn,distribution,co0377994
Metro-Goldwyn Filmselskap,distribution,co0701633
MGM/UA Home Entertainment,distribution,co0001770
Warner Home Video,distribution,co0059995
Warner Bros.,distribution,co0002663
Metro-Goldwyn-Mayer (MGM),production,co0007143
Motion Picture Producers and Distributors Association of America,miscellaneous,co0439586
Turner Entertainment,miscellaneous,co0183824
