company_name,company_type,imdb_id,is_major_studio
Universal Pictures,distribution,co0005073,True
Empire Universal Films,distribution,co0107978,False
Rank Film Distributors,distribution,co0040156,False
Nippon Universal Eiga-gaisha,distribution,co0628894,False
Société Anonyme Universal-Film,distribution,co0755214,False
Universal Film,distribution,co0666801,False
Universal Films Argentina,distribution,co0215230,False
Universal Films of India,distribution,co0794561,False
Universal Filmverleih,distribution,co0241799,False
Universal International Pictures (UI),distribution,co0304386,False
Väinän Filmi,distribution,co0031854,False
Universal Film,distribution,co0251089,False
Universal Films Española,distribution,co0030491,False
National Broadcasting Company (NBC),distribution,co0072315,False
MCA Videocassette,distribution,co0076366,False
MCA Home Video,distribution,co0009692,False
CIC Video,distribution,co0106040,False
MCA Home Video,distribution,co0232947,False
MCA/Universal Home Video,distribution,co0060214,False
Universal Home Video,distribution,co0035519,False
Universal Studios Home Video,distribution,co0021294,False
Columbia TriStar Home Video,distribution,co0942170,False
Columbia TriStar Home Video,distribution,co0942169,False
RSS Pictures,distribution,co0169693,False
Egmont Entertainment,distribution,co0135306,False
Universal Pictures Home Video,distribution,co0752504,True
Universal Pictures Finland,distribution,co0388514,True
Universal Pictures Home Entertainment (UPHE),distribution,co0023827,True
Universal Studios Home Entertainment,distribution,co0429910,False
Universal Pictures Home Video,distribution,co0180647,True
Yleisradio (YLE),distribution,co0013526,False
Lost Films,distribution,co0386243,False
Giangiacomo Feltrinelli Editore,distribution,co0071275,False
NBC Universal Television Distribution,distribution,co0131785,False
Fathom Events,distribution,co0360057,False
Universal Pictures Home Entertainment,distribution,co0297627,True
Universal Pictures Home Entertainment,distribution,co0743251,True
LA7,distribution,co0212665,False
Danaos,distribution,co0476914,False
Netflix,distribution,co0144901,True
Studio Distribution Services (SDS),distribution,co0854530,False
Jamboree Video,distribution,co0695705,False
Madacy Entertainment,distribution,co0062559,False
Pakula-Mulligan,production,co0110362,False
Brentwood Productions,production,co0110361,False
Westrex Recording System,miscellaneous,co0001880,False
