company_name,company_type,imdb_id,is_major_studio
Warner Bros.,distribution,co0002663,True
Dominant Pictures Corporation,distribution,co0001088,False
Associated Artists Productions (AAP),distribution,co0083858,False
United Artists Television,distribution,co0011888,False
Magnetic Video,distribution,co0089127,False
20th Century Fox Video,distribution,co0605838,True
MGM/UA Entertainment Company,distribution,co0110106,True
Warner Home Video,distribution,co0006383,False
Warner Home Video,distribution,co0142160,False
Warner Home Video,distribution,co0059995,False
CBS/Fox,distribution,co0007496,False
Metro-Goldwyn-Mayer (MGM),distribution,co0007143,True
Turner Entertainment,distribution,co0183824,False
MGM Home Entertainment,distribution,co0015461,True
MGM/UA Home Entertainment,distribution,co0001770,True
Warner Home Vídeo,distribution,co0089683,False
Sociedade Importadora de Filmes (SIF),distribution,co0022305,False
Epoca,distribution,co0110063,False
TBS Superstation,distribution,co0183474,False
The Criterion Channel,distribution,co0804141,False
Warner Bros.,production,co0002663,True
Turner Entertainment,miscellaneous,co0183824,False
