company_name,company_type,imdb_id,is_major_studio
Orion Pictures,distribution,co0001995,False
AMLF,distribution,co0001757,False
Concorde Film,distribution,co0051881,False
Hoyts Distribution,distribution,co0050640,False
Kinosto,distribution,co0023460,False
Sandrew Film & Teater,distribution,co0139598,False
TOBIS Film,distribution,co0115739,False
Transeuropa,distribution,co0698422,False
Warner Bros.,distribution,co0256390,True
Filmes Castello Lopes,distribution,co0049459,False
Shochiku-Fuji Company,distribution,co0071942,False
Thorn EMI Screen Entertainment,distribution,co0103551,False
Warner Bros. Pictures Mexico,distribution,co0158349,True
Thorn EMI Video,distribution,co0624998,False
Viacom,distribution,co0077647,False
HBO/Cannon Video,distribution,co0114708,False
Thorn EMI Video Australia,distribution,co0076331,False
Thorn EMI Video,distribution,co0185211,False
Thorn EMI,distribution,co0106017,False
Thorn EMI/HBO Video,distribution,co0031966,False
Thorn-Emi Video,distribution,co0184132,False
Transeuropa Video Entertainment (TVE),distribution,co0002974,False
Cannon Screen Entertainment,distribution,co0282170,False
Cannon Video,distribution,co0118502,False
Warner Home Video,distribution,co0934836,False
Warner Home Video,distribution,co0094779,False
HBO Video,distribution,co0248784,False
Home Box Office Home Video (HBO),distribution,co0077623,False
Pinema,distribution,co0137855,False
Pioneer Entertainment,distribution,co0041945,False
TBS Superstation,distribution,co0183474,False
Weintraub Entertainment Group,distribution,co0062678,False
Parkfield Entertainment,distribution,co0106172,False
Warner Home Vidéo,distribution,co0101941,False
Weintraub Entertainment,distribution,co0139453,False
Braveworld,distribution,co0106106,False
Lumiere Pictures,distribution,co0122581,False
Republic Pictures Home Video,distribution,co0075944,False
Transmundo Films,distribution,co0027133,False
Transmundo Home Video (THV),distribution,co0040022,False
Yleisradio (YLE),distribution,co0013526,False
4 Front Video,distribution,co0106083,False
PolyGram Video,distribution,co0106035,False
Warner Home Video,distribution,co0059995,False
Warner Home Vídeo,distribution,co0089683,False
Warner Home Video,distribution,co0006383,False
Warner Home Video,distribution,co0087314,False
Warner Home Video,distribution,co0077674,False
Warner Bros. Pictures,distribution,co0498895,True
Argentina Video Home,distribution,co0031085,False
Sandrew Metronome Distribution Sverige AB,distribution,co0006862,False
Sandrew Metronome Distribution,distribution,co0050310,False
Warner Home Video,distribution,co0918687,False
Warner Home Video,distribution,co0189793,False
Svensk Filmindustri (SF),distribution,co0050989,False
Warner Bros. Pictures Germany,distribution,co0519888,True
Warner Bros.,distribution,co0307857,True
Warner Home Video,distribution,co0142160,False
Warner Home Video,distribution,co0504146,False
Aquarius TV,distribution,co0153714,False
Warner Home Video,distribution,co1017479,False
ARTE,distribution,co0164664,False
ARTE,distribution,co0014456,False
Roadshow Entertainment,distribution,co0152990,False
Studio Distribution Services (SDS),distribution,co0854530,False
The Criterion Channel,distribution,co0804141,False
The Saul Zaentz Company,production,co0061706,False
AMLF,production,co0001757,False
Effects Associates,specialEffects,co0105093,False
Ambrosian Opera Chorus,miscellaneous,co0105622,False
Ceskoslovenský Filmexport,miscellaneous,co0114175,False
Choir of Westminster Abbey,miscellaneous,co0119531,False
Chorus of St. Martin in the Fields,miscellaneous,co0112357,False
Dolby Digital,miscellaneous,co0369281,False
Dolby Laboratories,miscellaneous,co0047023,False
Dolby Stereo,miscellaneous,co0389069,False
Fantasy Records,miscellaneous,co0139173,False
Filmové studio Barrandov,miscellaneous,co0046451,False
Framework Sound,miscellaneous,co0166597,False
GP11,miscellaneous,co0118906,False
Jeremy Walker + Associates,miscellaneous,co0035624,False
L.C.P. di Pompei,miscellaneous,co0019930,False
Lufthansa,miscellaneous,co0116877,False
Modern Film Effects,miscellaneous,co0137074,False
Nancy Seltzer & Associates,miscellaneous,co0002606,False
National Theater of London,miscellaneous,co0294986,False
Nino Lembo,miscellaneous,co0001879,False
POP Sound,miscellaneous,co0055719,False
Pacific Ocean Post,miscellaneous,co0029850,False
Pacific Title,miscellaneous,co0001256,False
Panavision,miscellaneous,co0041930,False
Prague's Tyl Theatre,miscellaneous,co0178114,False
Republic Pictures,miscellaneous,co0020540,False
S.A.F.A.S.,miscellaneous,co0062551,False
SAT Cinecostumi,miscellaneous,co0061815,False
Samuelson Film Service,miscellaneous,co0105271,False
San Francisco Symphony Chorus,miscellaneous,co0126904,False
Saul Zaentz Film Center,miscellaneous,co0032617,False
THX Ltd.,miscellaneous,co0131611,False
Technicolor,miscellaneous,co0065861,False
The National Theatre of Czechoslovakia,miscellaneous,co0178201,False
The Saul Zaentz Company,miscellaneous,co0061706,False
The Shubert Organization,miscellaneous,co0020999,False
The Twyla Tharp Dance Company,miscellaneous,co0178048,False
Tirelli Costumi,miscellaneous,co0012392,False
Twyla Tharp Dance Foundation,miscellaneous,co0178097,False
Wigs Specialties,miscellaneous,co0105277,False
