company_name,company_type,imdb_id,is_major_studio
Warner Bros.,distribution,co0002663,True
Warner Brothers Pictures,distribution,co0812621,False
Motion Picture Export Association (MPEA),distribution,co0334900,False
Warner Bros. Film,distribution,co0565132,True
Warner Bros. Pictures,distribution,co0498895,True
Exclusivas Floralva Distribución S.A.,distribution,co0062752,False
Twentieth Century Fox,distribution,co0000756,False
United Artists,distribution,co0026841,False
CBS,distribution,co0070627,False
United Artists (A-Asia),distribution,co0663286,False
Les Artistes Associés,distribution,co0289659,False
20th Century Fox Video,distribution,co0605838,True
RCA (II),distribution,co0036219,False
CBS/Fox,distribution,co0007496,False
Sundowner Home Video,distribution,co0030288,False
Guild Home Video,distribution,co0006042,False
Lorimar Home Video,distribution,co1082377,False
Warner Home Video,distribution,co0059995,False
20th Century Fox Television,distribution,co0056447,True
Canal+,distribution,co0028557,False
Home Box Office (HBO),distribution,co0008693,False
Proserpine,distribution,co0119601,False
Antenne 2 (A2),distribution,co0530809,False
Video Collection International,distribution,co0106096,False
Warner Home Vidéo,distribution,co0101941,False
Warner Home Video,distribution,co0142160,False
Warner Home Video,distribution,co0006383,False
Argentina Video Home,distribution,co0031085,False
Warner Home Vídeo,distribution,co0089683,False
International DVD Group,distribution,co0190919,False
Park Circus,distribution,co0480858,False
HBO Max,distribution,co0754095,False
Charles K. Feldman Group,production,co0031761,False
Warner Bros.,production,co0002663,True
International Alliance of Theatrical Stage Employees (IATSE),miscellaneous,co0190210,False
RCA,miscellaneous,co0179360,False
