company_name,company_type,imdb_id
Paramount Pictures,distribution,co0023400
United International Pictures (UIP),distribution,co0128218
Filmes Lusomundo,distribution,co0012065
United International Pictures (UIP),distribution,co0184854
United International Pictures (UIP),distribution,co0074139
United International Pictures (UIP),distribution,co0040026
United International Pictures (UIP),distribution,co0175527
United International Pictures (UIP),distribution,co0110120
United International Pictures (UIP),distribution,co0043417
United International Pictures (UIP),distribution,co0113995
United International Pictures,distribution,co0097402
Argentina Video Home,distribution,co0031085
CIC Video,distribution,co0021304
Paramount Home Entertainment,distribution,co0051891
Esselte CIC Video,distribution,co0315145
Home Box Office (HBO),distribution,co0008693
Malo Video,distribution,co0066332
Home Video Hellas (HVH),distribution,co0048760
Lucernafilm,distribution,co0114097
Paramount Films of India,distribution,co0318358
CBS,distribution,co0070627
British Broadcasting Corporation (BBC),distribution,co0043107
France 2 (FR2),distribution,co0011107
TF1,distribution,co0028766
Téva,distribution,co0018899
M6,distribution,co0037417
Magic Box,distribution,co0298915
Cielo,distribution,co0592430
HBO Max,distribution,co0754095
Paramount Channel,distribution,co0796240
Paramount+,distribution,co0820547
Paramount Network,distribution,co1109913
CIC Vídeo,distribution,co0080094
CIC-Taft Home Video,distribution,co0023596
Paramount Pictures,production,co0023400
Jaffe-Lansing,production,co0035763
Alpha Cine Service,miscellaneous,co0099157
British Columbia Buildings,miscellaneous,co0221925
EFX Unlimited,miscellaneous,co0116915
La-La Land Records,miscellaneous,co0108566
Pacific National Exhibition (PNE),miscellaneous,co0221888
Pacific Studios II,miscellaneous,co0009149
Panavision,miscellaneous,co0041930
Record Plant Scoring,miscellaneous,co0107605
Reel Appetites,miscellaneous,co0064420
Reel People Inc.,miscellaneous,co0014384
Saxon/Ross Film Design,miscellaneous,co0062622
Technicolor,miscellaneous,co0065861
The City of Vancouver,miscellaneous,co0082490
University of British Columbia,miscellaneous,co0101370
Vancouver Art Gallery,miscellaneous,co0221913
Vancouver General Hospital,miscellaneous,co0221907
William F. White International,miscellaneous,co0020238
