company_name,company_type,imdb_id,is_major_studio
Paramount Pictures,distribution,co0023400,True
United International Pictures (UIP),distribution,co0074139,False
Svenska Filminstitutet (SFI),distribution,co0048118,False
United International Pictures (UIP),distribution,co0113995,False
United International Pictures (UIP),distribution,co0043417,False
United International Pictures (UIP),distribution,co0097404,False
United International Pictures (UIP),distribution,co0110120,False
United International Pictures (UIP),distribution,co0173912,False
United International Pictures,distribution,co0097402,False
CIC Video,distribution,co0021304,False
Esselte CIC Video,distribution,co0315145,False
Home Video Hellas (HVH),distribution,co0048760,False
Paramount Films of India,distribution,co0318358,False
Canal+,distribution,co0028557,False
CBS,distribution,co0070627,False
Paramount Home Entertainment,distribution,co0051891,False
Trifecta Entertainment and Media,distribution,co0420728,False
Argentina Video Home,distribution,co0031085,False
CIC Vídeo,distribution,co0080094,False
CIC-Taft Home Video,distribution,co0023596,False
Paramount Pictures,production,co0023400,True
Cinema Research,miscellaneous,co0058110,False
Colossal Pictures,miscellaneous,co0075190,False
International Alliance of Theatrical Stage Employees (IATSE),miscellaneous,co0190210,False
MGM Negative Cutting,miscellaneous,co0068202,True
Panavision,miscellaneous,co0041930,False
Reeltime Creative,miscellaneous,co0098461,False
Warner Hollywood Studios,miscellaneous,co0087673,False
William F. White International,miscellaneous,co0020238,False
