company_name,company_type,imdb_id
United Artists,distribution,co0026841
United Artists,distribution,co0874020
United Artists,distribution,co0103797
United Artists (Australasia),distribution,co0877385
Artistas Unidos,distribution,co0329492
Los Artistas Unidos de América del Sur,distribution,co0338934
United Artists,distribution,co0809203
Kommunenes Filmcentral (KF),distribution,co0015327
United Artists,distribution,co0817797
Cosmopol-Film,distribution,co0011252
American Broadcasting Company (ABC),distribution,co0037052
CBS/Fox,distribution,co0007496
MGM Home Entertainment,distribution,co0015461
MGM/UA Home Entertainment,distribution,co0001770
Warner Home Video,distribution,co0059995
20th Century Fox Home Entertainment,distribution,co0010224
Visual Entertainment Group,distribution,co0187213
Kino Lorber,distribution,co0291948
Eén,distribution,co0148057
Eureka Entertainment,distribution,co0187355
Pluto TV,distribution,co0545791
Hecht-Lancaster Productions,production,co0074749
Steven Productions,production,co0323142
International Alliance of Theatrical Stage Employees (IATSE),miscellaneous,co0190210
Western Electric,miscellaneous,co0033842
