company_name,company_type,imdb_id
Paramount Pictures,distribution,co0023400
United International Pictures (UIP),distribution,co0074139
Svenska Filminstitutet (SFI),distribution,co0048118
United International Pictures (UIP),distribution,co0113995
United International Pictures (UIP),distribution,co0043417
United International Pictures (UIP),distribution,co0097404
United International Pictures (UIP),distribution,co0110120
United International Pictures (UIP),distribution,co0173912
United International Pictures,distribution,co0097402
CIC Video,distribution,co0021304
Esselte CIC Video,distribution,co0315145
Home Video Hellas (HVH),distribution,co0048760
Paramount Films of India,distribution,co0318358
Canal+,distribution,co0028557
CBS,distribution,co0070627
Paramount Home Entertainment,distribution,co0051891
Trifecta Entertainment and Media,distribution,co0420728
Argentina Video Home,distribution,co0031085
CIC Vídeo,distribution,co0080094
CIC-Taft Home Video,distribution,co0023596
Paramount Pictures,production,co0023400
Cinema Research,miscellaneous,co0058110
Colossal Pictures,miscellaneous,co0075190
International Alliance of Theatrical Stage Employees (IATSE),miscellaneous,co0190210
MGM Negative Cutting,miscellaneous,co0068202
Panavision,miscellaneous,co0041930
Reeltime Creative,miscellaneous,co0098461
Warner Hollywood Studios,miscellaneous,co0087673
William F. White International,miscellaneous,co0020238
