company_name,company_type,imdb_id
Paramount Pictures,distribution,co0023400
Paramount British Pictures,distribution,co0074341
Paramount Films of Argentina,distribution,co0866247
Paramount Films of India,distribution,co0318358
Paramount Italiana,distribution,co0160703
Paramount Pictures,distribution,co0819892
Paramount-Film,distribution,co0160099
AFEX,distribution,co0189384
Film AB Paramount,distribution,co0220414
Paramount,distribution,co0021163
Paramount-Films,distribution,co0184442
National Broadcasting Company (NBC),distribution,co0072315
Yleisradio (YLE),distribution,co0013526
Paramount Home Entertainment,distribution,co0051891
CIC Victor Video,distribution,co0225291
La Cinq (La 5),distribution,co0008958
CIC Video,distribution,co0021304
Hubei Audio & Video Art Press,distribution,co1005074
Filmmuseum Distributie,distribution,co0005178
Finnkino,distribution,co0014703
First Trading,distribution,co0224397
Nelonen,distribution,co0029644
PSG,distribution,co0225108
Seven Films,distribution,co0075444
Universal Pictures Home Entertainment,distribution,co0743251
Paramount+,distribution,co0820547
Pluto TV,distribution,co0545791
Kinomaniak,distribution,co0983047
Park Circus,distribution,co0130598
Summer Classics,distribution,co0759562
ARTE,distribution,co0014456
Paramount Channel,distribution,co0796240
The Criterion Channel,distribution,co0804141
Paramount Pictures,production,co0023400
International Alliance of Theatrical Stage Employees (IATSE),miscellaneous,co0190210
Berliner Synchron,miscellaneous,co0039270
Cinecittà,miscellaneous,co0067980
Deluxe Entertainment Services,miscellaneous,co0226376
Franstudio,miscellaneous,co0051017
Skywalker Sound,miscellaneous,co0072003
