company_name,company_type,imdb_id
Island Pictures,distribution,co0011996
J&M Entertainment,distribution,co0113554
Pan-Canadian Film Distributors,distribution,co0053651
Hoyts Distribution,distribution,co0050640
Mainline,distribution,co0392200
Cineplex-Odeon Home Video,distribution,co0088050
Embassy Home Entertainment,distribution,co0087616
MCA Home Video,distribution,co0232947
RCA/Columbia-Hoyts Home Video,distribution,co0057923
Vestron Video,distribution,co0113979
Filmco Norway,distribution,co0599131
Herald Ace,distribution,co0086452
Hungry Eye Pictures,distribution,co0024656
Svensk Filmindustri (SF),distribution,co0050989
Nelson Entertainment,distribution,co0020346
UFA Video,distribution,co0048514
PolyGram Video,distribution,co0044762
Feature Films for Families,distribution,co0025538
California Home Vídeo,distribution,co0078603
MGM Home Entertainment,distribution,co0015461
Umbrella Entertainment,distribution,co0122766
Schröder Media,distribution,co0241677
Kino Lorber,distribution,co0291948
Cinéma Plus Vidéo,distribution,co0022365
Distribuidora Internacional de Filmes (DIF),distribution,co0153467
Questar Entertainment,distribution,co0108903
Vista Films Ltd.,sales,co0104883
Bountiful Film Partners,production,co0003554
FilmDallas Pictures,production,co0028528
Baby 'O Recorders,miscellaneous,co0133629
"Citizens of Waxahachie, Texas",miscellaneous,co0133630
"City of Dallas, Texas",miscellaneous,co0133631
"City of Venus, Texas",miscellaneous,co0133632
Dallas Communications Complex,miscellaneous,co0133633
Dallas Police Department,miscellaneous,co0133634
EFX Unlimited,miscellaneous,co0116915
"Ellis Co., Texas",miscellaneous,co0133635
Government Services Administration,miscellaneous,co0133636
Greyhound Lines,miscellaneous,co0093582
Mobil Oil Company,miscellaneous,co0036743
Moses Weitzman EFX Unlimited,miscellaneous,co0016355
Sound One Corporation,miscellaneous,co0051002
Sundance Institute,miscellaneous,co0030599
Texas Film Commission,miscellaneous,co0070583
"The Main Street Program, Waxahachie, Texas",miscellaneous,co0133637
The Studios at Las Colinas,miscellaneous,co0032926
