company_name,company_type,imdb_id,is_major_studio
Columbia Pictures,distribution,co0050868,True
Columbia Pictures Corporation,distribution,co0108852,True
Columbia Films. S.A.,distribution,co1013825,False
Columbia Pictures of Argentina,distribution,co0221123,True
Europa Film,distribution,co0304160,False
Columbia Film,distribution,co0219440,False
Columbia Films S. A.,distribution,co0282638,False
Kamerafilm,distribution,co0615441,False
Union Film,distribution,co0168570,False
Canal 13,distribution,co0030479,False
Columbia Pictures Home Entertainment,distribution,co0051419,True
LK-TEL Vídeo,distribution,co0137250,False
RCA/Columbia Pictures Home Video,distribution,co0070977,True
RCA/Columbia Pictures International Video,distribution,co0128198,True
RCA/Columbia-Hoyts Home Video,distribution,co0057923,False
Acteurs Auteurs Associés (AAA),distribution,co0000697,False
Columbia TriStar Home Video,distribution,co0001850,False
Columbia TriStar Home Entertainment,distribution,co0170439,False
Columbia TriStar Home Entertainment,distribution,co0127120,False
Columbia TriStar Home Entertainment,distribution,co0182605,False
Columbia TriStar Home Entertainment,distribution,co0213457,False
Twilight Time,distribution,co0478467,False
Arrow Academy,distribution,co0456983,False
The Criterion Channel,distribution,co0804141,False
Columbia Pictures,production,co0050868,True
International Alliance of Theatrical Stage Employees (IATSE),miscellaneous,co0190210,False
Sunset Gower Studios,miscellaneous,co0043184,False
Western Electric,miscellaneous,co0033842,False
