company_name,company_type,imdb_id
Columbia Pictures Corporation,distribution,co0108852
Columbia Pictures,distribution,co0050868
Columbia Film,distribution,co0219440
Columbia Filmes,distribution,co0108003
Columbia,distribution,co0400389
Columbia,distribution,co0076384
Columbia-Bavaria Filmgesellschaft m.b.H.,distribution,co0089682
Kamera Film Aktieselskap,distribution,co0237820
Sony Pictures Releasing,distribution,co0145664
Columbia Films of India,distribution,co0215257
Columbia Films S. A.,distribution,co0282638
National Broadcasting Company (NBC),distribution,co0072315
RCA/Columbia-Hoyts Home Video,distribution,co0057923
RCA / Columbia Pictures Video,distribution,co0117455
LK-TEL,distribution,co0003327
RCA/Columbia Pictures International Video,distribution,co0371171
RCA/Columbia Pictures Video,distribution,co0252452
RCA/Columbia Pictures Home Video,distribution,co0070977
Columbia TriStar Home Video,distribution,co0001850
TV.Berlin,distribution,co0173089
Columbia TriStar Home Entertainment,distribution,co0127120
ORF 2,distribution,co0348287
Österreichischer Rundfunk (ORF),distribution,co0044989
Premiere 7,distribution,co0986217
Premiere Filmfest,distribution,co0986219
Premiere Nostalgie,distribution,co0986218
Sony Pictures Home Entertainment,distribution,co0137851
ServusTV Deutschland,distribution,co0840878
ServusTV,distribution,co0295850
Sky Nostalgie,distribution,co0905510
Twilight Time,distribution,co0478467
ORF III,distribution,co0603720
Eureka Entertainment,distribution,co0187355
Chili Cinema,distribution,co0984867
Netflix,distribution,co0144901
iTunes,distribution,co0694131
The Criterion Channel,distribution,co0804141
ARTE,distribution,co0164664
Kabel Eins Classics,distribution,co0355813
LK-TEL Vídeo,distribution,co0137250
Highland Films,production,co0201926
Westrex Recording System,miscellaneous,co0001880
