company_name,company_type,imdb_id
United Artists,distribution,co0026841
United Artists,distribution,co0103797
Atlas Film,distribution,co0031409
Kommunenes Filmcentral (KF),distribution,co0015327
Nova Film,distribution,co0304136
United Artists (A-Asia),distribution,co0663286
United Artists,distribution,co0816759
Rank Filmes de Portugal,distribution,co0110676
National Broadcasting Company (NBC),distribution,co0072315
Intervision Video,distribution,co0119598
VidAmerica,distribution,co0051030
Magnetic Video,distribution,co0089127
20th Century Fox Video,distribution,co0605838
United Artists,distribution,co0809114
Warner Home Video,distribution,co0006383
CBS/Fox,distribution,co0007496
Audio Visual Enterprises,distribution,co0006126
Warner Home Video,distribution,co0059995
NHK-BS2,distribution,co0199367
20th Century Fox Home Entertainment,distribution,co0297163
20th Century Fox Home Entertainment,distribution,co0010224
MGM Home Entertainment,distribution,co0015461
Fox Video Japan,distribution,co0442630
Koch Media,distribution,co0157100
Özen Film,distribution,co0040224
MGM/UA Communications Co.,distribution,co0312972
MGM/UA Home Entertainment,distribution,co0001770
RCA (II),distribution,co0036219
Jerome Hellman Productions,production,co0113570
Jayne Productions Inc.,production,co0134980
MGM Laboratories,miscellaneous,co0178828
DeLuxe Laboratories,miscellaneous,co0026998
Panavision,miscellaneous,co0041930
International Alliance of Theatrical Stage Employees (IATSE),miscellaneous,co0190210
Cannes Film Festival,miscellaneous,co0034345
Maslansky Koenigsberg,miscellaneous,co0129386
Ritek Digital Studios,miscellaneous,co0129400
