company_name,company_type,imdb_id
Metro-Goldwyn-Mayer (MGM),distribution,co0007143
Metro-Goldwyn-Mayer,distribution,co0241239
MGM Home Entertainment,distribution,co0015461
Warner Home Video,distribution,co0094757
Warner Home Video,distribution,co0094779
Warner Home Video,distribution,co0059995
Chapel Distribution,distribution,co0258711
CEL-MGM/UA Home Video,distribution,co0884625
Metro-Goldwyn-Mayer (MGM),production,co0007143
Cooperativa Doppiaggio Cinematografico (CDC) (I) (II),miscellaneous,co0164342
MGM Home Entertainment,miscellaneous,co0015461
Turner Entertainment,miscellaneous,co0183824
