company_name,company_type,imdb_id
Warner Bros.,distribution,co0002663
Vitagraph Limited,distribution,co0773608
First National Film Distributors,distribution,co0107973
Warner Bros. Pictures,distribution,co0498895
Warner Brothers First National Films,distribution,co0535067
Warner Brothers First National Films,distribution,co0692919
Warner Bros.,distribution,co0134706
Dominant Pictures Corporation,distribution,co0001088
Associated Artists Productions (AAP),distribution,co0083858
Yleisradio (YLE),distribution,co0013526
RCA (II),distribution,co0036219
CBS/Fox,distribution,co0007496
Key Video,distribution,co0021293
Image Entertainment,distribution,co0013585
MGM/UA Home Entertainment,distribution,co0001770
MGM Home Entertainment,distribution,co0015461
Warner Home Video,distribution,co0059995
Emerald,distribution,co0108097
The Criterion Channel,distribution,co0804141
Artaire Films,distribution,co0720547
Jeunesse kikaku,distribution,co0557233
NHK Sôgô,distribution,co0211950
Warner Bros.,production,co0002663
International Alliance of Theatrical Stage Employees (IATSE),miscellaneous,co0190210
Turner Entertainment,miscellaneous,co0183824
