company_name,company_type,imdb_id,is_major_studio
Cinerama Releasing Corporation,distribution,co0023297,False
Cinerama Releasing UK,distribution,co0123412,False
Europafilm,distribution,co0002826,False
Parafrance Films,distribution,co0023270,False
TF1,distribution,co0028766,False
Viacom,distribution,co0077647,False
Nord Video,distribution,co0534988,False
CBS/Fox,distribution,co0007496,False
Star Video,distribution,co0065933,False
Buena Vista International,distribution,co0000779,False
Fox Video,distribution,co0017628,False
MGM Home Entertainment,distribution,co0015461,True
Kino Lorber,distribution,co0291948,False
Elan Film,distribution,co0142098,False
Svensk Filmindustri,distribution,co0319256,False
Box Collection,distribution,co1053889,False
Scand Video AB,distribution,co0705947,False
Selmur Productions,production,co0002839,False
Robertson and Associates,production,co0019743,False
ABC Pictures,production,co0056365,False
International Alliance of Theatrical Stage Employees (IATSE),miscellaneous,co0190210,False
Westrex Recording System,miscellaneous,co0001880,False
