company_name,company_type,imdb_id
Warner Bros.,distribution,co0002663
AMLF,distribution,co0001757
Concorde Film,distribution,co0051881
Finnkino,distribution,co0014703
Highlight Film,distribution,co0001547
Hoyts Fox Columbia TriStar Films,distribution,co0768357
Life International,distribution,co0076007
Monopole-Pathé,distribution,co0004366
Norsk Filmdistribusjon,distribution,co0054056
Paris Filmes,distribution,co0021161
Sandrew Film & Teater AB,distribution,co0497177
Toho-Towa,distribution,co0064457
Transmundo Films,distribution,co0027133
Warner Home Video,distribution,co0059995
National Film Development Corporation,distribution,co0798381
Concorde Video,distribution,co0231842
Excalibur Benelux,distribution,co0207362
Oy Europa Vision AB,distribution,co0127117
RCA/Columbia-Hoyts Home Video,distribution,co0057923
Transmundo Home Video (THV),distribution,co0040022
Canal+,distribution,co0028557
NHK Sôgô,distribution,co0211950
NHK-BS2,distribution,co0199367
Paris Vídeo,distribution,co0084801
Videomax,distribution,co0357598
American Broadcasting Company (ABC),distribution,co0037052
Columbia TriStar Home Video,distribution,co0045926
4 Front Video,distribution,co0106083
Scanbox Entertainment,distribution,co0019016
Universal Pictures,distribution,co0105063
Force Video,distribution,co0047491
Indies Home Entertainment,distribution,co0166075
Minerva Pictures,distribution,co0027458
Next Video,distribution,co0253870
Mainostelevisio (MTV3),distribution,co0069920
Europa Filmes,distribution,co0008247
Magna Pacific,distribution,co0094784
Kinowelt Home Entertainment,distribution,co0019532
Emerald,distribution,co0108097
Future Film,distribution,co0079555
Concorde Home Entertainment,distribution,co0003079
Dutch FilmWorks (DFW),distribution,co0024325
Fox Pathé Europa,distribution,co0107998
Zima Entertainment,distribution,co0076262
Disney Channel,distribution,co0022105
HBO Max,distribution,co0754095
Amazon Prime Video,distribution,co0476953
Smile Entertainment,distribution,co0034561
Umbrella Entertainment,distribution,co0122766
Chérie 25,distribution,co0595140
Aquarius TV,distribution,co0153714
The Zanuck Company,production,co0093750
Allied Filmmakers,production,co0052092
Majestic Films International,production,co0067785
Introvision International,specialEffects,co0065961
Australian Cinematographers Society (ACS),miscellaneous,co0218612
Cinema Audio Society (CAS),miscellaneous,co0565479
Completion Bond Company,miscellaneous,co0073672
D. Bassett & Associates,miscellaneous,co0039491
Daisy Company,miscellaneous,co0245782
Darlin's Restaurant,miscellaneous,co0245767
Descriptive Video Works,miscellaneous,co0321535
Dolby Laboratories,miscellaneous,co0047023
Dolby Stereo,miscellaneous,co0389069
Fulton Supply Company,miscellaneous,co0245780
Funn,miscellaneous,co0431057
JDH Sound,miscellaneous,co0110578
Location Catering of the South,miscellaneous,co0110577
Outdoor Today,miscellaneous,co0245759
Pacific Title,miscellaneous,co0001256
Panavision,miscellaneous,co0041930
Playhouse Horisons,miscellaneous,co0158570
Skywalker Sound,miscellaneous,co0072003
Varèse Sarabande,miscellaneous,co0017459
