company_name,company_type,imdb_id,is_major_studio
Metro-Goldwyn-Mayer (MGM),distribution,co0007143,True
United Artists,distribution,co0026841,False
Cinema International Corporation (CIC),distribution,co0534543,False
Cinema International Corporation (CIC),distribution,co0645080,False
Cinema International Corporation (CIC),distribution,co0605538,False
Cinema International Corporation (CIC),distribution,co0371559,False
Cinema International Corporation (CIC),distribution,co0112372,False
Metro-Goldwyn-Mayer,distribution,co0795735,False
Cinema International Corporation (CIC),distribution,co0646535,False
CBS,distribution,co0070627,False
Cinema International Corporation (CIC),distribution,co0234395,False
Sociedade Importadora de Filmes (SIF),distribution,co0022305,False
MGM Home Entertainment,distribution,co0015461,True
Audio Visual Enterprises,distribution,co0006126,False
Disney Channel,distribution,co0022105,False
CEL-MGM/UA Home Video,distribution,co0884625,True
HBO Max,distribution,co0754095,False
Malo RCV Video,distribution,co0749766,False
Vídeo Arte,distribution,co0047498,False
Warner Home Vídeo,distribution,co0089683,False
Hialeah Park Studios,production,co0726369,False
Metro-Goldwyn-Mayer (MGM),production,co0007143,True
Casserole Caterers,miscellaneous,co0304375,False
International Alliance of Theatrical Stage Employees (IATSE),miscellaneous,co0190210,False
Maslansky & Koenigsberg,miscellaneous,co0587563,False
