company_name,company_type,imdb_id
Metro-Goldwyn-Mayer (MGM),distribution,co0007143
Metro-Goldwyn-Mayer (MGM),distribution,co0812330
Metro-Goldwyn-Mayer (MGM),distribution,co0811496
Metro-Goldwyn-Mayer (MGM),distribution,co0824157
Metro-Goldwyn-Mayer (MGM),distribution,co0812376
Metro-Goldwyn-Mayer (MGM),distribution,co0897318
Metro-Goldwyn-Mayer (MGM),distribution,co0819129
Metro-Goldwyn-Mayer (MGM),distribution,co0854778
Metro-Goldwyn-Mayer (MGM),distribution,co0901928
Metro-Goldwyn-Mayer (MGM),distribution,co0834362
Metro-Goldwyn-Mayer (MGM),distribution,co0811498
Metro-Goldwyn-Mayer,distribution,co0296819
MGM Home Entertainment,distribution,co0015461
United International Pictures (UIP),distribution,co0016600
CEL-MGM/UA Home Video,distribution,co0884625
MGM/UA Home Entertainment,distribution,co0001770
NHK-BS2,distribution,co0199367
Warner Home Video,distribution,co0059995
Chapel Distribution,distribution,co0258711
Atalanta Filmes,distribution,co0035879
DVD Magic,distribution,co0055469
Warner Home Video,distribution,co0142160
NHK BS Premium,distribution,co0335122
The Criterion Collection,distribution,co0044076
Artaire Films,distribution,co0720547
HBO Max,distribution,co0754095
Warner Bros.,distribution,co0002663
Buksfilm,distribution,co0983694
One Gate Media,distribution,co0949515
Metro-Goldwyn-Mayer (MGM),production,co0007143
CVD,miscellaneous,co0403065
International Alliance of Theatrical Stage Employees (IATSE),miscellaneous,co0190210
Motion Picture Producers and Distributors Association of America,miscellaneous,co0439586
Synchronproduktion,miscellaneous,co0884478
Theatre Guild,miscellaneous,co0043694
Titra Film Paris,miscellaneous,co0049045
Turner Entertainment,miscellaneous,co0183824
Western Electric,miscellaneous,co0033842
