company_name,company_type,imdb_id,is_major_studio
Fox Film Corporation,distribution,co0028775,False
Fox Film Company,distribution,co0660159,False
Fox Film Company,distribution,co0118488,False
Fox Film Corporation,distribution,co0282248,False
Deutsche Vereins-Film,distribution,co0051775,False
I.V.C.,distribution,co0183653,False
Suevia Films,distribution,co0026113,False
20th Century Fox Home Entertainment,distribution,co0010224,True
BFI Video,distribution,co0106328,False
YouTube,distribution,co0202446,False
Mediakunst,sales,co0857665,False
Frank Borzage Production,production,co0219560,False
Fox Film Corporation,production,co0028775,False
Cinema Studio Supply,miscellaneous,co0636271,False
