company_name,company_type,imdb_id,is_major_studio
Twentieth Century Fox,distribution,co0000756,False
Fox-Rank,distribution,co0106045,False
Fox-Lira,distribution,co0029000,False
MGM-Fox,distribution,co0615541,True
American Broadcasting Company (ABC),distribution,co0037052,False
Key Video,distribution,co0021293,False
CBS/Fox,distribution,co0007496,False
20th Century Fox Home Entertainment,distribution,co0010224,True
Filmes Castello Lopes,distribution,co0049459,False
CBS/Fox Home Video,distribution,co0042311,False
Fox Video Japan,distribution,co0442630,False
NHK Kyôiku,distribution,co0215128,False
NHK-BS2,distribution,co0199367,False
Schröder Media,distribution,co0241677,False
Twentieth Century Fox,production,co0000756,False
International Alliance of Theatrical Stage Employees (IATSE),miscellaneous,co0190210,False
Marion Dougherty Associates,miscellaneous,co0016228,False
Pacific Title,miscellaneous,co0001256,False
Panavision,miscellaneous,co0041930,False
Twentieth Century Fox,miscellaneous,co0000756,False
Westrex Recording System,miscellaneous,co0001880,False
