company_name,company_type,imdb_id,is_major_studio
Metro-Goldwyn-Mayer (MGM),distribution,co0007143,True
Regal Films,distribution,co0066800,False
Film AB Le Mat-Metro-Goldwyn,distribution,co0377994,False
MGM Home Entertainment,distribution,co0015461,True
France 3,distribution,co0061460,False
Warner Home Video,distribution,co0059995,False
Warner Home Vídeo,distribution,co0089683,False
Warner Home Video,distribution,co0189793,False
Living Colour Entertainment,distribution,co0229902,False
HBO Max,distribution,co0754095,False
Metro-Goldwyn-Mayer (MGM),production,co0007143,True
Max Factor,miscellaneous,co0072862,False
Western Costume Company,miscellaneous,co0054834,False
