company_name,company_type,imdb_id,is_major_studio
Metro-Goldwyn-Mayer (MGM),distribution,co0007143,True
Regal Films,distribution,co0066800,False
Metro-Goldwyn-Mayer (MGM),distribution,co0811496,True
Metro Goldwyn Mayer,distribution,co0629989,False
Metro-Goldwyn-Mayer (MGM),distribution,co0812330,True
Metro-Goldwyn-Mayer A/B,distribution,co0902144,False
Státní Pujcovna Filmu,distribution,co0114714,False
Metro-Goldwyn-Mayer (MGM),distribution,co0812376,True
Metro-Goldwyn-Mayer (MGM),distribution,co0811498,True
Motion Picture Export Association (MPEA),distribution,co0311878,False
Central Motion Picture Exchange,distribution,co0248215,False
Filmipaja,distribution,co0173876,False
Yleisradio (YLE),distribution,co0013526,False
MGM Home Entertainment,distribution,co0015461,True
CEL-MGM/UA Home Video,distribution,co0884625,True
NHK-BS2,distribution,co0199367,False
MGM/UA Home Entertainment,distribution,co0001770,True
NHK Kyôiku,distribution,co0215128,False
Chapel Distribution,distribution,co0258711,False
Argentina Video Home,distribution,co0031085,False
Sandrew Metronome Distribution,distribution,co0050310,False
Warner Home Video,distribution,co0087314,False
Warner Home Video,distribution,co0059995,False
Warner Home Vídeo,distribution,co0089683,False
Living Colour Entertainment,distribution,co0229902,False
NHK BS Premium,distribution,co0335122,False
HBO Max,distribution,co0754095,False
Metro-Goldwyn-Mayer (MGM),production,co0007143,True
International Alliance of Theatrical Stage Employees (IATSE),miscellaneous,co0190210,False
Turner Entertainment,miscellaneous,co0183824,False
