company_name,company_type,imdb_id,is_major_studio
Embassy Pictures,distribution,co0066648,False
AVCO Embassy,distribution,co0149479,False
Filmax,distribution,co0027719,False
Fox Norena Film A/S,distribution,co0608044,False
Twentieth Century Fox,distribution,co0000756,False
Metro-Goldwyn-Mayer,distribution,co0795735,False
Magnetic Video,distribution,co0089127,False
Public Broadcasting Service (PBS),distribution,co0039462,False
20th Century Fox Video,distribution,co0662791,True
RCA (II),distribution,co0036219,False
Videosonic,distribution,co0061607,False
Embassy Home Entertainment Australia,distribution,co0579346,False
Embassy Home Entertainment,distribution,co0111149,False
Embassy Home Entertainment,distribution,co0087616,False
Nelson Entertainment,distribution,co0020346,False
Columbia TriStar Home Video,distribution,co0001850,False
Image Entertainment,distribution,co0013585,False
New Line Home Video,distribution,co0079450,False
BMG Video,distribution,co0106026,False
PolyGram Video,distribution,co0044762,False
MGM Home Entertainment,distribution,co0015461,True
Universal Home Entertainment,distribution,co0110681,False
Kinowelt Home Entertainment,distribution,co0019532,False
Momentum Pictures Home Entertainment,distribution,co0160046,False
Rialto Pictures,distribution,co0049592,False
Arthaus,distribution,co0608555,False
Kino Lorber,distribution,co0291948,False
El 9 Besepi S.L.,distribution,co0895662,False
Netflix,distribution,co0144901,True
Metro-Goldwyn-Mayer (MGM),distribution,co0819129,True
Bontonfilm,distribution,co0033954,False
Globo Vídeo,distribution,co0037033,False
NHK Sôgô,distribution,co0211950,False
NHK-BS2,distribution,co0199367,False
StudioCanal International,distribution,co0282780,False
VideoVisa,distribution,co0149423,False
StudioCanal International,sales,co0282780,False
Haworth Productions,production,co1123676,False
L. & H. Nathan,miscellaneous,co0052251,False
Lee Electric,miscellaneous,co0254490,False
Panavision,miscellaneous,co0041930,False
Solters & Digney,miscellaneous,co0130701,False
