company_name,company_type,imdb_id
Metro-Goldwyn-Mayer (MGM),distribution,co0007143
Metro-Goldwyn-Mayer (MGM),distribution,co0812330
Metro-Goldwyn-Mayer (MGM),distribution,co0811496
Metro Goldwyn Mayer,distribution,co0774691
Metro-Goldwyn-Mayer (MGM),distribution,co0824157
Metro-Goldwyn-Mayer (MGM),distribution,co0819129
Metro-Goldwyn-Mayer (MGM),distribution,co0811498
Metro-Goldwyn-Mayer (MGM),distribution,co0901928
Metro-Goldwyn-Mayer (MGM),distribution,co0812376
Metro-Goldwyn-Mayer (MGM),distribution,co0976477
Metro-Goldwyn-Mayer (MGM),distribution,co0815526
Metro-Goldwyn-Mayer,distribution,co0795735
Hafbo,distribution,co0160549
City Film N.V.,distribution,co0164961
Filmes Castello Lopes,distribution,co0049459
United Artists Television,distribution,co0011888
United Artists,distribution,co0026841
Nippon Television Network (NTV),distribution,co0003850
Cinema International Corporation (CIC),distribution,co0112372
United Artists of Brazil,distribution,co0662545
Canadian Broadcasting Corporation (CBC),distribution,co0045850
Home Box Office (HBO),distribution,co0008693
National Broadcasting Company (NBC),distribution,co0072315
Cinema International Corporation (CIC),distribution,co0184431
Cinema International Corporation (CIC),distribution,co0234432
CIC,distribution,co0017848
Cinema International Corporation (CIC),distribution,co0235624
Filmes Lusomundo,distribution,co0012065
Cinema International Corporation (CIC),distribution,co0645080
United International Pictures (UIP),distribution,co0112572
CEL-MGM/UA Home Video,distribution,co0884625
Esselte Video,distribution,co0179262
MGM Home Entertainment,distribution,co0015461
CBS,distribution,co0070627
MGM/UA Home Entertainment,distribution,co0001770
Turner Entertainment,distribution,co0183824
United International Pictures (UIP),distribution,co0080445
Producciones JES,distribution,co0061928
Yleisradio (YLE),distribution,co0013526
Neue Visionen Filmverleih,distribution,co0035199
United International Pictures (UIP),distribution,co0012851
United International Pictures (UIP),distribution,co0145668
Warner Home Video,distribution,co0059995
Lucernafilm - Alfa,distribution,co0234169
Warner Home Video,distribution,co0918687
United International Pictures (UIP),distribution,co0175527
KTLA,distribution,co0007077
WPIX,distribution,co0000647
Varus Video,distribution,co0091775
Chapel Distribution,distribution,co0258711
New Line Cinema,distribution,co0046718
Warner Bros. Pictures,distribution,co0498895
MGM Home Entertainment,distribution,co1085333
Warner Home Video,distribution,co0504146
Sandrew Metronome Distribution,distribution,co0050310
Warner Home Video,distribution,co0189793
Warner Home Video,distribution,co1017479
Eye Film Institute,distribution,co0296721
Fathom Events,distribution,co0360057
Warner Bros.,distribution,co0002663
Canvas,distribution,co0136706
Warner Bros. Home Entertainment,distribution,co0200179
Selznick International Pictures,production,co0130901
Metro-Goldwyn-Mayer (MGM),production,co0007143
Crest Digital,miscellaneous,co0178380
Dolby Laboratories,miscellaneous,co0047023
International Alliance of Theatrical Stage Employees (IATSE),miscellaneous,co0190210
Max Factor,miscellaneous,co0072862
Mole Richardson,miscellaneous,co0055346
National Carbon Corp.,miscellaneous,co0051159
Samuel Goldwyn Studios,miscellaneous,co0064215
Technicolor,miscellaneous,co0065861
Western Costume Company,miscellaneous,co0054834
