company_name,company_type,imdb_id
Universal Pictures,distribution,co0005073
Associated Film Distribution (AFD),distribution,co0045051
Cinema International Corporation (CIC),distribution,co0184431
Cinema International Corporation (CIC),distribution,co0371559
Consorcio Ibérico Cinematográfico (CIC),distribution,co0058476
Filmes Castello Lopes,distribution,co0049459
Hoyts Distribution,distribution,co0050640
Paris Filmes,distribution,co0021161
Seven Keys,distribution,co0037510
Sunn Classic Productions,distribution,co0653302
Toho-Towa,distribution,co0064457
United International Pictures (UIP),distribution,co0112572
United International Pictures (UIP),distribution,co0113995
20th Century Fox Video,distribution,co0605838
Precision Video,distribution,co0232508
Universal Films of India,distribution,co0794561
CBS/Fox,distribution,co0226201
CBS/Fox,distribution,co0007496
R-Video,distribution,co0214149
Progress Film-Verleih,distribution,co0025020
CBS Electronics,distribution,co0248464
CBS/Fox Home Video,distribution,co0042311
National Broadcasting Company (NBC),distribution,co0072315
Alliance Vidéo,distribution,co0118316
FilmNet,distribution,co0558402
Canal+,distribution,co0028557
Channel 5 Video Distribution,distribution,co0106195
VideoVisa,distribution,co0149423
ITC Home Video,distribution,co0051042
J2 Communications,distribution,co0081433
Mainostelevisio (MTV3),distribution,co0069920
M6,distribution,co0037417
Algemene Vereniging Radio Omroep (AVRO),distribution,co0038548
Antenne 2 (A2),distribution,co0530809
Family Home Entertainment (FHE),distribution,co0108311
Live Home Video,distribution,co0090510
Yleisradio (YLE),distribution,co0013526
4 Front Video,distribution,co0106083
PolyGram Television,distribution,co0001954
Live Entertainment,distribution,co0049954
Philips Media,distribution,co0307517
PolyGram Video,distribution,co0106035
Pioneer Entertainment,distribution,co0041945
Artisan Entertainment,distribution,co0014903
Argentina Video Home,distribution,co0031085
Artisan Home Entertainment,distribution,co0098779
Lionsgate,distribution,co0006881
Universal Pictures Finland,distribution,co0388514
Universal Pictures Video,distribution,co0824421
Universal Pictures Video,distribution,co0117467
ARTE,distribution,co0014456
Maple Pictures,distribution,co0160115
Universal Pictures Home Entertainment,distribution,co0814477
Continental Film,distribution,co0144570
Rai 1,distribution,co0042527
Pandastorm Pictures,distribution,co0300058
HBO Max,distribution,co0754095
Fathom Events,distribution,co0360057
Soul Media,distribution,co0523096
ITVX,distribution,co0911004
Alliance Atlantis Vivafilm,distribution,co0088273
CBS / Fox Video,distribution,co0266215
Incorporated Television Company (ITC),production,co0103220
IPC Films,production,co0059553
International Alliance of Theatrical Stage Employees (IATSE),miscellaneous,co0190210
New Hampshire Film & TV Office,miscellaneous,co0091893
Panavision,miscellaneous,co0041930
People of New Hampshire,miscellaneous,co0219391
Pickwick/Maslansky/Koenigsberg Inc.,miscellaneous,co0087122
Todd-AO Studios,miscellaneous,co0016792
