company_name,company_type,imdb_id
United Artists,distribution,co0026841
Artistas Unidos,distribution,co0329492
D.A.I. Distribuzione Associata Internazionale,distribution,co0719216
Kommunenes Filmcentral (KF),distribution,co0015327
Les Artistes Associés S.A.B.,distribution,co0140054
Nova Film,distribution,co0304136
United Artists (Australasia),distribution,co0877385
United Artists,distribution,co0874020
United Artists,distribution,co0103797
United Artists,distribution,co0809203
Constantin Film,distribution,co0080484
Los Artistas Unidos de América del Sur,distribution,co0338934
United Artists Film-Verleih,distribution,co0294553
Dear Film,distribution,co0052819
Minerva Film AB,distribution,co0035910
Centrala Wynajmu Filmów,distribution,co0396741
British Broadcasting Corporation (BBC),distribution,co0043107
Constantin Film,distribution,co0002257
Centra Film,distribution,co0402980
BBC Two,distribution,co0234496
Leofilm Estúdio,distribution,co0730705
BBC Video,distribution,co0114992
BBC One,distribution,co0234667
Republic Pictures Home Video,distribution,co0075944
TF1,distribution,co0028766
Rosenbergs Filmbyrå,distribution,co0217669
The Criterion Collection,distribution,co0044076
Republic Pictures,distribution,co0020540
Chapel Distribution,distribution,co0258711
Republic Entertainment,distribution,co0080718
Kinowelt Home Entertainment,distribution,co0019532
Paramount Pictures,distribution,co0023400
Universal Home Entertainment,distribution,co0110681
Universal Pictures,distribution,co0105063
VellaVisión,distribution,co0118310
Paramount Television,distribution,co0053559
Odeon,distribution,co0000689
Paramount Home Entertainment,distribution,co0051891
Maple Pictures,distribution,co0160115
Lionsgate Home Entertainment,distribution,co0292909
Olive Films,distribution,co0122304
Olive Films,distribution,co0128842
Arthaus,distribution,co0608555
Research Entertainment,distribution,co0572515
Film4,distribution,co0167631
Filmjuwelen,distribution,co0413796
Topanga Canyon Films,distribution,co0775977
Eureka Entertainment,distribution,co0187355
YouTube,distribution,co0202446
C8,distribution,co0606370
C.B. Films S.A.,distribution,co0064766
New Arts Associates,distribution,co0719215
Variety Film Production,distribution,co0026157
CBS/Fox Home Video,distribution,co0042311
Malofilm Home Video,distribution,co0024706
NHK BS1,distribution,co0732045
NHK Kyôiku,distribution,co0215128
NHK Sôgô,distribution,co0211950
NHK-BS2,distribution,co0199367
NTA Home Entertainment,distribution,co0021399
National Telefilm Associates (NTA),distribution,co0054771
Pluto TV,distribution,co0545791
RCA (II),distribution,co0036219
Sinister Film,distribution,co0418922
Taurus Video,distribution,co0099408
The Nostalgia Merchant,distribution,co0154895
Worldvision Enterprises,distribution,co0080243
Stanley Kramer Productions,production,co0136675
International Alliance of Theatrical Stage Employees (IATSE),miscellaneous,co0190210
Sound Services,miscellaneous,co0035997
Western Electric,miscellaneous,co0033842
