company_name,company_type,imdb_id
Warner Bros.,distribution,co0002663
Columbia-Warner Distributors,distribution,co0110090
Roadshow Films,distribution,co0058792
Warner-Columbia Film,distribution,co0214905
Warner-Columbia Film,distribution,co0053539
Warner-Columbia Films,distribution,co0176140
Avala-Genex,distribution,co0238040
Warner-Columbia Films,distribution,co0372744
Columbia-Warner Filmes de Portugal,distribution,co0438107
National Broadcasting Company (NBC),distribution,co0072315
Warner Bros. Pictures,distribution,co0342489
Warner Home Video,distribution,co0059995
Scanvideo,distribution,co0185825
Yleisradio (YLE),distribution,co0013526
Sandrew Metronome Distribution,distribution,co0050310
Solaris Distribution,distribution,co0005119
BFI Video,distribution,co0106328
HBO Max,distribution,co0754095
RCA VideoDiscs,distribution,co0109010
The Criterion Channel,distribution,co0804141
Warner Bros.,production,co0002663
Cannes Film Festival,miscellaneous,co0034345
International Alliance of Theatrical Stage Employees (IATSE),miscellaneous,co0190210
Panavision,miscellaneous,co0041930
The Burbank Studios,miscellaneous,co0098869
