company_name,company_type,imdb_id,is_major_studio
Warner Bros.,distribution,co0002663,True
Vitagraph Limited,distribution,co0773608,False
First National Film Distributors,distribution,co0107973,False
Warner Bros. Pictures,distribution,co0498895,True
Warner Brothers First National Films,distribution,co0535067,False
Warner Brothers First National Films,distribution,co0692919,False
Warner Bros.,distribution,co0134706,True
Dominant Pictures Corporation,distribution,co0001088,False
Associated Artists Productions (AAP),distribution,co0083858,False
Yleisradio (YLE),distribution,co0013526,False
RCA (II),distribution,co0036219,False
CBS/Fox,distribution,co0007496,False
Key Video,distribution,co0021293,False
Image Entertainment,distribution,co0013585,False
MGM/UA Home Entertainment,distribution,co0001770,True
MGM Home Entertainment,distribution,co0015461,True
Warner Home Video,distribution,co0059995,False
Emerald,distribution,co0108097,False
The Criterion Channel,distribution,co0804141,False
Artaire Films,distribution,co0720547,False
Jeunesse kikaku,distribution,co0557233,False
NHK Sôgô,distribution,co0211950,False
Warner Bros.,production,co0002663,True
International Alliance of Theatrical Stage Employees (IATSE),miscellaneous,co0190210,False
Turner Entertainment,miscellaneous,co0183824,False
