company_name,company_type,imdb_id
Allied Artists Pictures,distribution,co0023951
20th Century Fox Hellas,distribution,co0764128
Allied Artists de Mexico,distribution,co0115403
Centfox-Film,distribution,co0137255
Filmes Castello Lopes,distribution,co0049459
Fox Norena Film A/S,distribution,co0608044
Fox-MGM Film,distribution,co0218708
Fox-Rank,distribution,co0106045
Hispamex Films,distribution,co0011950
International Film Distributors,distribution,co0014259
Netherlands Fox Film Corporation,distribution,co0077258
Twentieth Century Fox,distribution,co0000756
MGM-Fox Films,distribution,co0373148
American Broadcasting Company (ABC),distribution,co0037052
20th Century Fox India,distribution,co0092296
RTL-TV,distribution,co0061414
Citadel Films,distribution,co0088883
InCine,distribution,co0577803
MGM/CBS Home Video,distribution,co0172646
Nord Video,distribution,co0534988
CBS Video,distribution,co0176590
Star Video,distribution,co0065933
Thorn EMI Video,distribution,co0624998
CBS/Fox,distribution,co0007496
CEL Home Video,distribution,co0028560
Rank Video,distribution,co0612756
CBS/Fox,distribution,co0094754
Video Elit,distribution,co0023681
Video Gems,distribution,co0144560
M6,distribution,co0037417
Atlas Films,distribution,co0041640
Braveworld,distribution,co0106106
Parkfield Entertainment,distribution,co0106172
Warner Home Video,distribution,co0059995
4 Front Video,distribution,co0106083
PolyGram Video,distribution,co0106035
BMG Video,distribution,co0002949
Cinema Club,distribution,co0119590
Video Collection International,distribution,co0106096
Warner Home Video,distribution,co0142160
Scanbox Entertainment,distribution,co0003833
Vértice 360,distribution,co0227539
EuroVideo,distribution,co0041475
Fremantle Home Entertainment,distribution,co0137779
MRA Entertainment Group,distribution,co0128855
Prism Leisure Corporation,distribution,co0106068
Rai Movie,distribution,co0347055
Warner Archive Collection,distribution,co0270424
HBO Max,distribution,co0754095
F.J. Lucas,distribution,co0048972
Allied Artists Pictures,production,co0023951
ABC Pictures,production,co0056365
A Feuer and Martin Production,production,co0292818
Bavaria Film,production,co0011145
Audiolink Radio Communications,miscellaneous,co0029274
CBS,miscellaneous,co0070627
Edit-Rite,miscellaneous,co0022947
Modern Film Effects,miscellaneous,co0137074
Todd-AO Studios,miscellaneous,co0016792
