company_name,company_type,imdb_id,is_major_studio
Metro-Goldwyn-Mayer (MGM),distribution,co0007143,True
United Artists,distribution,co0026841,False
United Artists,distribution,co0103797,False
Kommunenes Filmcentral (KF),distribution,co0015327,False
United Artists Films,distribution,co0839161,False
Rank Filmes de Portugal,distribution,co0110676,False
Nova Film,distribution,co0304136,False
C.B. Films S.A.,distribution,co0064766,False
Cinema International Corporation (CIC),distribution,co0534543,False
Home Box Office (HBO),distribution,co0008693,False
United Artists (A-Asia),distribution,co0663286,False
CBS,distribution,co0070627,False
Intervision Video,distribution,co0119598,False
MGM/CBS Home Video,distribution,co0172646,True
Warner Home Video,distribution,co0006383,False
Warner Home Video,distribution,co0059995,False
MGM Home Entertainment,distribution,co0015461,True
Audio Visual Enterprises,distribution,co0006126,False
Turner Entertainment,distribution,co0183824,False
TV3,distribution,co0102029,False
Warner Home Video,distribution,co0189793,False
ARTE,distribution,co0014456,False
NHK-BS2,distribution,co0199367,False
Yleisradio (YLE),distribution,co0013526,False
MGM/UA Home Entertainment,distribution,co0001770,True
Chapel Distribution,distribution,co0258711,False
Warner Home Vídeo,distribution,co0089683,False
Fox Video Japan,distribution,co0442630,False
Future Film,distribution,co0079555,False
NHK BS Premium,distribution,co0335122,False
Arrow Films,distribution,co0042468,False
Arthaus,distribution,co0608555,False
France 5,distribution,co0088445,False
Scanvideo,distribution,co0185825,False
Metro-Goldwyn-Mayer (MGM),production,co0007143,True
Todd/Champion Ltd.,miscellaneous,co0092180,False
Panavision,miscellaneous,co0041930,False
EUE/Screen Gems Video Services,miscellaneous,co0056083,False
International Alliance of Theatrical Stage Employees (IATSE),miscellaneous,co0190210,False
Metrocolor,miscellaneous,co0130848,False
