company_name,company_type,imdb_id,is_major_studio
United Artists,distribution,co0103797,False
United Artists,distribution,co0026841,False
United Artists,distribution,co0874020,False
Artistas Unidos,distribution,co0329492,False
Los Artistas Unidos de América del Sur,distribution,co0338934,False
United Artists,distribution,co0809203,False
Kommunenes Filmcentral (KF),distribution,co0015327,False
Los Artistas Asociados,distribution,co0339615,False
Nederland NV,distribution,co0189756,False
Svea Film (II),distribution,co0035132,False
Státní Pujcovna Filmu,distribution,co0114714,False
British Lion Film Corporation,distribution,co0103038,False
Astral Films,distribution,co0010132,False
Film Classics,distribution,co0001029,False
Alexander Korda Films,distribution,co0145685,False
Deutsche London-Film Verleih,distribution,co0006074,False
Wivefilm,distribution,co0091361,False
Telewizja Polska (TVP) - I Program,distribution,co0273493,False
Nickelodeon Network,distribution,co0007546,False
Embassy Home Entertainment,distribution,co0087616,False
Home Box Office Home Video (HBO),distribution,co0077623,False
Eclipse from the Criterion Collection,distribution,co0212802,False
Bridge Entertainment Group,distribution,co0068880,False
Fantasy Film,distribution,co0477701,False
Film Detective,distribution,co0533971,False
Topanga Canyon Films,distribution,co0775977,False
HBO Max,distribution,co0754095,False
Renaissance Content Group,distribution,co0993734,False
Samuel Goldwyn Home Entertainment,distribution,co0027319,False
London Film Productions,production,co0103018,False
B.J. Simmons & Co,miscellaneous,co0008973,False
