company_name,company_type,imdb_id
Columbia Pictures,distribution,co0050868
Columbia Films of India,distribution,co0215257
Columbia Pictures,distribution,co0835295
Columbia C.E.I.A.D.,distribution,co0092241
Columbia Film-Verleih,distribution,co0095798
Columbia International Films,distribution,co0302174
Columbia Pictures of Canada,distribution,co0130303
Filmayer,distribution,co0075913
Columbia Pictures of Argentina,distribution,co0221123
Columbia Films S. A.,distribution,co0282638
Columbia Pictures Mexico,distribution,co0115734
Columbia Pictures,distribution,co0877032
Warner-Columbia Film,distribution,co0053539
Warner-Columbia Films,distribution,co0176140
Videosonic,distribution,co0061607
R-Video,distribution,co0214149
VTC-Video,distribution,co0215585
Mainostelevisio (MTV3),distribution,co0069920
Columbia TriStar Home Video,distribution,co0189864
RCA (II),distribution,co0036219
RCA/Columbia Pictures International Video,distribution,co0128198
RCA/Columbia Pictures Video,distribution,co0252452
RCA/Columbia-Hoyts Home Video,distribution,co0057923
Sony Pictures Video,distribution,co0087306
RCA/Columbia Pictures Home Video,distribution,co0070977
Columbia TriStar Home Video,distribution,co0001850
Egmont Film,distribution,co0031483
Yleisradio (YLE),distribution,co0013526
Columbia TriStar Home Video,distribution,co0942169
LK-TEL,distribution,co0003327
Egmont Entertainment,distribution,co0135306
Nelonen,distribution,co0029644
Nordisk Film,distribution,co0137854
Columbia TriStar Home Entertainment,distribution,co0213457
Columbia TriStar Home Entertainment,distribution,co0098048
Columbia TriStar Home Entertainment,distribution,co0720168
Universal Pictures Video,distribution,co0824424
Sony Pictures Home Entertainment,distribution,co0852957
Sony Pictures Home Entertainment,distribution,co0769046
Sony Pictures Home Entertainment,distribution,co0802089
Sony Pictures Home Entertainment,distribution,co0137851
Sony Pictures Releasing,distribution,co0052145
Sony Pictures Home Entertainment,distribution,co0795863
Netflix,distribution,co0144901
The Criterion Channel,distribution,co0804141
Horizon Pictures (II),production,co0103190
Columbia Pictures,miscellaneous,co0050868
Equipment and Construction Co.,miscellaneous,co0034603
Government of Ceylon,miscellaneous,co0385732
Husband & Co. of Sheffield,miscellaneous,co0067089
MTI Film,miscellaneous,co0346451
OCS/Freeze Frame/Pixel Magic,miscellaneous,co0066712
Sony Pictures Studios,miscellaneous,co0050108
Sunset Gower Studios,miscellaneous,co0043184
The Royal Philharmonic Orchestra,miscellaneous,co0045253
