company_name,company_type,imdb_id
Titanus,distribution,co0032224
Embassy Pictures,distribution,co0066648
Les Films Marceau-Cocinor,distribution,co0045230
Gala Film Distributors,distribution,co0106006
Metro-Goldwyn-Mayer (MGM),distribution,co0007143
Metro Goldwyn Mayer,distribution,co0629989
Metro,distribution,co0608043
Royal Films,distribution,co0142090
Yleisradio (YLE),distribution,co0013526
Embassy Home Entertainment,distribution,co0087616
TV3,distribution,co0102029
Canal+,distribution,co0028557
GoodTimes Home Video,distribution,co0081756
Castle Communications,distribution,co0172463
France 3,distribution,co0061460
Force Video,distribution,co0047491
Hollywood Classics,distribution,co0049607
Laserlight Entertainment,distribution,co0044113
Madacy Entertainment,distribution,co0062559
Delta Expedition,distribution,co0142895
Koch Vision,distribution,co0076214
Alpha Video Distributors,distribution,co0017254
Brentwood Home Video,distribution,co0040650
Kabaya Foods,distribution,co0252780
Levné Knihy,distribution,co0267291
Emerald,distribution,co0108097
Les Acacias,distribution,co0006405
Carmen Video,distribution,co0156385
Homescreen,distribution,co0189845
Films sans Frontières,distribution,co0046687
Divisa Home Video,distribution,co0117434
L.C.J Editions & Productions,distribution,co0057470
Atlantic Film,distribution,co0291961
Research Entertainment,distribution,co0572515
Chain Production,distribution,co0173715
Cult Films,distribution,co0677326
Rai 3,distribution,co0009359
Cargo Records,distribution,co0266008
Endless Classics,distribution,co0602668
375 Media,distribution,co0723886
El 9 Besepi S.L.,distribution,co0895662
Ciné+,distribution,co0346444
ARTE,distribution,co0014456
Creazioni Home Video,distribution,co0388496
De Agostini,distribution,co0095803
Epoca,distribution,co0110063
Compagnia Cinematografica Champion,production,co0037641
Cocinor,production,co0020435
Les Films Marceau,production,co0037407
Société Générale de Cinématographie (S.G.C.),production,co0005342
Artisti Tecnici Associati (ATA),miscellaneous,co0100267
Edizioni Bixio S.A.M.,miscellaneous,co0143644
Edizioni Bompiani,miscellaneous,co0167168
Ferrania,miscellaneous,co0100974
Lucherini-Rossetti-Spinola,miscellaneous,co0422708
Ricordi,miscellaneous,co0098006
