company_name,company_type,imdb_id,is_major_studio
Tri-Star Pictures,distribution,co0806163,False
Columbia-EMI-Warner,distribution,co0106070,False
Warner Bros.,distribution,co0002663,True
Fox Columbia TriStar Films,distribution,co0628925,False
Warner-Columbia Film,distribution,co0214905,False
Warner-Columbia Films,distribution,co0372744,False
Warner-Columbia Filmverleih,distribution,co0118308,False
Columbia TriStar Home Video,distribution,co0001850,False
CBS/Fox,distribution,co0226201,False
CBS/Fox,distribution,co0007496,False
Abril Vídeo,distribution,co0057299,False
CBS/Fox Home Video,distribution,co0042311,False
CBS/Fox,distribution,co0094754,False
National Broadcasting Company (NBC),distribution,co0072315,False
VideoVisa,distribution,co0149423,False
Disney Channel,distribution,co0022105,False
Columbia TriStar Home Entertainment,distribution,co0098048,False
LK-TEL,distribution,co0003327,False
Columbia TriStar Home Entertainment,distribution,co0182605,False
Sony Pictures Home Entertainment,distribution,co0769046,True
Twilight Time,distribution,co0478467,False
Delphi II Productions,production,co0042549,False
Tri-Star Pictures,production,co0806163,False
Helen Uffner Vintage Clothing,miscellaneous,co0087225,False
International Alliance of Theatrical Stage Employees (IATSE),miscellaneous,co0190210,False
Panavision,miscellaneous,co0041930,False
The Optical House,miscellaneous,co0025465,False
