company_name,company_type,imdb_id
United Artists,distribution,co0103797
United Artists,distribution,co0026841
United Artists,distribution,co0874020
Artistas Unidos,distribution,co0329492
Los Artistas Unidos de América del Sur,distribution,co0338934
United Artists,distribution,co0809203
Kommunenes Filmcentral (KF),distribution,co0015327
Los Artistas Asociados,distribution,co0339615
Nederland NV,distribution,co0189756
Svea Film (II),distribution,co0035132
Státní Pujcovna Filmu,distribution,co0114714
British Lion Film Corporation,distribution,co0103038
Astral Films,distribution,co0010132
Film Classics,distribution,co0001029
Alexander Korda Films,distribution,co0145685
Deutsche London-Film Verleih,distribution,co0006074
Wivefilm,distribution,co0091361
Telewizja Polska (TVP) - I Program,distribution,co0273493
Nickelodeon Network,distribution,co0007546
Embassy Home Entertainment,distribution,co0087616
Home Box Office Home Video (HBO),distribution,co0077623
Eclipse from the Criterion Collection,distribution,co0212802
Bridge Entertainment Group,distribution,co0068880
Fantasy Film,distribution,co0477701
Film Detective,distribution,co0533971
Topanga Canyon Films,distribution,co0775977
HBO Max,distribution,co0754095
Renaissance Content Group,distribution,co0993734
Samuel Goldwyn Home Entertainment,distribution,co0027319
London Film Productions,production,co0103018
B.J. Simmons & Co,miscellaneous,co0008973
