company_name,company_type,imdb_id
Twentieth Century Fox,distribution,co0000756
Twentieth Century Fox Film Company,distribution,co0053239
20th Century Fox,distribution,co0943364
Centfox-Film,distribution,co0137255
Fox Films,distribution,co0373088
Twentieth Century-Fox,distribution,co0862964
American Broadcasting Company (ABC),distribution,co0037052
CBS/Fox Home Video,distribution,co0042311
Twentieth Century Fox Home Entertainment,distribution,co0189783
Fox Video,distribution,co0017628
CBS/Fox,distribution,co0007496
20th Century Fox Home Entertainment,distribution,co0010224
Twentieth Century Fox,production,co0000756
Mi Casa Multimedia,miscellaneous,co0209028
International Alliance of Theatrical Stage Employees (IATSE),miscellaneous,co0190210
Westrex Recording System,miscellaneous,co0001880
