company_name,company_type,imdb_id,is_major_studio
RKO Radio Pictures,distribution,co0041421,False
RKO Radio Pictures,distribution,co0119009,False
RKO Radio Films A/S,distribution,co0134686,False
RKO Radio Films,distribution,co0413144,False
C&C Television Corporation,distribution,co0101891,False
Turner Home Entertainment,distribution,co0093282,False
Warner Home Video,distribution,co0059995,False
Odeon Entertainment,distribution,co0159739,False
The Criterion Channel,distribution,co0804141,False
American Movie Classics (AMC),distribution,co0019701,False
RKO Radio Pictures,production,co0041421,False
RCA,miscellaneous,co0179360,False
