company_name,company_type,imdb_id,is_major_studio
Universal Pictures,distribution,co0005073,True
Cinema International Corporation (CIC),distribution,co0645080,False
Cinema International Corporation (CIC),distribution,co0534543,False
Cinema International Corporation (CIC),distribution,co0371559,False
Cinema International Corporation (CIC),distribution,co0605538,False
MCA Videocassette,distribution,co0076366,False
Cinema International Corporation (CIC),distribution,co0646535,False
Cinema International Corporation (CIC),distribution,co0184431,False
Cinema International Corporation (CIC),distribution,co0234432,False
Cinema International Corporation (CIC),distribution,co0112372,False
Sonoro Filme,distribution,co0008003,False
RCA (II),distribution,co0036219,False
American Broadcasting Company (ABC),distribution,co0037052,False
Argentina Video Home,distribution,co0031085,False
MCA Home Video,distribution,co0009692,False
MCA/Universal Home Video,distribution,co0060214,False
MTV3,distribution,co1039885,False
NHK-BS2,distribution,co0199367,False
Nelonen,distribution,co0029644,False
Universal Pictures Home Entertainment (UPHE),distribution,co0023827,True
Universal Pictures Home Entertainment,distribution,co0297627,True
Universal Pictures Japan,distribution,co0353649,True
Cinema Foobio,distribution,co0446627,False
Yleisradio (YLE),distribution,co0013526,False
Studio S Entertainment,distribution,co0295135,False
Future Film,distribution,co0079555,False
NBC Universal Entertainment,distribution,co0459508,False
Capelight Pictures,distribution,co0151501,False
DiscoVision,distribution,co0033484,False
Esselte Video,distribution,co0179262,False
Universal Pictures,production,co0005073,True
Bradley's Barn,miscellaneous,co0270254,False
Descriptive Video Works,miscellaneous,co0321535,False
International Alliance of Theatrical Stage Employees (IATSE),miscellaneous,co0190210,False
Kentucky Film Commission,miscellaneous,co0091289,False
Panavision,miscellaneous,co0041930,False
Technicolor,miscellaneous,co0065861,False
Universal Title,miscellaneous,co0108500,False
