company_name,company_type,imdb_id,is_major_studio
United Artists,distribution,co0026841,False
C.B. Films S.A.,distribution,co0064766,False
Dear Film,distribution,co0052819,False
Nova Film,distribution,co0304136,False
Kommunenes Filmcentral (KF),distribution,co0015327,False
20th Century Fox India,distribution,co0092296,True
National Broadcasting Company (NBC),distribution,co0072315,False
Warner Home Video,distribution,co0006383,False
Warner Home Video,distribution,co0059995,False
Warner Home Vidéo,distribution,co0101941,False
CBS/Fox,distribution,co0007496,False
Mainostelevisio (MTV3),distribution,co0069920,False
TF1,distribution,co0028766,False
Audio Visual Enterprises,distribution,co0006126,False
Key Video,distribution,co0021293,False
MGM Home Entertainment,distribution,co0015461,True
TV3,distribution,co0102029,False
M6,distribution,co0037417,False
Chapel Distribution,distribution,co0258711,False
RTL9,distribution,co0570072,False
PFC Vidéo,distribution,co0035514,False
Nelonen,distribution,co0029644,False
Metro-Goldwyn-Mayer (MGM),distribution,co0007143,True
Sony Pictures Home Entertainment,distribution,co0137851,True
20th Century Fox Home Entertainment,distribution,co0010224,True
ARTE,distribution,co0014456,False
Future Film,distribution,co0079555,False
Yleisradio (YLE),distribution,co0013526,False
Solaris Distribution,distribution,co0005119,False
20th Century Fox Home Entertainment,distribution,co0280047,True
20th Century Fox Home Entertainment,distribution,co0063964,True
Fox Pathé Europa,distribution,co0107998,False
France Ô,distribution,co0242394,False
Rai Movie,distribution,co0347055,False
The Criterion Collection,distribution,co0044076,False
The Criterion Channel,distribution,co0804141,False
HBO Max,distribution,co0754095,False
Warner Bros. Home Entertainment,distribution,co0705982,True
France 5,distribution,co0088445,False
20th Century Fox Home Entertainment,distribution,co0150813,True
9Gem,distribution,co0781000,False
Kino Lorber,distribution,co0291948,False
MGM/UA Home Entertainment,distribution,co0001770,True
MGM/UA Telecommunications,distribution,co0061822,True
Opção,distribution,co0089679,False
Pluto TV,distribution,co0545791,False
SBS Movies,distribution,co1015846,False
Tubi TV,distribution,co0724460,False
Wicked-Vision Media,distribution,co0640528,False
The Mirisch Corporation,production,co0011112,False
Descriptive Video Works,miscellaneous,co0321535,False
MGM Home Entertainment,miscellaneous,co0015461,True
Roundabout Entertainment,miscellaneous,co0027559,False
