company_name,company_type,imdb_id
Columbia Pictures,distribution,co0050868
Columbia C.E.I.A.D.,distribution,co0092241
Columbia Film,distribution,co0219440
Columbia Films,distribution,co0176177
Columbia Films,distribution,co0031545
Columbia Pictures Proprietary,distribution,co0215212
Columbia Pictures,distribution,co0835295
Columbia-Bavaria Filmgesellschaft m.b.H.,distribution,co0089682
Kamera,distribution,co0617436
Columbia Pictures,distribution,co0877032
Columbia Pictures do Brasil,distribution,co0014351
Columbia Pictures of Argentina,distribution,co0221123
Columbia,distribution,co0400389
American Broadcasting Company (ABC),distribution,co0037052
Progress Film-Verleih,distribution,co0025020
Antenne 2 (A2),distribution,co0530809
Mainostelevisio (MTV3),distribution,co0069920
Columbia Pictures Home Entertainment,distribution,co0051419
BBC One,distribution,co0234667
RCA/Columbia Pictures Home Video,distribution,co0070977
RCA/Columbia Pictures International Video,distribution,co0359121
RCA/Columbia-Hoyts Home Video,distribution,co0057923
Videosonic,distribution,co0061607
BBC Two,distribution,co0234496
Columbia Pictures Entertainment,distribution,co0446085
NHK-BS2,distribution,co0199367
Columbia TriStar Home Video,distribution,co0001850
Sony Pictures Releasing,distribution,co0026545
Yleisradio (YLE),distribution,co0013526
Nelonen,distribution,co0029644
Columbia TriStar Home Entertainment,distribution,co0127120
Columbia TriStar Home Entertainment,distribution,co0753593
Columbia TriStar Home Entertainment,distribution,co0213457
NHK BS Premium,distribution,co0335122
Film4,distribution,co0167631
LA7,distribution,co0212665
Spike,distribution,co0533814
Twilight Time,distribution,co0478467
The Criterion Channel,distribution,co0804141
Richard Hebel Video,distribution,co0239584
Columbia Pictures,production,co0050868
Harold Hecht Corporation,production,co0868135
Pathe UK,miscellaneous,co0068747
