company_name,company_type,imdb_id
Paramount Pictures,distribution,co0023400
Paramount British Pictures,distribution,co0074341
Les Films Paramount,distribution,co0094762
Film AB Paramount,distribution,co0220414
Filmax,distribution,co0027719
Paramount Pictures Japan,distribution,co0573273
Paramount-Films,distribution,co0184442
American Broadcasting Company (ABC),distribution,co0037052
La Cinq (La 5),distribution,co0008958
Paramount Home Entertainment,distribution,co0051891
Lusomundo Audiovisuais,distribution,co0120637
NBC Universal Entertainment,distribution,co0459508
Odeon,distribution,co0000689
Cinefil WOWOW,distribution,co0691619
The Criterion Channel,distribution,co0804141
TCM Cinema,distribution,co0505495
Paramount Channel,distribution,co0796240
Paramount Pictures,production,co0023400
Salem Productions (II),production,co1144945
Dover Productions,production,co0330809
Berliner Synchron,miscellaneous,co0039270
International Alliance of Theatrical Stage Employees (IATSE),miscellaneous,co0190210
Panavision,miscellaneous,co0041930
Westrex Recording System,miscellaneous,co0001880
