company_name,company_type,imdb_id
Warner Bros.,distribution,co0002663
Metro-Goldwyn-Mayer (MGM),distribution,co0007143
Columbia-Warner Distributors,distribution,co0110090
Roadshow Films,distribution,co0058792
Columbia-Warner Filmes de Portugal,distribution,co0438107
Warner Bros. Pictures,distribution,co0342489
Warner-Columbia Film,distribution,co0214905
Warner-Columbia Filmverleih,distribution,co0118308
American Broadcasting Company (ABC),distribution,co0037052
MGM/CBS Home Video,distribution,co0172646
Audio Visual Enterprises,distribution,co0006126
Canal+,distribution,co0028557
MGM Home Entertainment,distribution,co0015461
MGM/UA Home Entertainment,distribution,co0001770
Varus Video,distribution,co0091775
Warner Home Vídeo,distribution,co0089683
Warner Home Video,distribution,co0059995
The Criterion Channel,distribution,co0804141
Metro-Goldwyn-Mayer (MGM),production,co0007143
Warner Bros.,production,co0002663
Rastar Pictures,production,co0047780
Cinemobile System,miscellaneous,co0068270
International Alliance of Theatrical Stage Employees (IATSE),miscellaneous,co0190210
Metro-Goldwyn-Mayer (MGM),miscellaneous,co0007143
Panavision,miscellaneous,co0041930
Turner Entertainment,miscellaneous,co0183824
