company_name,company_type,imdb_id,is_major_studio
Paramount Pictures,distribution,co0023400,True
Paramount British Pictures,distribution,co0074341,False
Film AB Paramount,distribution,co0220414,False
Paramount-Films,distribution,co0184442,False
National Broadcasting Company (NBC),distribution,co0072315,False
Cinema International Corporation (CIC),distribution,co0184431,False
CIC Vídeo,distribution,co0080094,False
Epoca,distribution,co0110063,False
Esselte Video,distribution,co0179262,False
Eureka Entertainment,distribution,co0187355,False
Finnkino,distribution,co0014703,False
La Cinq (La 5),distribution,co0008958,False
Paramount Home Entertainment,distribution,co0051891,False
The Criterion Channel,distribution,co0804141,False
Warner Home Video,distribution,co0059995,False
Yleisradio (YLE),distribution,co0013526,False
Flair Communications,sales,co0528363,False
Paramount Pictures,production,co0023400,True
International Alliance of Theatrical Stage Employees (IATSE),miscellaneous,co0190210,False
