company_name,company_type,imdb_id
Warner Bros.,distribution,co0002663
Columbia-Warner Distributors,distribution,co0110090
Warner Bros. Film,distribution,co0812966
Warner-Columbia Film,distribution,co0214905
Warner-Columbia Film,distribution,co0053539
Damaskinos-Mihailidis (DM) [gr],distribution,co0037230
Dear International,distribution,co0220805
Roadshow Films,distribution,co0058792
Warner Bros. Pictures,distribution,co0498895
Warner Bros. Pictures,distribution,co0342489
Warner-Columbia Films,distribution,co0372744
Warner-Columbia Films,distribution,co0176140
Warner-Columbia Filmverleih,distribution,co0118308
Columbia-Warner Filmes de Portugal,distribution,co0438107
Warner Bros. Pictures Mexico,distribution,co0158349
Warner Bros. Pictures,distribution,co0782945
Warner Bros.,distribution,co0826866
Progress Film-Verleih,distribution,co0025020
National Broadcasting Company (NBC),distribution,co0072315
Produzione Intercontinentale Cinematografica (PIC),distribution,co0009993
MTV3,distribution,co1039885
Télévision Suisse-Romande (TSR),distribution,co0079204
Warner Home Video,distribution,co0918687
Warner Home Vidéo,distribution,co0101941
Audio Visual Enterprises,distribution,co0006126
TV3,distribution,co0102029
Varus Video,distribution,co0091775
Warner Home Video,distribution,co0504146
Warner Home Video,distribution,co0006383
Warner Home Video,distribution,co0059995
Warner Home Vídeo,distribution,co0089683
Master,distribution,co0061463
Seven Sept,distribution,co0011351
Impulso Records,distribution,co0134734
Sinister Film,distribution,co0418922
The Criterion Channel,distribution,co0804141
The Criterion Collection,distribution,co0044076
HBO Max,distribution,co0754095
TCM Cinema,distribution,co0505495
Warner Bros.,production,co0002663
Gus Productions,production,co0027742
Harper's Bazaar,miscellaneous,co0138756
International Alliance of Theatrical Stage Employees (IATSE),miscellaneous,co0190210
Paramount Pictures Scoring Stage M,miscellaneous,co0071981
"Whitney Museum of American Art, New York, NY",miscellaneous,co0137661
