company_name,company_type,imdb_id
Fox Film Corporation,distribution,co0028775
Fox Film Company,distribution,co0660159
Fox Film Company,distribution,co0118488
Fox Film Corporation,distribution,co0282248
Deutsche Vereins-Film,distribution,co0051775
I.V.C.,distribution,co0183653
Suevia Films,distribution,co0026113
20th Century Fox Home Entertainment,distribution,co0010224
BFI Video,distribution,co0106328
YouTube,distribution,co0202446
Mediakunst,sales,co0857665
Frank Borzage Production,production,co0219560
Fox Film Corporation,production,co0028775
Cinema Studio Supply,miscellaneous,co0636271
