company_name,company_type,imdb_id,is_major_studio
Warner Bros.,distribution,co0002663,True
Columbia-Warner Distributors,distribution,co0110090,False
Warner Bros. Film,distribution,co0812966,True
Warner-Columbia Film,distribution,co0214905,False
Warner-Columbia Film,distribution,co0053539,False
Damaskinos-Mihailidis (DM) [gr],distribution,co0037230,False
Dear International,distribution,co0220805,False
Roadshow Films,distribution,co0058792,False
Warner Bros. Pictures,distribution,co0498895,True
Warner Bros. Pictures,distribution,co0342489,True
Warner-Columbia Films,distribution,co0372744,False
Warner-Columbia Films,distribution,co0176140,False
Warner-Columbia Filmverleih,distribution,co0118308,False
Columbia-Warner Filmes de Portugal,distribution,co0438107,False
Warner Bros. Pictures Mexico,distribution,co0158349,True
Warner Bros. Pictures,distribution,co0782945,True
Warner Bros.,distribution,co0826866,True
Progress Film-Verleih,distribution,co0025020,False
National Broadcasting Company (NBC),distribution,co0072315,False
Produzione Intercontinentale Cinematografica (PIC),distribution,co0009993,False
MTV3,distribution,co1039885,False
Télévision Suisse-Romande (TSR),distribution,co0079204,False
Warner Home Video,distribution,co0918687,False
Warner Home Vidéo,distribution,co0101941,False
Audio Visual Enterprises,distribution,co0006126,False
TV3,distribution,co0102029,False
Varus Video,distribution,co0091775,False
Warner Home Video,distribution,co0504146,False
Warner Home Video,distribution,co0006383,False
Warner Home Video,distribution,co0059995,False
Warner Home Vídeo,distribution,co0089683,False
Master,distribution,co0061463,False
Seven Sept,distribution,co0011351,False
Impulso Records,distribution,co0134734,False
Sinister Film,distribution,co0418922,False
The Criterion Channel,distribution,co0804141,False
The Criterion Collection,distribution,co0044076,False
HBO Max,distribution,co0754095,False
TCM Cinema,distribution,co0505495,False
Warner Bros.,production,co0002663,True
Gus Productions,production,co0027742,False
Harper's Bazaar,miscellaneous,co0138756,False
International Alliance of Theatrical Stage Employees (IATSE),miscellaneous,co0190210,False
Paramount Pictures Scoring Stage M,miscellaneous,co0071981,True
"Whitney Museum of American Art, New York, NY",miscellaneous,co0137661,False
