company_name,company_type,imdb_id,is_major_studio
Paramount Pictures,distribution,co0023400,True
Paramount Film Service,distribution,co0754555,False
Paramount British Pictures,distribution,co0074341,False
Paramount Film Service,distribution,co0316662,False
Film AB Paramount,distribution,co0220414,False
Filmaktieselskapet Paramount,distribution,co1022855,False
Paramount-Films,distribution,co0184442,False
Filmaktieselskabet Paramount,distribution,co0316507,False
Paramount-Film,distribution,co0160099,False
Paramount Filmes,distribution,co0803844,False
Paramount Films of Argentina,distribution,co0866247,False
National Broadcasting Company (NBC),distribution,co0072315,False
Paramount Home Entertainment,distribution,co0051891,False
NHK-BS2,distribution,co0199367,False
Victor Entertainment,distribution,co0061915,False
The Criterion Channel,distribution,co0804141,False
Hal Wallis Productions,production,co0128419,False
Cannes Film Festival,miscellaneous,co0034345,False
International Alliance of Theatrical Stage Employees (IATSE),miscellaneous,co0190210,False
Theatre Guild,miscellaneous,co0043694,False
Western Electric,miscellaneous,co0033842,False
