company_name,company_type,imdb_id,is_major_studio
United Artists,distribution,co0026841,False
United Artists,distribution,co0103797,False
United Artists,distribution,co0809203,False
Nova Film,distribution,co0304136,False
Towa.,distribution,co0087687,False
Rank Filmes de Portugal,distribution,co0110676,False
American Broadcasting Company (ABC),distribution,co0037052,False
Zweites Deutsches Fernsehen (ZDF),distribution,co0078814,False
Radio Télévision Belge Francophone (RTBF),distribution,co0011677,False
British Broadcasting Corporation (BBC),distribution,co0043107,False
Evangelische Omroep (EO),distribution,co0002171,False
MGM Home Entertainment,distribution,co0015461,True
Warner Home Video,distribution,co0059995,False
Chapel Distribution,distribution,co0258711,False
Olive Films,distribution,co0128842,False
Mary-X Distribution,distribution,co0665058,False
Wicked-Vision Media,distribution,co0640528,False
BS Japan,distribution,co0138281,False
Fox Video Japan,distribution,co0442630,False
MGM/UA Home Entertainment,distribution,co0001770,True
MGM/UA Telecommunications,distribution,co0061822,True
NHK-BS2,distribution,co0199367,False
Pluto TV,distribution,co0545791,False
Playfilm Productions,production,co0069690,False
Film Opticals,specialEffects,co0047593,False
Descriptive Video Works,miscellaneous,co0321535,False
Film Opticals,miscellaneous,co0047593,False
International Alliance of Theatrical Stage Employees (IATSE),miscellaneous,co0190210,False
MGM/UA Home Communications Group,miscellaneous,co0373431,True
MGM/UA Home Entertainment Group,miscellaneous,co0373084,True
