company_name,company_type,imdb_id,is_major_studio
United Artists,distribution,co0026841,False
Artistas Unidos,distribution,co0329492,False
D.A.I. Distribuzione Associata Internazionale,distribution,co0719216,False
Kommunenes Filmcentral (KF),distribution,co0015327,False
Les Artistes Associés S.A.B.,distribution,co0140054,False
Nova Film,distribution,co0304136,False
United Artists (Australasia),distribution,co0877385,False
United Artists,distribution,co0874020,False
United Artists,distribution,co0103797,False
United Artists,distribution,co0809203,False
Constantin Film,distribution,co0080484,False
Los Artistas Unidos de América del Sur,distribution,co0338934,False
United Artists Film-Verleih,distribution,co0294553,False
Dear Film,distribution,co0052819,False
Minerva Film AB,distribution,co0035910,False
Centrala Wynajmu Filmów,distribution,co0396741,False
British Broadcasting Corporation (BBC),distribution,co0043107,False
Constantin Film,distribution,co0002257,False
Centra Film,distribution,co0402980,False
BBC Two,distribution,co0234496,False
Leofilm Estúdio,distribution,co0730705,False
BBC Video,distribution,co0114992,False
BBC One,distribution,co0234667,False
Republic Pictures Home Video,distribution,co0075944,False
TF1,distribution,co0028766,False
Rosenbergs Filmbyrå,distribution,co0217669,False
The Criterion Collection,distribution,co0044076,False
Republic Pictures,distribution,co0020540,False
Chapel Distribution,distribution,co0258711,False
Republic Entertainment,distribution,co0080718,False
Kinowelt Home Entertainment,distribution,co0019532,False
Paramount Pictures,distribution,co0023400,True
Universal Home Entertainment,distribution,co0110681,False
Universal Pictures,distribution,co0105063,True
VellaVisión,distribution,co0118310,False
Paramount Television,distribution,co0053559,False
Odeon,distribution,co0000689,False
Paramount Home Entertainment,distribution,co0051891,False
Maple Pictures,distribution,co0160115,False
Lionsgate Home Entertainment,distribution,co0292909,False
Olive Films,distribution,co0122304,False
Olive Films,distribution,co0128842,False
Arthaus,distribution,co0608555,False
Research Entertainment,distribution,co0572515,False
Film4,distribution,co0167631,False
Filmjuwelen,distribution,co0413796,False
Topanga Canyon Films,distribution,co0775977,False
Eureka Entertainment,distribution,co0187355,False
YouTube,distribution,co0202446,False
C8,distribution,co0606370,False
C.B. Films S.A.,distribution,co0064766,False
New Arts Associates,distribution,co0719215,False
Variety Film Production,distribution,co0026157,False
CBS/Fox Home Video,distribution,co0042311,False
Malofilm Home Video,distribution,co0024706,False
NHK BS1,distribution,co0732045,False
NHK Kyôiku,distribution,co0215128,False
NHK Sôgô,distribution,co0211950,False
NHK-BS2,distribution,co0199367,False
NTA Home Entertainment,distribution,co0021399,False
National Telefilm Associates (NTA),distribution,co0054771,False
Pluto TV,distribution,co0545791,False
RCA (II),distribution,co0036219,False
Sinister Film,distribution,co0418922,False
Taurus Video,distribution,co0099408,False
The Nostalgia Merchant,distribution,co0154895,False
Worldvision Enterprises,distribution,co0080243,False
Stanley Kramer Productions,production,co0136675,False
International Alliance of Theatrical Stage Employees (IATSE),miscellaneous,co0190210,False
Sound Services,miscellaneous,co0035997,False
Western Electric,miscellaneous,co0033842,False
