company_name,company_type,imdb_id
United Artists,distribution,co0026841
United Artists,distribution,co0103797
Kommunenes Filmcentral (KF),distribution,co0015327
Nova Film,distribution,co0304136
CBS,distribution,co0070627
MGM/UA Home Entertainment,distribution,co0001770
MGM Home Entertainment,distribution,co0015461
Mainostelevisio (MTV3),distribution,co0069920
Warner Home Video,distribution,co0059995
Metro-Goldwyn-Mayer (MGM),distribution,co0007143
20th Century Fox Home Entertainment,distribution,co0010224
Classicline,distribution,co0101899
Kino Lorber,distribution,co0291948
Twilight Time,distribution,co0478467
Yleisradio (YLE),distribution,co0013526
UCM.ONE,distribution,co0682946
Epoca,distribution,co0110063
Warner Home Vídeo,distribution,co0089683
Walter Wanger Productions,production,co0035064
International Alliance of Theatrical Stage Employees (IATSE),miscellaneous,co0190210
Westrex Recording System,miscellaneous,co0001880
