company_name,company_type,imdb_id,is_major_studio
Union Générale Cinématographique (UGC),distribution,co0069524,False
Artificial Eye,distribution,co0053637,False
Orion Classics,distribution,co0110088,False
Concorde Film,distribution,co0051881,False
Columbia TriStar Films de Argentina,distribution,co0003581,False
Kommunenes Filmcentral (KF),distribution,co0015327,False
New Vision Films,distribution,co0002359,False
Concorde Filmverleih,distribution,co0012770,False
Herald Ace,distribution,co0086452,False
Vans,distribution,co0036689,False
Concorde Video,distribution,co0198993,False
Fox Video,distribution,co0077922,False
Image Entertainment,distribution,co0013585,False
Pioneer LDC,distribution,co0054537,False
Video Omega,distribution,co0022415,False
Concorde Video,distribution,co0231842,False
Excalibur Benelux,distribution,co0207362,False
NHK-BS2,distribution,co0199367,False
Concorde Home Entertainment,distribution,co0003079,False
Suevia Films,distribution,co0026113,False
MGM Home Entertainment,distribution,co0015461,True
Atlantic Film,distribution,co0182772,False
Umbrella Entertainment,distribution,co0122766,False
Video Film Express,distribution,co0068056,False
Filmarti,distribution,co0432076,False
IVC,distribution,co0668705,False
NHK BS Premium,distribution,co0335122,False
Carlotta Films,distribution,co0037047,False
The Criterion Channel,distribution,co0804141,False
A Contracorriente Films,distribution,co0296469,False
Sandrews,distribution,co0077687,False
3Sat,distribution,co0053646,False
3sat,distribution,co0220887,False
3sat,distribution,co0046385,False
ARTE Mediathek,distribution,co0706542,False
ARTE Mediathek,distribution,co0979389,False
ARTE,distribution,co0164664,False
ARTE,distribution,co0014456,False
ATV2,distribution,co0538263,False
Amazon Instant Video,distribution,co0337718,False
BR Fernsehen,distribution,co0203048,False
Bayerischer Rundfunk (BR),distribution,co0051615,False
C/FP Video,distribution,co0089174,False
DVD Magic,distribution,co0055469,False
LK-TEL Vídeo,distribution,co0137250,False
LW Editora,distribution,co0094750,False
Lagardère Studios Distribution,distribution,co0565618,False
Orion Home Video,distribution,co0022845,False
RTL,distribution,co0049524,False
SF 1,distribution,co0887587,False
SF2,distribution,co0887588,False
SRF 1,distribution,co0728049,False
Schweizer Fernsehen (SF),distribution,co0015806,False
Schweizer Radio und Fernsehen (SRF),distribution,co0424038,False
Sony Entertainment Television,distribution,co0434265,False
TNT Film,distribution,co0350722,False
Tele 5 TM-TV,distribution,co0369900,False
Tele 5,distribution,co0118322,False
VOX,distribution,co0070756,False
Lagardère Studios Distribution,sales,co0565618,False
Hachette Première,production,co0065791,False
Caméra One,production,co0050287,False
Union Générale Cinématographique (UGC),production,co0069524,False
DD Productions,production,co0039740,False
Films A2,production,co0005065,False
Sofinergie 1,production,co0002022,False
Investors Club,production,co0032900,False
Centre national du cinéma et de l'image animée (CNC),production,co0031991,False
Cinésyl,miscellaneous,co0081685,False
Les Ateliers du Costume,miscellaneous,co0000021,False
