company_name,company_type,imdb_id,is_major_studio
Metro-Goldwyn-Mayer (MGM),distribution,co0007143,True
Regal Films,distribution,co0066800,False
Metro Goldwyn Mayer,distribution,co0629989,False
Film AB Le Mat-Metro-Goldwyn,distribution,co0377994,False
MGM Home Entertainment,distribution,co0015461,True
Warner Home Video,distribution,co0059995,False
Metro-Goldwyn-Mayer (MGM),distribution,co0819129,True
Metro-Goldwyn-Mayer (MGM),production,co0007143,True
Motion Picture Producers and Distributors Association of America,miscellaneous,co0439586,False
Turner Entertainment,miscellaneous,co0183824,False
