company_name,company_type,imdb_id,is_major_studio
United Artists,distribution,co0026841,False
Les Artistes Associés,distribution,co0289659,False
Nova Film,distribution,co0304136,False
United Artists (A-Asia),distribution,co0663286,False
United Artists,distribution,co0103797,False
C.B. Films S.A.,distribution,co0064766,False
Kommunenes Filmcentral (KF),distribution,co0015327,False
Rank Filmes de Portugal,distribution,co0110676,False
United Artists Corporation,distribution,co0799090,False
American Broadcasting Company (ABC),distribution,co0037052,False
Intervision Video,distribution,co0119598,False
VidAmerica,distribution,co0051030,False
Magnetic Video,distribution,co0089127,False
Warner Home Video,distribution,co0006383,False
Warner Home Video,distribution,co0059995,False
CBS/Fox,distribution,co0007496,False
Yleisradio (YLE),distribution,co0013526,False
The Criterion Collection,distribution,co0044076,False
MGM/UA Home Entertainment,distribution,co0001770,True
Philips,distribution,co0079136,False
Chapel Distribution,distribution,co0258711,False
RCA SelectaVision VideoDiscs,distribution,co0109029,False
Scanvideo,distribution,co0185825,False
Mainostelevisio (MTV3),distribution,co0069920,False
Gativideo,distribution,co0044350,False
MGM Home Entertainment,distribution,co0015461,True
Asociace Ceských Filmových Klubu (ACFK),distribution,co0084798,False
Asociácia slovenských filmových klubov (ASFK),distribution,co0216844,False
Nelonen,distribution,co0029644,False
20th Century Fox Home Entertainment,distribution,co0010224,True
New Star,distribution,co0078852,False
Blu Shine,distribution,co0287353,False
FS Film,distribution,co0363592,False
Arrow Films,distribution,co0042468,False
Vrijzinnig Protestantse Radio Omroep (VPRO),distribution,co0018439,False
Park Circus,distribution,co0480858,False
HBO Max,distribution,co0754095,False
The Criterion Channel,distribution,co0804141,False
MGM/UA Communications Co.,distribution,co0312972,True
NHK-BS2,distribution,co0199367,False
Jack Rollins & Charles H. Joffe Productions,production,co0008432,False
Rollins-Joffe Productions,production,co0100349,False
Magnofex,miscellaneous,co0157328,False
E.U.E. Opticals,miscellaneous,co0088697,False
Screen Gems,miscellaneous,co0010568,False
Computer Opticals,miscellaneous,co0080342,False
Télévision Rencontre,miscellaneous,co0075269,False
Budget Rent-a-Car,miscellaneous,co0037151,False
The City of New York,miscellaneous,co0085975,False
International Alliance of Theatrical Stage Employees (IATSE),miscellaneous,co0190210,False
Metro-Goldwyn-Mayer (MGM),miscellaneous,co0007143,True
Murakami Films,miscellaneous,co0573476,False
Panavision,miscellaneous,co0041930,False
Roundabout Entertainment,miscellaneous,co0027559,False
