company_name,company_type,imdb_id,is_major_studio
Twentieth Century Fox,distribution,co0000756,False
Fox Films,distribution,co0373088,False
Twentieth Century Fox Film Company,distribution,co0053239,False
Twentieth Century Fox,distribution,co0711817,False
20th Century Fox Australia,distribution,co0063989,True
20th Century Fox India,distribution,co0092296,True
20th Century Fox,distribution,co0943364,True
Fox Norena Film A/S,distribution,co0608044,False
Fox Filmes,distribution,co0106860,False
American Broadcasting Company (ABC),distribution,co0037052,False
Magnetic Video,distribution,co0089127,False
National Broadcasting Company (NBC),distribution,co0072315,False
CBS/Fox,distribution,co0094754,False
20th Century Fox Video,distribution,co0605838,True
CBS/Fox,distribution,co0007496,False
CBS/Fox Home Video,distribution,co0042311,False
CBS Electronics,distribution,co0248464,False
La Cinq (La 5),distribution,co0008958,False
Fox Video,distribution,co0017628,False
20th Century Fox Home Entertainment,distribution,co0010224,True
France 3,distribution,co0061460,False
20th Century Fox Home Entertainment,distribution,co0280047,True
Gativideo,distribution,co0044350,False
Svensk Filmindustri (SF),distribution,co0050989,False
RTL9,distribution,co0570072,False
Télé Monté Carlo (TMC),distribution,co0204587,False
Direct 8,distribution,co0351386,False
Fox Pathé Europa,distribution,co0107998,False
Paris Première,distribution,co0050894,False
20th Television,distribution,co0161074,False
The Walt Disney Company,distribution,co0044374,True
The Criterion Channel,distribution,co0804141,False
20th Century Fox Home Entertainment,distribution,co0150813,True
Abril Vídeo,distribution,co0057299,False
Twentieth Century Fox,production,co0000756,False
Armies of the World,miscellaneous,co0204644,False
International Alliance of Theatrical Stage Employees (IATSE),miscellaneous,co0190210,False
KO Creative,miscellaneous,co0353187,False
Pacific Title,miscellaneous,co0001256,False
Panavision,miscellaneous,co0041930,False
Spanish Army,miscellaneous,co0317567,False
THX Ltd.,miscellaneous,co0131611,False
U.S. Army,miscellaneous,co0007320,False
