company_name,company_type,imdb_id
Universal Pictures,distribution,co0005073
Empire Universal Films,distribution,co0107978
General Film Distributors (GFD),distribution,co0105971
Universal Pictures Proprietary,distribution,co0219586
Société Anonyme Universal-Film,distribution,co0755211
Universal Film,distribution,co0251089
Universal Films Argentina,distribution,co0215230
Universal Film,distribution,co0666801
Filmiseppo,distribution,co0011979
Universal Filmverleih,distribution,co0241799
Mundus Television,distribution,co0769033
Budd Rogers Releasing Corporation,distribution,co0033417
National Telefilm Associates (NTA),distribution,co0054771
Yleisradio (YLE),distribution,co0013526
Republic Pictures Home Video,distribution,co0075944
Republic Pictures,distribution,co0020540
Malofilm Home Video,distribution,co0024706
Worldvision Enterprises,distribution,co0080243
Artisan Entertainment,distribution,co0014903
Paramount Television,distribution,co0053559
Olive Films,distribution,co0128842
Filmjuwelen,distribution,co0413796
MTV Video,distribution,co0361622
Rauutukirja,distribution,co0361686
Kanin Productions,production,co0351717
International Alliance of Theatrical Stage Employees (IATSE),miscellaneous,co0190210
Western Electric,miscellaneous,co0033842
Republic Entertainment,miscellaneous,co0080718
