company_name,company_type,imdb_id
Universal Pictures,distribution,co0005073
Associated Film Distribution (AFD),distribution,co0045051
United International Pictures (UIP),distribution,co0074139
United International Pictures (UIP),distribution,co0113995
United International Pictures (UIP),distribution,co0043417
United International Pictures (UIP),distribution,co0112572
Cinema International Corporation (CIC),distribution,co0112372
United International Pictures (UIP),distribution,co0016600
CBS/Fox Home Video,distribution,co0042311
Precision Video,distribution,co0232508
20th Century Fox Argentina,distribution,co0007180
CBS/Fox Video,distribution,co0212901
CBS/Fox,distribution,co0007496
Showtime,distribution,co0903913
British Broadcasting Corporation (BBC),distribution,co0043107
CBS,distribution,co0070627
CBS/Fox,distribution,co0094754
Canal+,distribution,co0028557
Channel 5 Video,distribution,co0773190
CBS/Fox,distribution,co0226201
TV3,distribution,co0102029
Algemene Vereniging Radio Omroep (AVRO),distribution,co0038548
M6,distribution,co0037417
Yleisradio (YLE),distribution,co0013526
PolyGram Television,distribution,co0001954
Pioneer Entertainment,distribution,co0041945
Mainostelevisio (MTV3),distribution,co0069920
Carlton Video,distribution,co0077298
ITV DVD,distribution,co0195491
Universal Pictures Video,distribution,co0824421
Maple Pictures,distribution,co0160115
Nelonen,distribution,co0029644
Universal Pictures Home Entertainment,distribution,co0297627
Universal Sony Pictures Home Entertainment Nordic,distribution,co0533783
Shout! Factory,distribution,co0110208
ITV Studios Home Entertainment,distribution,co0312028
Rai Movie,distribution,co0347055
Umbrella Entertainment,distribution,co0122766
Premium Cine,distribution,co0091085
Editora Europa,distribution,co0113334
Esselte Video,distribution,co0179262
Versátil Home Vídeo,distribution,co0090507
Incorporated Television Company (ITC),production,co0103220
Keith Barish Productions,production,co0009677
Bronx Community College,miscellaneous,co0250919
Camera Mart,miscellaneous,co0028623
Clein & Feldman Associates,miscellaneous,co0020026
Computer Opticals,miscellaneous,co0080342
Flatbush Development,miscellaneous,co0302381
International Alliance of Theatrical Stage Employees (IATSE),miscellaneous,co0190210
Jadran Film,miscellaneous,co0023529
Navarro-Bertoni Casting,miscellaneous,co0081565
New York City Tactical Police Unit,miscellaneous,co0302386
Photomagnetic Sound Studios,miscellaneous,co0074690
"The New York City Mayor's Office of Film, Theatre & Broadcasting",miscellaneous,co0051113
Titra Film New York,miscellaneous,co0258388
