company_name,company_type,imdb_id,is_major_studio
Warner Bros.,distribution,co0002663,True
Warner Bros. Continental Films,distribution,co0028883,True
Dominant Pictures Corporation,distribution,co0001088,False
20th Century Fox Video,distribution,co0605838,True
CBS/Fox,distribution,co0007496,False
MGM/UA Home Entertainment,distribution,co0001770,True
MGM Home Entertainment,distribution,co0015461,True
Chapel Distribution,distribution,co0258711,False
Warner Home Video,distribution,co0059995,False
Warner Home Vidéo,distribution,co0101941,False
Motion Picture Export Association (MPEA),distribution,co0311878,False
Sociedade Importadora de Filmes (SIF),distribution,co0022305,False
Epoca,distribution,co0110063,False
HBO Max,distribution,co0754095,False
RCA (II),distribution,co0036219,False
The Criterion Collection,distribution,co0044076,False
Warner Bros.,production,co0002663,True
International Alliance of Theatrical Stage Employees (IATSE),miscellaneous,co0190210,False
Motion Picture Producers and Distributors Association of America,miscellaneous,co0439586,False
RCA,miscellaneous,co0179360,False
