company_name,company_type,imdb_id
Paramount Pictures,distribution,co0023400
Paramount Home Video,distribution,co1044155
Nova Film,distribution,co0304136
Sociedade Importadora de Filmes (SIF),distribution,co0022305
United International Pictures (UIP),distribution,co0112572
United International Pictures (UIP),distribution,co0012851
United International Pictures (UIP),distribution,co0097405
United International Pictures (UIP),distribution,co0016600
United International Pictures (UIP),distribution,co0000994
United International Pictures (UIP),distribution,co0074139
United International Pictures (UIP),distribution,co0043417
United International Pictures (UIP),distribution,co0113995
United International Pictures,distribution,co0097402
CIC Video,distribution,co0021304
CIC-Taft Home Video,distribution,co0023596
Paramount Films of India,distribution,co0318358
Esselte Video,distribution,co0179262
National Broadcasting Company (NBC),distribution,co0072315
CIC Vídeo,distribution,co0080094
Mainostelevisio (MTV3),distribution,co0069920
Nelonen,distribution,co0029644
Paramount Pictures Home Video,distribution,co1061662
Finnkino,distribution,co0014703
Paramount Home Entertainment,distribution,co0051891
Yleisradio (YLE),distribution,co0013526
Fox-Paramount Home Entertainment,distribution,co0453999
Warner Home Video,distribution,co0059995
Park Circus,distribution,co0480858
HBO Max,distribution,co0754095
The Criterion Channel,distribution,co0804141
Les Acacias,distribution,co0006405
Paramount Channel,distribution,co0796240
Pluto TV,distribution,co0545791
Argentina Video Home,distribution,co0031085
Magicbox,distribution,co0952748
Paramount Pictures,production,co0023400
"City of Lincoln, Nebraska",miscellaneous,co0245750
Dolby Laboratories,miscellaneous,co0047023
"Doster, Keigley & Rhodes",miscellaneous,co0057807
International Alliance of Theatrical Stage Employees (IATSE),miscellaneous,co0190210
Lincoln General Hospital,miscellaneous,co0245774
Meredith Long & Company,miscellaneous,co0245828
Modern Film Effects,miscellaneous,co0137074
Nebraska Film Office,miscellaneous,co0091869
Panavision,miscellaneous,co0041930
Record Plant Scoring,miscellaneous,co0107605
The Greater Houston Convention and Visitors Council,miscellaneous,co0245748
"The New York City Mayor's Office of Film, Theatre & Broadcasting",miscellaneous,co0051113
