company_name,company_type,imdb_id
Warner Bros.,distribution,co0002663
Vitagraph Limited,distribution,co0773608
Warner Brothers Pictures,distribution,co0812621
Warner Bros. First National Films,distribution,co0220585
Warner Brothers First National Films,distribution,co0535067
Warner Brothers First National Films,distribution,co0692919
M.P.E.A.,distribution,co0234054
Rozdelovna Filmu Ceskoslovenského Státního Filmu,distribution,co0114715
Associated Artists Productions (AAP),distribution,co0083858
MGM Home Entertainment,distribution,co0015461
Warner Home Video,distribution,co0059995
Cinema First,distribution,co0982940
MGM/UA Home Entertainment,distribution,co0001770
Cosmopolitan Productions,production,co0073404
Warner Bros.,production,co0002663
