company_name,company_type,imdb_id,is_major_studio
Metro-Goldwyn-Mayer (MGM),distribution,co0007143,True
Metro,distribution,co0608043,False
CBS,distribution,co0070627,False
CEL-MGM/UA Home Video,distribution,co0884625,True
MGM Home Entertainment,distribution,co0015461,True
MGM/UA Home Entertainment,distribution,co0001770,True
Warner Home Video,distribution,co0059995,False
HBO Max,distribution,co0754095,False
Afton-Linebrook,production,co0135434,False
International Alliance of Theatrical Stage Employees (IATSE),miscellaneous,co0190210,False
Turner Entertainment,miscellaneous,co0183824,False
Westrex Recording System,miscellaneous,co0001880,False
