company_name,company_type,imdb_id,is_major_studio
Metro-Goldwyn-Mayer (MGM),distribution,co0007143,True
Regal Films,distribution,co0066800,False
Jury Metro-Goldwyn,distribution,co0137738,False
Film AB Le Mat-Metro-Goldwyn,distribution,co0377994,False
Metro-Goldwyn-Mayer (MGM),distribution,co0819129,True
Warner Home Video,distribution,co0059995,False
The Criterion Channel,distribution,co0804141,False
MGM/UA Home Entertainment,distribution,co0001770,True
Metro-Goldwyn-Mayer (MGM),production,co0007143,True
Motion Picture Producers and Distributors Association of America,miscellaneous,co0439586,False
