company_name,company_type,imdb_id,is_major_studio
Warner Bros.,distribution,co0002663,True
Warner-Pathé Distributors,distribution,co0106012,False
Warner-Tonefilm,distribution,co0214931,False
Warner Bros. Pictures,distribution,co0342489,True
CBS,distribution,co0070627,False
1ère chaîne ORTF,distribution,co0268070,False
Mainostelevisio (MTV3),distribution,co0069920,False
TVP1,distribution,co0073958,False
Warner Home Video,distribution,co0059995,False
Warner Home Video,distribution,co0077674,False
Warner Home Video,distribution,co0142160,False
Warner Home Video,distribution,co0189793,False
The Criterion Channel,distribution,co0804141,False
Warner Bros.,production,co0002663,True
Chenault Productions,production,co0037402,False
International Alliance of Theatrical Stage Employees (IATSE),miscellaneous,co0190210,False
Descriptive Video Works,miscellaneous,co0321535,False
