company_name,company_type,imdb_id,is_major_studio
Park Circus,distribution,co0130598,False
United Artists,distribution,co0103797,False
Dear Film,distribution,co0052819,False
Les Artistes Associés (United Artists),distribution,co0234098,False
Nova Film,distribution,co0304136,False
United Artists,distribution,co0026841,False
Kommunenes Filmcentral (KF),distribution,co0015327,False
Rank Filmes de Portugal,distribution,co0110676,False
Warner Home Video,distribution,co0059995,False
Image Entertainment,distribution,co0013585,False
Chapel Distribution,distribution,co0258711,False
MGM Home Entertainment,distribution,co0015461,True
20th Century Fox Home Entertainment,distribution,co0108018,True
BFI Video,distribution,co0106328,False
The Criterion Collection,distribution,co0044076,False
Versátil Home Vídeo,distribution,co0090507,False
Brandywine Productions,production,co0132161,False
