company_name,company_type,imdb_id,is_major_studio
Columbia Pictures,distribution,co0050868,True
Columbia C.E.I.A.D.,distribution,co0092241,False
Columbia Film,distribution,co0219440,False
Columbia Films,distribution,co0139447,False
Columbia Films of India,distribution,co0215257,False
Columbia Pictures Corporation,distribution,co0108852,True
Columbia Pictures of Canada,distribution,co0130303,True
Sony Pictures Releasing,distribution,co0145664,True
Columbia Film-Verleih,distribution,co0257569,False
Columbia Films,distribution,co0031545,False
Columbia Pictures of Argentina,distribution,co0221123,True
Mainostelevisio (MTV3),distribution,co0069920,False
Acteurs Auteurs Associés (AAA),distribution,co0000697,False
NHK BS1,distribution,co0732045,False
NHK Kyôiku,distribution,co0215128,False
Videosonic,distribution,co0061607,False
NHK-BS2,distribution,co0199367,False
Columbia TriStar Home Video,distribution,co0001850,False
Yleisradio (YLE),distribution,co0013526,False
Sony Pictures Home Entertainment,distribution,co0137851,True
Egmont Entertainment,distribution,co0135306,False
Action Cinéma,distribution,co0119623,False
Sony Video,distribution,co0080433,False
The Criterion Collection,distribution,co0044076,False
Universal Sony Pictures Home Entertainment Nordic,distribution,co0533783,True
Park Circus,distribution,co0480858,False
Sony Pictures Home Entertainment,distribution,co0769046,True
Sony Pictures Television,distribution,co0086397,True
Fathom Events,distribution,co0360057,False
Neo Films,distribution,co0479568,False
NHK BS4K,distribution,co0827115,False
The Criterion Channel,distribution,co0804141,False
LK-TEL Vídeo,distribution,co0137250,False
RCA/Columbia Pictures Home Video,distribution,co0070977,True
RCA/Columbia-Hoyts Home Video,distribution,co0057923,False
Horizon Pictures,production,co0218910,False
Western Electric,miscellaneous,co0033842,False
