company_name,company_type,imdb_id,is_major_studio
Twentieth Century Fox,distribution,co0000756,False
20th Century Fox Argentina,distribution,co0007180,True
Finnkino,distribution,co0014703,False
Fox Columbia TriStar Films,distribution,co0628925,False
Fox Film,distribution,co0220007,False
Holland Film Releasing,distribution,co0502978,False
Kommunenes Filmcentral (KF),distribution,co0015327,False
Twentieth Century Fox Film Company,distribution,co0053239,False
CBS / Fox Video,distribution,co0266215,False
CBS/Fox Home Video,distribution,co0042311,False
CBS/Fox Video,distribution,co0212901,False
CBS/Fox,distribution,co0094754,False
CBS/Fox,distribution,co0007496,False
Mayco,distribution,co0130375,False
Showtime Video,distribution,co0087627,False
20th Century Fox India,distribution,co0092296,True
CBS Electronics,distribution,co0248464,False
Fox Video,distribution,co0166027,False
Canal+,distribution,co0028557,False
Fox Network,distribution,co0070925,False
20th Century Fox Home Entertainment,distribution,co0010224,True
20th Century Fox Home Entertainment,distribution,co0280047,True
Mainostelevisio (MTV3),distribution,co0069920,False
Fox Video,distribution,co0017628,False
Nelonen,distribution,co0029644,False
Twentieth Century Fox Home Entertainment,distribution,co0189783,False
FS Film,distribution,co0363592,False
Film1,distribution,co0313320,False
SF Norge A/S,distribution,co0002093,False
Svensk Filmindustri (SF),distribution,co0050989,False
SubTV,distribution,co0102030,False
Warner Home Video,distribution,co0059995,False
Fathom Events,distribution,co0360057,False
Filmconfect Home Entertainment,distribution,co0299302,False
20th Century Fox Home Entertainment,distribution,co0150813,True
Twentieth Century Fox,production,co0000756,False
Amercent Films,production,co0022392,False
American Entertainment Partners L.P.,production,co0065783,False
Charivari,miscellaneous,co0085843,False
Cinema Research,miscellaneous,co0058110,False
Clein & Feldman Associates,miscellaneous,co0020026,False
Dolby Stereo,miscellaneous,co0389069,False
Encore Eclectic Props,miscellaneous,co0566556,False
International Alliance of Theatrical Stage Employees (IATSE),miscellaneous,co0190210,False
Lucasfilm THX / TAP Theater Alignment Program,miscellaneous,co0172511,False
New York Stock Exchange Inc.,miscellaneous,co0139301,False
Pacific Title,miscellaneous,co0001256,False
Quotron Systems,miscellaneous,co0176600,False
Robert Stock,miscellaneous,co0028015,False
Ryder Sound Services,miscellaneous,co0004996,False
SMA Video,miscellaneous,co0173265,False
Salvatore Ferragamo,miscellaneous,co0250161,False
Sylvia Fay Casting,miscellaneous,co0119132,False
Sylvia Fay/Lee Genick & Associates Casting,miscellaneous,co0182812,False
Telerate,miscellaneous,co0176628,False
The Burbank Studios,miscellaneous,co0098869,False
Todd Thaler Casting,miscellaneous,co0070492,False
Transcontinental Film Corporation,miscellaneous,co0040232,False
