company_name,company_type,imdb_id,is_major_studio
Warner Bros.,distribution,co0002663,True
AMLF,distribution,co0001757,False
Concorde Film,distribution,co0051881,False
Finnkino,distribution,co0014703,False
Highlight Film,distribution,co0001547,False
Hoyts Fox Columbia TriStar Films,distribution,co0768357,False
Life International,distribution,co0076007,False
Monopole-Pathé,distribution,co0004366,False
Norsk Filmdistribusjon,distribution,co0054056,False
Paris Filmes,distribution,co0021161,False
Sandrew Film & Teater AB,distribution,co0497177,False
Toho-Towa,distribution,co0064457,False
Transmundo Films,distribution,co0027133,False
Warner Home Video,distribution,co0059995,False
National Film Development Corporation,distribution,co0798381,False
Concorde Video,distribution,co0231842,False
Excalibur Benelux,distribution,co0207362,False
Oy Europa Vision AB,distribution,co0127117,False
RCA/Columbia-Hoyts Home Video,distribution,co0057923,False
Transmundo Home Video (THV),distribution,co0040022,False
Canal+,distribution,co0028557,False
NHK Sôgô,distribution,co0211950,False
NHK-BS2,distribution,co0199367,False
Paris Vídeo,distribution,co0084801,False
Videomax,distribution,co0357598,False
American Broadcasting Company (ABC),distribution,co0037052,False
Columbia TriStar Home Video,distribution,co0045926,False
4 Front Video,distribution,co0106083,False
Scanbox Entertainment,distribution,co0019016,False
Universal Pictures,distribution,co0105063,True
Force Video,distribution,co0047491,False
Indies Home Entertainment,distribution,co0166075,False
Minerva Pictures,distribution,co0027458,False
Next Video,distribution,co0253870,False
Mainostelevisio (MTV3),distribution,co0069920,False
Europa Filmes,distribution,co0008247,False
Magna Pacific,distribution,co0094784,False
Kinowelt Home Entertainment,distribution,co0019532,False
Emerald,distribution,co0108097,False
Future Film,distribution,co0079555,False
Concorde Home Entertainment,distribution,co0003079,False
Dutch FilmWorks (DFW),distribution,co0024325,False
Fox Pathé Europa,distribution,co0107998,False
Zima Entertainment,distribution,co0076262,False
Disney Channel,distribution,co0022105,False
HBO Max,distribution,co0754095,False
Amazon Prime Video,distribution,co0476953,False
Smile Entertainment,distribution,co0034561,False
Umbrella Entertainment,distribution,co0122766,False
Chérie 25,distribution,co0595140,False
Aquarius TV,distribution,co0153714,False
The Zanuck Company,production,co0093750,False
Allied Filmmakers,production,co0052092,False
Majestic Films International,production,co0067785,False
Introvision International,specialEffects,co0065961,False
Australian Cinematographers Society (ACS),miscellaneous,co0218612,False
Cinema Audio Society (CAS),miscellaneous,co0565479,False
Completion Bond Company,miscellaneous,co0073672,False
D. Bassett & Associates,miscellaneous,co0039491,False
Daisy Company,miscellaneous,co0245782,False
Darlin's Restaurant,miscellaneous,co0245767,False
Descriptive Video Works,miscellaneous,co0321535,False
Dolby Laboratories,miscellaneous,co0047023,False
Dolby Stereo,miscellaneous,co0389069,False
Fulton Supply Company,miscellaneous,co0245780,False
Funn,miscellaneous,co0431057,False
JDH Sound,miscellaneous,co0110578,False
Location Catering of the South,miscellaneous,co0110577,False
Outdoor Today,miscellaneous,co0245759,False
Pacific Title,miscellaneous,co0001256,False
Panavision,miscellaneous,co0041930,False
Playhouse Horisons,miscellaneous,co0158570,False
Skywalker Sound,miscellaneous,co0072003,False
Varèse Sarabande,miscellaneous,co0017459,False
