company_name,company_type,imdb_id,is_major_studio
Titanus,distribution,co0032224,False
Embassy Pictures,distribution,co0066648,False
Les Films Marceau-Cocinor,distribution,co0045230,False
Gala Film Distributors,distribution,co0106006,False
Metro-Goldwyn-Mayer (MGM),distribution,co0007143,True
Metro Goldwyn Mayer,distribution,co0629989,False
Metro,distribution,co0608043,False
Royal Films,distribution,co0142090,False
Yleisradio (YLE),distribution,co0013526,False
Embassy Home Entertainment,distribution,co0087616,False
TV3,distribution,co0102029,False
Canal+,distribution,co0028557,False
GoodTimes Home Video,distribution,co0081756,False
Castle Communications,distribution,co0172463,False
France 3,distribution,co0061460,False
Force Video,distribution,co0047491,False
Hollywood Classics,distribution,co0049607,False
Laserlight Entertainment,distribution,co0044113,False
Madacy Entertainment,distribution,co0062559,False
Delta Expedition,distribution,co0142895,False
Koch Vision,distribution,co0076214,False
Alpha Video Distributors,distribution,co0017254,False
Brentwood Home Video,distribution,co0040650,False
Kabaya Foods,distribution,co0252780,False
Levné Knihy,distribution,co0267291,False
Emerald,distribution,co0108097,False
Les Acacias,distribution,co0006405,False
Carmen Video,distribution,co0156385,False
Homescreen,distribution,co0189845,False
Films sans Frontières,distribution,co0046687,False
Divisa Home Video,distribution,co0117434,False
L.C.J Editions & Productions,distribution,co0057470,False
Atlantic Film,distribution,co0291961,False
Research Entertainment,distribution,co0572515,False
Chain Production,distribution,co0173715,False
Cult Films,distribution,co0677326,False
Rai 3,distribution,co0009359,False
Cargo Records,distribution,co0266008,False
Endless Classics,distribution,co0602668,False
375 Media,distribution,co0723886,False
El 9 Besepi S.L.,distribution,co0895662,False
Ciné+,distribution,co0346444,False
ARTE,distribution,co0014456,False
Creazioni Home Video,distribution,co0388496,False
De Agostini,distribution,co0095803,False
Epoca,distribution,co0110063,False
Compagnia Cinematografica Champion,production,co0037641,False
Cocinor,production,co0020435,False
Les Films Marceau,production,co0037407,False
Société Générale de Cinématographie (S.G.C.),production,co0005342,False
Artisti Tecnici Associati (ATA),miscellaneous,co0100267,False
Edizioni Bixio S.A.M.,miscellaneous,co0143644,False
Edizioni Bompiani,miscellaneous,co0167168,False
Ferrania,miscellaneous,co0100974,False
Lucherini-Rossetti-Spinola,miscellaneous,co0422708,False
Ricordi,miscellaneous,co0098006,False
