company_name,company_type,imdb_id,is_major_studio
Miramax,distribution,co0022594,False
Sovereign,distribution,co1068563,False
20th Century Fox India,distribution,co0092296,True
Cannon Film Distributors,distribution,co0502621,False
Cineplex Odeon Films,distribution,co0089870,False
Les Films Ariane,distribution,co0042444,False
Palace Pictures,distribution,co0103598,False
Roadshow Films,distribution,co0058792,False
Transmundo Films,distribution,co0027133,False
20th Century Fox Home Entertainment,distribution,co0150813,True
Alliance Atlantis Home Video,distribution,co0090512,False
Alliance Atlantis Video,distribution,co0108079,False
Atlantic Film,distribution,co0182772,False
Cineplex-Odeon Home Video,distribution,co0088050,False
Columbia TriStar Home Video,distribution,co0189864,False
Elephant Films,distribution,co0278486,False
Fox Video Japan,distribution,co0442630,False
Home Box Office Home Video (HBO),distribution,co0077623,False
KSM,distribution,co0322088,False
LK-TEL Vídeo,distribution,co0137250,False
Lions Gate Films Home Entertainment,distribution,co0082557,False
Lionsgate Home Entertainment,distribution,co0292909,False
MCA,distribution,co0007054,False
Malofilm Home Video,distribution,co0024706,False
Miramax Home Entertainment,distribution,co0564364,False
NHK Sôgô,distribution,co0211950,False
NHK-BS2,distribution,co0199367,False
New KSM,distribution,co0245229,False
Premium Cine,distribution,co0091085,False
RCA/Columbia Pictures International Video,distribution,co0128198,True
RCA/Columbia Pictures International Video,distribution,co0358260,True
RCA/Columbia-Hoyts Home Video,distribution,co0057923,False
Reel One Entertainment S.L.,distribution,co0639482,False
Sovereign Pictures,distribution,co0112942,False
Transmundo Home Video (THV),distribution,co0040022,False
Varus Video,distribution,co0091775,False
Worldvision Enterprises,distribution,co0080243,False
Ferndale Films,production,co0049144,False
Granada Television,production,co0103289,False
Hell's Kitchen Films,production,co0019015,False
Raidió Teilifís Éireann (RTÉ),production,co0065724,False
AP Spence & Co.,miscellaneous,co0017440,False
Ardmore Studios,miscellaneous,co0198885,False
Blowup,miscellaneous,co0109853,False
Cine Electric Ltd.,miscellaneous,co0081568,False
Delta Sound Services,miscellaneous,co0105265,False
Fuji Ireland Ltd.,miscellaneous,co0007453,False
Graphicones,miscellaneous,co0074533,False
Guinness Mahon and Company,miscellaneous,co0105339,False
Joe Dunton Cameras Ireland Ltd.,miscellaneous,co0032029,False
Location Catering Services Ltd.,miscellaneous,co0105340,False
Mi Casa Multimedia,miscellaneous,co0209028,False
Peter Govey Film Opticals,miscellaneous,co0044895,False
Screen Scene,miscellaneous,co0113231,False
The Transfer Bay,miscellaneous,co0011030,False
Toronto International Film Festival,miscellaneous,co0047102,False
Twickenham Film Studios,miscellaneous,co0014583,False
Ulster Bank Ltd.,miscellaneous,co0036189,False
Varèse Sarabande,miscellaneous,co0017459,False
Westland Studios Dublin,miscellaneous,co0040155,False
