company_name,company_type,imdb_id,is_major_studio
Independent Film Distributors (IFD),distribution,co0105995,False
Continental Distributing,distribution,co0197188,False
Bavaria-Filmverleih,distribution,co0013307,False
Europa Film,distribution,co0029714,False
Kommunenes Filmcentral (KF),distribution,co0015327,False
Antenne 2 (A2),distribution,co0530809,False
Viacom,distribution,co0077647,False
Fabulous Films,distribution,co0118313,False
La Cinquième,distribution,co0051688,False
France 3,distribution,co0061460,False
Les Films du Camélia,distribution,co0046236,False
UCM.ONE,distribution,co0682946,False
ARTE,distribution,co0014456,False
ARTE,distribution,co0164664,False
Towa.,distribution,co0087687,False
Lion International Films,distribution,co0104223,False
NHK Kyôiku,distribution,co0215128,False
NHK-BS2,distribution,co0199367,False
RCA/Columbia-Hoyts Home Video,distribution,co0057923,False
The Criterion Channel,distribution,co0804141,False
Tohokushinsha Home Video,distribution,co0329177,False
Video Classics,distribution,co0245758,False
Romulus Films,sales,co0103121,False
Romulus Films,production,co0103121,False
Remus,production,co0065340,False
Westrex Recording System,miscellaneous,co0001880,False
