company_name,company_type,imdb_id
Twentieth Century Fox,distribution,co0000756
Twentieth Century Fox Film Company,distribution,co0053239
Twentieth Century Fox,distribution,co0937473
Fox-Stockholm Film Distribution,distribution,co0221636
Filmes Castello Lopes,distribution,co0049459
American Broadcasting Company (ABC),distribution,co0037052
20th Century Fox Argentina,distribution,co0007180
CBS/Fox Video,distribution,co0212901
CBS/Fox,distribution,co0007496
CBS / Fox Video,distribution,co0266215
CBS/Fox,distribution,co0094754
Abril Vídeo,distribution,co0057299
Twentieth Century Fox Home Entertainment,distribution,co0189783
Fox Video,distribution,co0017628
20th Century Fox Home Entertainment,distribution,co0010224
20th Century Fox Home Entertainment,distribution,co0280047
Action Cinémas,distribution,co0368903
20th Century Fox Home Entertainment,distribution,co0150813
Concorde Home Entertainment,distribution,co0003079
20th Century Fox India,distribution,co0092296
City Film,distribution,co0048050
Fox Columbia Film Distributors,distribution,co0629458
CBS/Fox Home Video,distribution,co0042311
Twentieth Century Fox,production,co0000756
Panavision,miscellaneous,co0041930
The Alabama Film Commission,miscellaneous,co0147652
