company_name,company_type,imdb_id
Twentieth Century Fox,distribution,co0000756
Fox-Rank,distribution,co0106045
Fox-Lira,distribution,co0029000
Fox Film,distribution,co0220007
Fox Films,distribution,co0174267
Fox Italia,distribution,co0478980
20th Century Fox Argentina,distribution,co0007180
Aasia Films Pvt. Ltd.,distribution,co0078258
Avala-Genex,distribution,co0238040
RomaniaFilm R.A.,distribution,co0781928
Ken Films,distribution,co0089143
CBS,distribution,co0070627
Magnetic Video,distribution,co0089127
RCA SelectaVision VideoDiscs,distribution,co0109029
Showtime Video,distribution,co0087627
20th Century Fox Video,distribution,co0605838
CBS/Fox Home Video,distribution,co0042311
Abril Vídeo,distribution,co0057299
CBS/Fox Video,distribution,co0806725
CBS/Fox,distribution,co0094754
CBS/Fox,distribution,co0226201
CBS Electronics,distribution,co0248464
TV3,distribution,co0102029
Fox Video,distribution,co0017628
20th Television,distribution,co0161074
Imperial Entertainment Home Video,distribution,co0800972
Mainostelevisio (MTV3),distribution,co0069920
Yleisradio (YLE),distribution,co0013526
20th Century Fox Home Entertainment,distribution,co0150813
20th Century Fox Home Entertainment,distribution,co0010224
20th Century Fox Home Entertainment,distribution,co0280047
SubTV,distribution,co0102030
Svensk Filmindustri (SF),distribution,co0050989
FS Film,distribution,co0363592
Capricci Films,distribution,co0004276
KVH Media Group,distribution,co0488997
Centfox-Film,distribution,co0137255
20th Century Fox CIS,distribution,co0209782
3Sat,distribution,co0053646
3sat,distribution,co0220887
3sat,distribution,co0046385
ARTE Mediathek,distribution,co0706542
ARTE Mediathek,distribution,co0979389
ARTE,distribution,co0164664
ARTE,distribution,co0014456
Amazon Instant Video,distribution,co0337718
Bontonfilm,distribution,co0033954
British Broadcasting Corporation (BBC),distribution,co0043107
DVD Magic,distribution,co0055469
Disney+,distribution,co0721120
Google Play,distribution,co0879800
ITV - Independent Television,distribution,co0015194
Kabel Eins Classics,distribution,co0355813
Kabel Eins,distribution,co0073649
Kabel. 1,distribution,co0982837
MagentaTV,distribution,co0851917
Magic Box,distribution,co0298915
Maxdome Store,distribution,co0202910
Maxdome,distribution,co0916189
ORF 2,distribution,co0348287
Premiere 7,distribution,co0986217
Premiere Filmclassics,distribution,co0952254
RBB Fernsehen,distribution,co0768255
RBB,distribution,co1059146
Rundfunk Berlin-Brandenburg (RBB),distribution,co0099654
SF 1,distribution,co0887587
SF2,distribution,co0887588
SRF 1,distribution,co0728049
SRF zwei,distribution,co0492252
SWR Fernsehen,distribution,co0961937
SWR,distribution,co1069165
Sat.1,distribution,co0003601
Schweizer Fernsehen (SF),distribution,co0015806
Schweizer Radio und Fernsehen (SRF),distribution,co0424038
ServusTV Deutschland,distribution,co0840878
ServusTV,distribution,co0295850
Sky Go,distribution,co0893022
Sky Hits/Sky Hits HD,distribution,co0379754
Sky Nostalgie,distribution,co0905510
Sky Store,distribution,co0985386
Sky Ticket,distribution,co0885190
Südwestrundfunk (SWR),distribution,co0047104
TNT Film,distribution,co0350722
Tele 5 TM-TV,distribution,co0369900
Tele 5,distribution,co0118322
The Criterion Channel,distribution,co0804141
Videoload,distribution,co0362812
Warner TV Film,distribution,co0919124
Youtube Filme & TV,distribution,co1055457
Zweites Deutsches Fernsehen (ZDF),distribution,co0078814
iTunes,distribution,co0694131
Twentieth Century Fox,production,co0000756
Philip D'Antoni Productions,production,co0677209
Schine-Moore Productions,production,co0045508
Pacific Title,miscellaneous,co0001256
Descriptive Video Works,miscellaneous,co0321535
International Alliance of Theatrical Stage Employees (IATSE),miscellaneous,co0190210
Twentieth Century Fox,miscellaneous,co0000756
Westrex Recording System,miscellaneous,co0001880
