company_name,company_type,imdb_id,is_major_studio
Twentieth Century Fox,distribution,co0000756,False
Fox Films,distribution,co0373088,False
Twentieth Century Fox Film Company,distribution,co0053239,False
Twentieth Century-Fox,distribution,co0862964,False
Centfox-Film,distribution,co0137255,False
Central Motion Picture Exchange,distribution,co0248215,False
American Broadcasting Company (ABC),distribution,co0037052,False
Magnetic Video,distribution,co0089127,False
CBS/Fox,distribution,co0007496,False
Key Video,distribution,co0021293,False
Fox Video,distribution,co0017628,False
20th Century Fox Home Entertainment,distribution,co0010224,True
20th Century Fox Home Entertainment,distribution,co0297163,True
Works Editora,distribution,co0127111,False
Twilight Time,distribution,co0478467,False
Eureka Entertainment,distribution,co0187355,False
CBS/Fox Home Video,distribution,co0042311,False
The Criterion Channel,distribution,co0804141,False
Tocantins,distribution,co0090048,False
Twentieth Century Fox,production,co0000756,False
