company_name,company_type,imdb_id
Paramount Pictures,distribution,co0023400
Paramount British Pictures,distribution,co0074341
Paramount Film Service,distribution,co0754555
Paramount Film Service,distribution,co0316662
Paramount-Films,distribution,co0184442
Film AB Paramount,distribution,co0220414
Films Paramount,distribution,co0850646
Metro-Goldwyn-Mayer (MGM),distribution,co0007143
Cinema International Corporation (CIC),distribution,co0645080
MGM/UA Home Entertainment,distribution,co0001770
René Malo Vidéo-Malofilm Video,distribution,co0035057
MGM Home Entertainment,distribution,co0015461
Epoca,distribution,co0110063
I.V.C.,distribution,co0183653
Turner Entertainment,distribution,co0183824
Chapel Distribution,distribution,co0258711
Warner Home Video,distribution,co0142160
Warner Home Video,distribution,co0189793
Warner Home Video,distribution,co0059995
Turner Classic Movies (TCM),distribution,co0011489
Warner Archive Collection,distribution,co0270424
American Movie Classics (AMC),distribution,co0019701
Paramount Pictures,production,co0023400
