company_name,company_type,imdb_id
Universal Pictures,distribution,co0005073
Empire Universal Films,distribution,co0107978
Rank Film Distributors,distribution,co0040156
Nippon Universal Eiga-gaisha,distribution,co0628894
Société Anonyme Universal-Film,distribution,co0755214
Universal Film,distribution,co0666801
Universal Films Argentina,distribution,co0215230
Universal Films of India,distribution,co0794561
Universal Filmverleih,distribution,co0241799
Universal International Pictures (UI),distribution,co0304386
Väinän Filmi,distribution,co0031854
Universal Film,distribution,co0251089
Universal Films Española,distribution,co0030491
National Broadcasting Company (NBC),distribution,co0072315
MCA Videocassette,distribution,co0076366
MCA Home Video,distribution,co0009692
CIC Video,distribution,co0106040
MCA Home Video,distribution,co0232947
MCA/Universal Home Video,distribution,co0060214
Universal Home Video,distribution,co0035519
Universal Studios Home Video,distribution,co0021294
Columbia TriStar Home Video,distribution,co0942170
Columbia TriStar Home Video,distribution,co0942169
RSS Pictures,distribution,co0169693
Egmont Entertainment,distribution,co0135306
Universal Pictures Home Video,distribution,co0752504
Universal Pictures Finland,distribution,co0388514
Universal Pictures Home Entertainment (UPHE),distribution,co0023827
Universal Studios Home Entertainment,distribution,co0429910
Universal Pictures Home Video,distribution,co0180647
Yleisradio (YLE),distribution,co0013526
Lost Films,distribution,co0386243
Giangiacomo Feltrinelli Editore,distribution,co0071275
NBC Universal Television Distribution,distribution,co0131785
Fathom Events,distribution,co0360057
Universal Pictures Home Entertainment,distribution,co0297627
Universal Pictures Home Entertainment,distribution,co0743251
LA7,distribution,co0212665
Danaos,distribution,co0476914
Netflix,distribution,co0144901
Studio Distribution Services (SDS),distribution,co0854530
Jamboree Video,distribution,co0695705
Madacy Entertainment,distribution,co0062559
Pakula-Mulligan,production,co0110362
Brentwood Productions,production,co0110361
Westrex Recording System,miscellaneous,co0001880
