company_name,company_type,imdb_id,is_major_studio
Twentieth Century Fox,distribution,co0000756,False
Twentieth Century Fox Film Company,distribution,co0053239,False
20th Century Fox,distribution,co0943364,True
Centfox-Film,distribution,co0137255,False
Fox Films,distribution,co0373088,False
Twentieth Century-Fox,distribution,co0862964,False
American Broadcasting Company (ABC),distribution,co0037052,False
CBS/Fox Home Video,distribution,co0042311,False
Twentieth Century Fox Home Entertainment,distribution,co0189783,False
Fox Video,distribution,co0017628,False
CBS/Fox,distribution,co0007496,False
20th Century Fox Home Entertainment,distribution,co0010224,True
Twentieth Century Fox,production,co0000756,False
Mi Casa Multimedia,miscellaneous,co0209028,False
International Alliance of Theatrical Stage Employees (IATSE),miscellaneous,co0190210,False
Westrex Recording System,miscellaneous,co0001880,False
