company_name,company_type,imdb_id,is_major_studio
United Artists,distribution,co0026841,False
United Artists,distribution,co0874020,False
United Artists,distribution,co0103797,False
United Artists (Australasia),distribution,co0877385,False
Artistas Unidos,distribution,co0329492,False
Los Artistas Unidos de América del Sur,distribution,co0338934,False
United Artists,distribution,co0809203,False
Kommunenes Filmcentral (KF),distribution,co0015327,False
United Artists,distribution,co0817797,False
Cosmopol-Film,distribution,co0011252,False
American Broadcasting Company (ABC),distribution,co0037052,False
CBS/Fox,distribution,co0007496,False
MGM Home Entertainment,distribution,co0015461,True
MGM/UA Home Entertainment,distribution,co0001770,True
Warner Home Video,distribution,co0059995,False
20th Century Fox Home Entertainment,distribution,co0010224,True
Visual Entertainment Group,distribution,co0187213,False
Kino Lorber,distribution,co0291948,False
Eén,distribution,co0148057,False
Eureka Entertainment,distribution,co0187355,False
Pluto TV,distribution,co0545791,False
Hecht-Lancaster Productions,production,co0074749,False
Steven Productions,production,co0323142,False
International Alliance of Theatrical Stage Employees (IATSE),miscellaneous,co0190210,False
Western Electric,miscellaneous,co0033842,False
