company_name,company_type,imdb_id,is_major_studio
United Artists,distribution,co0026841,False
United Artists,distribution,co0103797,False
Nova Film,distribution,co0304136,False
Kommunenes Filmcentral (KF),distribution,co0015327,False
CBS/Fox,distribution,co0007496,False
MGM/UA Home Entertainment,distribution,co0001770,True
Warner Home Video,distribution,co0059995,False
MGM Home Entertainment,distribution,co0015461,True
Kino Lorber,distribution,co0291948,False
9Gem,distribution,co0781000,False
Epoca,distribution,co0110063,False
FS Film,distribution,co0363592,False
MGM/UA Communications Co.,distribution,co0312972,True
Hecht-Hill-Lancaster Productions,production,co0083880,False
Clifton Productions,production,co0017534,False
Westrex Recording System,miscellaneous,co0001880,False
