company_name,company_type,imdb_id
AVCO Embassy Pictures,distribution,co0066770
AVCO Embassy,distribution,co0149479
Damaskinos-Mihailidis (DM) [gr],distribution,co0037230
Euro International Films,distribution,co0060514
Filmes Castello Lopes,distribution,co0049459
Fox-MGM Film,distribution,co0218708
Triangel Produksjon A/S,distribution,co0022195
Twentieth Century Fox,distribution,co0000756
Cine Internacional de la Argentina (CIA),distribution,co0828553
Tuschinski Film Distribution,distribution,co0024846
National Broadcasting Company (NBC),distribution,co0072315
CBS/Fox Home Video,distribution,co0042311
CBS/Fox,distribution,co0226201
Video Treasures,distribution,co0053518
Indaco Pictures,distribution,co0681711
Magnetic Video,distribution,co0089127
Media Home Entertainment,distribution,co0057219
Paramount Pictures,distribution,co0023400
Spelling Entertainment,distribution,co0096021
Worldvision Enterprises,distribution,co0080243
Brut Productions,production,co0007508
Gordon Film Productions,production,co0058480
Joseph E. Levine Productions,production,co0060073
Lee Lighting,miscellaneous,co0105122
Panavision,miscellaneous,co0041930
