company_name,company_type,imdb_id
Buena Vista Distribution Company,distribution,co1085150
Buena Vista International,distribution,co0916747
Rank Film Distributors Holland,distribution,co0402749
Buena Vista International Mexico,distribution,co0121807
Buena Vista International,distribution,co0958910
Metro Goldwyn Mayer,distribution,co0629989
Sociedade Importadora de Filmes (SIF),distribution,co0022305
Suomi-Filmi,distribution,co0006373
Triangel Produksjon A/S,distribution,co0022195
Walt Disney Filmverleih,distribution,co0306723
Walt Disney Productions,distribution,co0251885
British Empire Films Australia,distribution,co0132853
20th Century Fox,distribution,co0952616
Home Box Office (HBO),distribution,co0008693
RCA SelectaVision VideoDiscs,distribution,co0109029
CBS,distribution,co0070627
BBC One,distribution,co0234667
Disney Channel,distribution,co0022105
Walt Disney Home Video,distribution,co0039330
Gativideo,distribution,co0044350
Rai 1,distribution,co0042527
Walt Disney Home Video,distribution,co0108188
Abril Vídeo,distribution,co0057299
Walt Disney Home Video,distribution,co0472915
Buena Vista International,distribution,co0966487
VideoVisa,distribution,co0149423
Buena Vista Television,distribution,co0078478
Buena Vista International,distribution,co0967209
TBS Superstation,distribution,co0183474
Imperial Entertainment Home Video,distribution,co0800972
The WB Television Network,distribution,co0077535
Walt Disney Home Video,distribution,co0406107
Warner Home Video,distribution,co0059995
Buena Vista International,distribution,co0123419
Walt Disney Home Entertainment,distribution,co0087337
Buena Vista Home Entertainment,distribution,co1033923
Walt Disney Home Entertainment,distribution,co0774695
ABC Family,distribution,co0050794
Walt Disney Studios Home Entertainment,distribution,co0229306
Disney DVD,distribution,co0595325
Walt Disney Studios Home Entertainment,distribution,co0292142
Walt Disney Studios Home Entertainment,distribution,co0298029
Moviemax Family,distribution,co0569809
Walt Disney Studios Home Entertainment,distribution,co1042820
Walt Disney Studios Home Entertainment,distribution,co0244964
American Broadcasting Company (ABC),distribution,co0037052
Disney-ABC Domestic Television,distribution,co0213225
Net5,distribution,co0115441
Eén,distribution,co0148057
Disney+,distribution,co0721120
Freeform,distribution,co0571670
Disney+,distribution,co1132014
Walt Disney Home Video,distribution,co0405683
Walt Disney Productions,production,co0098836
C.D.C.,miscellaneous,co0175651
Fono Roma,miscellaneous,co0068110
International Alliance of Theatrical Stage Employees (IATSE),miscellaneous,co0190210
Lucasfilm THX,miscellaneous,co0366376
RCA,miscellaneous,co0179360
THX Ltd.,miscellaneous,co0131611
Technicolor,miscellaneous,co0065861
Walt Disney Animation Studios,miscellaneous,co0074039
Western Costume Company,miscellaneous,co0054834
