company_name,company_type,imdb_id,is_major_studio
Warner Bros.,distribution,co0002663,True
M.P.E.A.,distribution,co0253625,False
Warner Bros First National,distribution,co0301198,True
United Artists,distribution,co0026841,False
MGM Home Entertainment,distribution,co0015461,True
Warner Home Video,distribution,co0059995,False
Central,distribution,co0222600,False
WOWOW,distribution,co0033264,False
Warner Bros.,production,co0002663,True
MGM/UA Home Entertainment Group,miscellaneous,co0373084,True
