company_name,company_type,imdb_id
Metro-Goldwyn-Mayer (MGM),distribution,co0007143
United International Pictures (UIP),distribution,co0074139
Svenska Filminstitutet (SFI),distribution,co0048118
United International Pictures (UIP),distribution,co0110120
United International Pictures (UIP),distribution,co0043417
United International Pictures (UIP),distribution,co0113995
United International Pictures,distribution,co0839157
CEL-MGM/UA Home Video,distribution,co0884625
MGM Home Entertainment,distribution,co0015461
MGM/UA Home Entertainment,distribution,co0001770
Esselte Video,distribution,co0179262
Gativideo,distribution,co0044350
Metro-Goldwyn-Mayer,distribution,co0795735
British Broadcasting Corporation (BBC),distribution,co0043107
CBS,distribution,co0070627
Televisie Radio Omroep Stichting (TROS),distribution,co0043037
Mainostelevisio (MTV3),distribution,co0069920
Philips,distribution,co0079136
Warner Home Video,distribution,co0059995
KTLA,distribution,co0007077
WPIX,distribution,co0000647
Chapel Distribution,distribution,co0258711
Varus Video,distribution,co0091775
Egmont Entertainment,distribution,co0135306
Nelonen,distribution,co0029644
Sony Pictures Home Entertainment,distribution,co0137851
20th Century Fox Home Entertainment,distribution,co0010224
Encore Avenue,distribution,co0249945
Concorde Home Entertainment,distribution,co0003079
Warner Bros. Home Entertainment,distribution,co0200179
The Criterion Channel,distribution,co0804141
Nine Network Australia,distribution,co0006628
Yleisradio (YLE),distribution,co0013526
Pluto TV,distribution,co0545791
20th Century Fox Home Entertainment,distribution,co0150813
Audio Visual Enterprises,distribution,co0006126
SBS Movies,distribution,co1015846
Warner Home Vídeo,distribution,co0089683
Metro-Goldwyn-Mayer (MGM),production,co0007143
Star Partners,production,co0141156
Dawn Animal Agency,miscellaneous,co0019287
Peggy Siegal Company,miscellaneous,co0075232
Sylvia Fay Casting,miscellaneous,co0119132
Stuart Aikins Casting,miscellaneous,co0275202
J.C. Canadian Catering,miscellaneous,co0232707
Goldin-Feldman,miscellaneous,co0069128
Ferco,miscellaneous,co0019666
William F. White International,miscellaneous,co0020238
Theo Dimson Design Inc.,miscellaneous,co0004416
Film Effects,miscellaneous,co0062555
T.A.B. Inc.,miscellaneous,co0098937
"The Metropolitan Opera, New York",miscellaneous,co0090743
Mayor's Office for New York Film,miscellaneous,co0151178
Canadian Opera Company,miscellaneous,co0151177
The Toronto Film and Television Office,miscellaneous,co0060726
International Alliance of Theatrical Stage Employees (IATSE),miscellaneous,co0190210
Lincoln Center for the Performing Arts,miscellaneous,co0057428
Capitol Records,miscellaneous,co0021734
Kaufman Astoria Studios,miscellaneous,co0144129
Pacific Studios II,miscellaneous,co0009149
