company_name,company_type,imdb_id,is_major_studio
Columbia Pictures,distribution,co0050868,True
Columbia C.E.I.A.D.,distribution,co0092241,False
Columbia Film,distribution,co0219440,False
Columbia Films,distribution,co0176177,False
Columbia Films,distribution,co0031545,False
Columbia Pictures Proprietary,distribution,co0215212,True
Columbia Pictures,distribution,co0835295,True
Columbia-Bavaria Filmgesellschaft m.b.H.,distribution,co0089682,False
Kamera,distribution,co0617436,False
Columbia Pictures,distribution,co0877032,True
Columbia Pictures do Brasil,distribution,co0014351,True
Columbia Pictures of Argentina,distribution,co0221123,True
Columbia,distribution,co0400389,False
American Broadcasting Company (ABC),distribution,co0037052,False
Progress Film-Verleih,distribution,co0025020,False
Antenne 2 (A2),distribution,co0530809,False
Mainostelevisio (MTV3),distribution,co0069920,False
Columbia Pictures Home Entertainment,distribution,co0051419,True
BBC One,distribution,co0234667,False
RCA/Columbia Pictures Home Video,distribution,co0070977,True
RCA/Columbia Pictures International Video,distribution,co0359121,True
RCA/Columbia-Hoyts Home Video,distribution,co0057923,False
Videosonic,distribution,co0061607,False
BBC Two,distribution,co0234496,False
Columbia Pictures Entertainment,distribution,co0446085,True
NHK-BS2,distribution,co0199367,False
Columbia TriStar Home Video,distribution,co0001850,False
Sony Pictures Releasing,distribution,co0026545,True
Yleisradio (YLE),distribution,co0013526,False
Nelonen,distribution,co0029644,False
Columbia TriStar Home Entertainment,distribution,co0127120,False
Columbia TriStar Home Entertainment,distribution,co0753593,False
Columbia TriStar Home Entertainment,distribution,co0213457,False
NHK BS Premium,distribution,co0335122,False
Film4,distribution,co0167631,False
LA7,distribution,co0212665,False
Spike,distribution,co0533814,False
Twilight Time,distribution,co0478467,False
The Criterion Channel,distribution,co0804141,False
Richard Hebel Video,distribution,co0239584,False
Columbia Pictures,production,co0050868,True
Harold Hecht Corporation,production,co0868135,False
Pathe UK,miscellaneous,co0068747,False
