company_name,company_type,imdb_id
Park Circus,distribution,co0130598
United Artists,distribution,co0103797
Dear Film,distribution,co0052819
Les Artistes Associés (United Artists),distribution,co0234098
Nova Film,distribution,co0304136
United Artists,distribution,co0026841
Kommunenes Filmcentral (KF),distribution,co0015327
Rank Filmes de Portugal,distribution,co0110676
Warner Home Video,distribution,co0059995
Image Entertainment,distribution,co0013585
Chapel Distribution,distribution,co0258711
MGM Home Entertainment,distribution,co0015461
20th Century Fox Home Entertainment,distribution,co0108018
BFI Video,distribution,co0106328
The Criterion Collection,distribution,co0044076
Versátil Home Vídeo,distribution,co0090507
Brandywine Productions,production,co0132161
