company_name,company_type,imdb_id,is_major_studio
Paramount Pictures,distribution,co0023400,True
Paramount Film Service,distribution,co0754555,False
Paramount British Pictures,distribution,co0074341,False
Paramount Film Service,distribution,co0316662,False
Paramount Films of Argentina,distribution,co0866247,False
Les Films Paramount,distribution,co0094762,False
Film AB Paramount,distribution,co0220414,False
Paramount Pictures,distribution,co0033409,True
Filmaktieselskapet Paramount,distribution,co1022855,False
Filmaktieselskabet Paramount,distribution,co0316507,False
Paramount-Film,distribution,co0160099,False
Paramount Filmes,distribution,co0803844,False
AFEX,distribution,co0189384,False
CBS,distribution,co0070627,False
Paramount Home Entertainment,distribution,co0051891,False
Warner Archive Collection,distribution,co0270424,False
ARTE,distribution,co0014456,False
The Criterion Channel,distribution,co0804141,False
Hal Wallis Productions,production,co0128419,False
International Alliance of Theatrical Stage Employees (IATSE),miscellaneous,co0190210,False
Western Electric,miscellaneous,co0033842,False
