company_name,company_type,imdb_id
20th Century Fox,distribution,co0943364
Centfox-Film,distribution,co0137255
Fox,distribution,co0877386
Twentieth Century Fox Film Company,distribution,co0053239
Twentieth Century Fox,distribution,co0000756
20th Century Fox Home Entertainment,distribution,co0788854
20th Century Fox Home Entertainment,distribution,co0010224
Acorn Media,distribution,co0174662
CBS / Fox Video,distribution,co0106097
CBS,distribution,co0070627
CBS/Fox,distribution,co0007496
Golem Video,distribution,co0553522
HBO Max,distribution,co0754095
NHK-BS2,distribution,co0199367
Sinister Film,distribution,co0418922
Twilight Time,distribution,co0478467
Twentieth Century-Fox Productions,production,co0103215
Camera Effects,specialEffects,co0018547
Malcolm Bubb Camera Effects,specialEffects,co0974190
