company_name,company_type,imdb_id
Twentieth Century Fox,distribution,co0000756
20th Century Fox Argentina,distribution,co0007180
Finnkino,distribution,co0014703
Fox Columbia TriStar Films,distribution,co0628925
Fox Film,distribution,co0220007
Holland Film Releasing,distribution,co0502978
Kommunenes Filmcentral (KF),distribution,co0015327
Twentieth Century Fox Film Company,distribution,co0053239
CBS / Fox Video,distribution,co0266215
CBS/Fox Home Video,distribution,co0042311
CBS/Fox Video,distribution,co0212901
CBS/Fox,distribution,co0094754
CBS/Fox,distribution,co0007496
Mayco,distribution,co0130375
Showtime Video,distribution,co0087627
20th Century Fox India,distribution,co0092296
CBS Electronics,distribution,co0248464
Fox Video,distribution,co0166027
Canal+,distribution,co0028557
Fox Network,distribution,co0070925
20th Century Fox Home Entertainment,distribution,co0010224
20th Century Fox Home Entertainment,distribution,co0280047
Mainostelevisio (MTV3),distribution,co0069920
Fox Video,distribution,co0017628
Nelonen,distribution,co0029644
Twentieth Century Fox Home Entertainment,distribution,co0189783
FS Film,distribution,co0363592
Film1,distribution,co0313320
SF Norge A/S,distribution,co0002093
Svensk Filmindustri (SF),distribution,co0050989
SubTV,distribution,co0102030
Warner Home Video,distribution,co0059995
Fathom Events,distribution,co0360057
Filmconfect Home Entertainment,distribution,co0299302
20th Century Fox Home Entertainment,distribution,co0150813
Twentieth Century Fox,production,co0000756
Amercent Films,production,co0022392
American Entertainment Partners L.P.,production,co0065783
Charivari,miscellaneous,co0085843
Cinema Research,miscellaneous,co0058110
Clein & Feldman Associates,miscellaneous,co0020026
Dolby Stereo,miscellaneous,co0389069
Encore Eclectic Props,miscellaneous,co0566556
International Alliance of Theatrical Stage Employees (IATSE),miscellaneous,co0190210
Lucasfilm THX / TAP Theater Alignment Program,miscellaneous,co0172511
New York Stock Exchange Inc.,miscellaneous,co0139301
Pacific Title,miscellaneous,co0001256
Quotron Systems,miscellaneous,co0176600
Robert Stock,miscellaneous,co0028015
Ryder Sound Services,miscellaneous,co0004996
SMA Video,miscellaneous,co0173265
Salvatore Ferragamo,miscellaneous,co0250161
Sylvia Fay Casting,miscellaneous,co0119132
Sylvia Fay/Lee Genick & Associates Casting,miscellaneous,co0182812
Telerate,miscellaneous,co0176628
The Burbank Studios,miscellaneous,co0098869
Todd Thaler Casting,miscellaneous,co0070492
Transcontinental Film Corporation,miscellaneous,co0040232
