company_name,company_type,imdb_id
Paramount Pictures,distribution,co0023400
Paramount British Pictures,distribution,co0074341
Film AB Paramount,distribution,co0220414
Paramount-Films,distribution,co0184442
National Broadcasting Company (NBC),distribution,co0072315
Cinema International Corporation (CIC),distribution,co0184431
CIC Vídeo,distribution,co0080094
Epoca,distribution,co0110063
Esselte Video,distribution,co0179262
Eureka Entertainment,distribution,co0187355
Finnkino,distribution,co0014703
La Cinq (La 5),distribution,co0008958
Paramount Home Entertainment,distribution,co0051891
The Criterion Channel,distribution,co0804141
Warner Home Video,distribution,co0059995
Yleisradio (YLE),distribution,co0013526
Flair Communications,sales,co0528363
Paramount Pictures,production,co0023400
International Alliance of Theatrical Stage Employees (IATSE),miscellaneous,co0190210
