company_name,company_type,imdb_id,is_major_studio
Columbia Pictures,distribution,co0050868,True
Columbia Pictures Corporation,distribution,co0108852,True
Columbia Film,distribution,co0219440,False
Columbia Film-Verleih,distribution,co0095798,False
Columbia International Films,distribution,co0302174,False
Columbia Pictures Proprietary,distribution,co0215212,True
Columbia Pictures,distribution,co0807814,True
Columbia Pictures of Argentina,distribution,co0221123,True
Kamera,distribution,co0617436,False
Columbia C.E.I.A.D.,distribution,co0092241,False
Columbia Filmes,distribution,co0108003,False
Columbia Films S. A.,distribution,co0282638,False
Columbia Films,distribution,co0176177,False
Columbia Films,distribution,co0031545,False
Columbia Films of India,distribution,co0215257,False
Sony Pictures Releasing,distribution,co0110101,True
Sony Pictures Releasing,distribution,co0145664,True
American Broadcasting Company (ABC),distribution,co0037052,False
France 3,distribution,co0061460,False
RCA/Columbia Pictures Home Video,distribution,co0070977,True
Gaumont-Columbia-RCA (GCR),distribution,co0159180,False
RCA/Columbia Pictures International Video,distribution,co0128198,True
RCA/Columbia-Hoyts Home Video,distribution,co0057923,False
VTC-Video,distribution,co0215585,False
RCA/Columbia Pictures Home Video,distribution,co0117466,True
Cinema Club,distribution,co0119590,False
Columbia TriStar Home Video,distribution,co0001850,False
VCI Distribution,distribution,co0103963,False
Video Collection International,distribution,co0106096,False
Gaumont/Columbia TriStar Home Video,distribution,co0108034,False
Yleisradio (YLE),distribution,co0013526,False
Columbia TriStar Home Video,distribution,co0045926,False
Columbia TriStar Home Entertainment,distribution,co0127120,False
Columbia TriStar Home Entertainment,distribution,co0393411,False
Columbia TriStar Home Entertainment,distribution,co0098048,False
LK-TEL,distribution,co0003327,False
Nordisk Film,distribution,co0114003,False
Sony Pictures Television,distribution,co0086397,True
4 Front Video,distribution,co0106083,False
Channel 4 Video,distribution,co0106289,False
Columbia TriStar Home Entertainment,distribution,co0115429,False
Universal Pictures,distribution,co0005073,True
Sony Pictures Television International,distribution,co0095398,True
Sony Pictures Home Entertainment,distribution,co0137851,True
Sony Pictures Home Entertainment,distribution,co0769046,True
Shock DVD,distribution,co0175000,False
Shock Entertainment,distribution,co0192031,False
Shock,distribution,co0153926,False
Columbia Pictures,distribution,co0897405,True
Egmont Entertainment,distribution,co0135306,False
LK-TEL Vídeo,distribution,co0137250,False
NHK-BS2,distribution,co0199367,False
Showtime Video,distribution,co0087627,False
Sony Pictures Releasing,distribution,co0052145,True
The Criterion Channel,distribution,co0804141,False
Columbia Pictures,production,co0050868,True
Rastar Productions,production,co0066604,False
Technicolor,miscellaneous,co0065861,False
Panavision,miscellaneous,co0041930,False
Columbia Records,miscellaneous,co0064761,False
Reiss & Fabrizio,miscellaneous,co0003568,False
International Alliance of Theatrical Stage Employees (IATSE),miscellaneous,co0190210,False
Lepard/Neuhart,miscellaneous,co0000673,False
Chace Productions,miscellaneous,co0367770,False
Chapman/Leonard Studio Equipment,miscellaneous,co0008022,False
Cineric,miscellaneous,co0041530,False
MTI Film,miscellaneous,co0346451,False
Rastar Productions,miscellaneous,co0066604,False
Solters & Digney,miscellaneous,co0130701,False
Sony Pictures Releasing,miscellaneous,co0026545,True
