company_name,company_type,imdb_id,is_major_studio
Paramount Pictures,distribution,co0023400,True
Paramount Film Service,distribution,co0754555,False
Paramount British Pictures,distribution,co0074341,False
Paramount Film Service,distribution,co0316662,False
Paramount Films of Mexico,distribution,co0834860,False
Les Films Paramount,distribution,co0094762,False
Films Paramount,distribution,co0850646,False
Motion Picture Export Association (MPEA),distribution,co0354301,False
Paramount Italiana,distribution,co0160703,False
Paramount Films of Argentina,distribution,co0866247,False
Film AB Paramount,distribution,co0220414,False
Paramount-Films,distribution,co0184442,False
Paramount Filmes,distribution,co0803844,False
Filmaktieselskapet Paramount,distribution,co1022855,False
Motion Picture Export Association (MPEA),distribution,co0311878,False
Filmaktieselskabet Paramount,distribution,co0316507,False
MCA/Universal Pictures,distribution,co0026044,True
TF1,distribution,co0028766,False
MCA Home Video,distribution,co0232947,False
MCA Home Video,distribution,co0009692,False
Antenne 2 (A2),distribution,co0530809,False
Ciné Cinéfil,distribution,co0123045,False
MCA/Universal Home Video,distribution,co0060214,False
Universal Studios Home Video,distribution,co0021294,False
Classicline,distribution,co0101899,False
Universal Pictures Video,distribution,co0824421,True
Argentina Video Home,distribution,co0031085,False
International DVD Group,distribution,co0190919,False
Eureka Entertainment,distribution,co0187355,False
Universal Pictures Home Entertainment (UPHE),distribution,co0023827,True
Universal Studios Home Video,distribution,co0295614,False
Swashbuckler Films,distribution,co0168214,False
NBC Universal Television Distribution,distribution,co0131785,False
Alive Vertrieb und Marketing,distribution,co0124425,False
Universal Pictures,distribution,co0005073,True
The Criterion Channel,distribution,co0804141,False
Culturebox,distribution,co0581081,False
One Gate Media,distribution,co0949515,False
Universal Pictures Russia,distribution,co0184745,True
Paramount Pictures,production,co0023400,True
American Society of Cinematographers (ASC),miscellaneous,co0065738,False
International Alliance of Theatrical Stage Employees (IATSE),miscellaneous,co0190210,False
Motion Picture Producers and Distributors Association of America,miscellaneous,co0439586,False
Western Electric,miscellaneous,co0033842,False
