company_name,company_type,imdb_id,is_major_studio
Anglo-Amalgamated Film Distributors,distribution,co0103290,False
Embassy Pictures,distribution,co0066648,False
Cocinor,distribution,co0020435,False
Triangelfilm,distribution,co0023836,False
Bison Film,distribution,co0263560,False
Filmes Castello Lopes,distribution,co0049459,False
Embassy Home Entertainment,distribution,co0087616,False
Embassy Home Entertainment Australia,distribution,co0579346,False
Nelson Entertainment,distribution,co0020346,False
Warner Home Video,distribution,co0059995,False
Weintraub Entertainment Group,distribution,co0062678,False
Columbia Pictures Television Distribution,distribution,co0232238,True
MGM Home Entertainment,distribution,co0015461,True
Bibliotheque,distribution,co0598720,False
The Criterion Channel,distribution,co0804141,False
Herald Eiga,distribution,co0479934,False
Arthaus,distribution,co0608555,False
El 9 Besepi S.L.,distribution,co0895662,False
NHK Sôgô,distribution,co0211950,False
NHK-BS2,distribution,co0199367,False
The Criterion Collection,distribution,co0044076,False
Umbrella Entertainment,distribution,co0122766,False
Joseph Janni Production,production,co0173772,False
Vic Films Productions,production,co0132047,False
Appia Films Ltd.,production,co0155936,False
