company_name,company_type,imdb_id
Metro-Goldwyn-Mayer (MGM),distribution,co0007143
Regal Films,distribution,co0066800
Metro-Goldwyn-Mayer (MGM),distribution,co0811496
Metro Goldwyn Mayer,distribution,co0629989
Metro-Goldwyn-Mayer (MGM),distribution,co0812330
Metro-Goldwyn-Mayer A/B,distribution,co0902144
Státní Pujcovna Filmu,distribution,co0114714
Metro-Goldwyn-Mayer (MGM),distribution,co0812376
Metro-Goldwyn-Mayer (MGM),distribution,co0811498
Motion Picture Export Association (MPEA),distribution,co0311878
Central Motion Picture Exchange,distribution,co0248215
Filmipaja,distribution,co0173876
Yleisradio (YLE),distribution,co0013526
MGM Home Entertainment,distribution,co0015461
CEL-MGM/UA Home Video,distribution,co0884625
NHK-BS2,distribution,co0199367
MGM/UA Home Entertainment,distribution,co0001770
NHK Kyôiku,distribution,co0215128
Chapel Distribution,distribution,co0258711
Argentina Video Home,distribution,co0031085
Sandrew Metronome Distribution,distribution,co0050310
Warner Home Video,distribution,co0087314
Warner Home Video,distribution,co0059995
Warner Home Vídeo,distribution,co0089683
Living Colour Entertainment,distribution,co0229902
NHK BS Premium,distribution,co0335122
HBO Max,distribution,co0754095
Metro-Goldwyn-Mayer (MGM),production,co0007143
International Alliance of Theatrical Stage Employees (IATSE),miscellaneous,co0190210
Turner Entertainment,miscellaneous,co0183824
