company_name,company_type,imdb_id,is_major_studio
Embrafilme,distribution,co0064075,False
Island Pictures,distribution,co0011996,False
Europafilm,distribution,co0002826,False
Hoyts Distribution,distribution,co0050640,False
Hungry Eye Pictures,distribution,co0024656,False
Palace Pictures,distribution,co0103598,False
Pan-Canadian Film Distributors,distribution,co0053651,False
Svensk Filmindustri (SF),distribution,co0050989,False
Artisti Associati (II),distribution,co0014347,False
Concorde Filmverleih,distribution,co0012770,False
CBS/Fox Home Video,distribution,co0042311,False
Charter Entertainment,distribution,co0020450,False
Cineplex-Odeon Home Video,distribution,co0088050,False
MCA Home Video,distribution,co0009692,False
Twentieth Century Fox Home Entertainment,distribution,co0189783,False
CBS Electronics,distribution,co0248464,False
Cinéma Plus,distribution,co0004628,False
The Movie Channel,distribution,co0670488,False
Carolco Television,distribution,co0719255,False
PolyGram Video,distribution,co0044762,False
Worldvision Enterprises,distribution,co0080243,False
City Lights Home Entertainment,distribution,co0041534,False
City Lights Pictures,distribution,co0079177,False
Independent Cinema Restoration Archive,distribution,co0076522,False
Strand Releasing,distribution,co0035339,False
Kinokuniya,distribution,co0002084,False
Umbrella Entertainment,distribution,co0122766,False
Concorde Home Entertainment,distribution,co0003079,False
Future Film,distribution,co0079555,False
The Criterion Channel,distribution,co0804141,False
HB Filmes,production,co0094452,False
FilmDallas Pictures,production,co0028528,False
Sound One Corporation,miscellaneous,co0051002,False
Saul Zaentz Film Center,miscellaneous,co0032617,False
JDH Sound,miscellaneous,co0110578,False
Film Link International Inc.,miscellaneous,co0079649,False
FilmDallas Pictures,miscellaneous,co0028528,False
Independent Cinema Restoration Archive,miscellaneous,co0076522,False
Island Records,miscellaneous,co0016969,False
MGM Laboratories,miscellaneous,co0178828,True
Movie Magic,miscellaneous,co0130144,False
Nosso Estudio,miscellaneous,co0300563,False
Sugarloaf Films Inc.,miscellaneous,co0020464,False
TVC Studio,miscellaneous,co0300550,False
