company_name,company_type,imdb_id,is_major_studio
Paramount Pictures,distribution,co0023400,True
Paramount British Pictures,distribution,co0074341,False
Paramount Film Service,distribution,co0754555,False
Paramount Film Service,distribution,co0316662,False
Paramount-Films,distribution,co0184442,False
Film AB Paramount,distribution,co0220414,False
Films Paramount,distribution,co0850646,False
Metro-Goldwyn-Mayer (MGM),distribution,co0007143,True
Cinema International Corporation (CIC),distribution,co0645080,False
MGM/UA Home Entertainment,distribution,co0001770,True
René Malo Vidéo-Malofilm Video,distribution,co0035057,False
MGM Home Entertainment,distribution,co0015461,True
Epoca,distribution,co0110063,False
I.V.C.,distribution,co0183653,False
Turner Entertainment,distribution,co0183824,False
Chapel Distribution,distribution,co0258711,False
Warner Home Video,distribution,co0142160,False
Warner Home Video,distribution,co0189793,False
Warner Home Video,distribution,co0059995,False
Turner Classic Movies (TCM),distribution,co0011489,False
Warner Archive Collection,distribution,co0270424,False
American Movie Classics (AMC),distribution,co0019701,False
Paramount Pictures,production,co0023400,True
