company_name,company_type,imdb_id,is_major_studio
RKO Radio Pictures,distribution,co0041421,False
RKO Distributing Corporation of Canada,distribution,co0786380,False
RKO Radio Pictures,distribution,co0119009,False
RKO Pictures (Australasia),distribution,co0786630,False
RKO Radio Pictures Argentina,distribution,co0227201,False
RKO Radio Films,distribution,co0217289,False
RKO Radio Films,distribution,co0647480,False
RKO Radio Films,distribution,co0413144,False
RKO Radio Films A/S,distribution,co0134686,False
RKO Radio Films,distribution,co0216147,False
Central Motion Picture Exchange,distribution,co0248215,False
TWF (Trans World Films),distribution,co0653254,False
Herzog-Filmverleih,distribution,co0052585,False
Empire Universal Films,distribution,co0107978,False
Regal Films International,distribution,co0106732,False
Wivefilm,distribution,co0091361,False
Euro International Films,distribution,co0060514,False
Adams Filmi,distribution,co0060952,False
Yleisradio (YLE),distribution,co0013526,False
Showcase Video,distribution,co0304465,False
Embassy Home Entertainment,distribution,co0087616,False
NHK-BS2,distribution,co0199367,False
M6,distribution,co0037417,False
Pioneer Entertainment,distribution,co0041945,False
Home Box Office Home Video (HBO),distribution,co0077623,False
MGM Home Entertainment,distribution,co0015461,True
Jeunesse kikaku,distribution,co0557233,False
20th Century Fox Home Entertainment,distribution,co0010224,True
Warner Home Video,distribution,co0059995,False
Sony Pictures Home Entertainment,distribution,co0137851,True
Universal Sony Pictures Home Entertainment Nordic,distribution,co0533783,True
NHK BS Premium,distribution,co0335122,False
ARTE,distribution,co0014456,False
Paramount Channel,distribution,co0796240,False
Nelson Entertainment,distribution,co0020346,False
Samuel Goldwyn Productions,production,co0189536,False
International Alliance of Theatrical Stage Employees (IATSE),miscellaneous,co0190210,False
