company_name,company_type,imdb_id,is_major_studio
Allied Artists Pictures,distribution,co0023951,False
20th Century Fox Hellas,distribution,co0764128,True
Allied Artists de Mexico,distribution,co0115403,False
Centfox-Film,distribution,co0137255,False
Filmes Castello Lopes,distribution,co0049459,False
Fox Norena Film A/S,distribution,co0608044,False
Fox-MGM Film,distribution,co0218708,True
Fox-Rank,distribution,co0106045,False
Hispamex Films,distribution,co0011950,False
International Film Distributors,distribution,co0014259,False
Netherlands Fox Film Corporation,distribution,co0077258,False
Twentieth Century Fox,distribution,co0000756,False
MGM-Fox Films,distribution,co0373148,True
American Broadcasting Company (ABC),distribution,co0037052,False
20th Century Fox India,distribution,co0092296,True
RTL-TV,distribution,co0061414,False
Citadel Films,distribution,co0088883,False
InCine,distribution,co0577803,False
MGM/CBS Home Video,distribution,co0172646,True
Nord Video,distribution,co0534988,False
CBS Video,distribution,co0176590,False
Star Video,distribution,co0065933,False
Thorn EMI Video,distribution,co0624998,False
CBS/Fox,distribution,co0007496,False
CEL Home Video,distribution,co0028560,False
Rank Video,distribution,co0612756,False
CBS/Fox,distribution,co0094754,False
Video Elit,distribution,co0023681,False
Video Gems,distribution,co0144560,False
M6,distribution,co0037417,False
Atlas Films,distribution,co0041640,False
Braveworld,distribution,co0106106,False
Parkfield Entertainment,distribution,co0106172,False
Warner Home Video,distribution,co0059995,False
4 Front Video,distribution,co0106083,False
PolyGram Video,distribution,co0106035,False
BMG Video,distribution,co0002949,False
Cinema Club,distribution,co0119590,False
Video Collection International,distribution,co0106096,False
Warner Home Video,distribution,co0142160,False
Scanbox Entertainment,distribution,co0003833,False
Vértice 360,distribution,co0227539,False
EuroVideo,distribution,co0041475,False
Fremantle Home Entertainment,distribution,co0137779,False
MRA Entertainment Group,distribution,co0128855,False
Prism Leisure Corporation,distribution,co0106068,False
Rai Movie,distribution,co0347055,False
Warner Archive Collection,distribution,co0270424,False
HBO Max,distribution,co0754095,False
F.J. Lucas,distribution,co0048972,False
Allied Artists Pictures,production,co0023951,False
ABC Pictures,production,co0056365,False
A Feuer and Martin Production,production,co0292818,False
Bavaria Film,production,co0011145,False
Audiolink Radio Communications,miscellaneous,co0029274,False
CBS,miscellaneous,co0070627,False
Edit-Rite,miscellaneous,co0022947,False
Modern Film Effects,miscellaneous,co0137074,False
Todd-AO Studios,miscellaneous,co0016792,False
