company_name,company_type,imdb_id,is_major_studio
Metro-Goldwyn-Mayer (MGM),distribution,co0007143,True
Metro-Goldwyn-Mayer (MGM),distribution,co0811496,True
Metro-Goldwyn-Mayer (MGM),distribution,co0812330,True
Metro-Goldwyn-Mayer (MGM),distribution,co0824157,True
Metro-Goldwyn-Mayer (MGM),distribution,co0812376,True
Metro-Goldwyn-Mayer (MGM),distribution,co0854778,True
Metro-Goldwyn-Mayer (MGM),distribution,co0815526,True
Yleisradio (YLE),distribution,co0013526,False
MGM/UA Home Entertainment,distribution,co0001770,True
Turner Entertainment,distribution,co0183824,False
Chapel Distribution,distribution,co0258711,False
Warner Home Video,distribution,co0059995,False
Warner Home Vidéo,distribution,co0101941,False
Warner Home Vídeo,distribution,co0089683,False
TwellV,distribution,co0226008,False
Living Colour Entertainment,distribution,co0229902,False
Mill Creek Entertainment,distribution,co0172129,False
Sinister Film,distribution,co0418922,False
The Criterion Channel,distribution,co0804141,False
Artaire Films,distribution,co0720547,False
HBO Max,distribution,co0754095,False
CEL-MGM/UA Home Video,distribution,co0884625,True
Warner Bros. Entertainment,distribution,co0080422,True
Metro-Goldwyn-Mayer (MGM),production,co0007143,True
International Alliance of Theatrical Stage Employees (IATSE),miscellaneous,co0190210,False
Motion Picture Producers and Distributors Association of America,miscellaneous,co0439586,False
Western Electric,miscellaneous,co0033842,False
