company_name,company_type,imdb_id,is_major_studio
Warner Bros.,distribution,co0002663,True
Vitagraph Limited,distribution,co0773608,False
Warner Brothers Pictures,distribution,co0812621,False
Warner Bros. First National Films,distribution,co0220585,True
Warner Brothers First National Films,distribution,co0535067,False
Warner Brothers First National Films,distribution,co0692919,False
M.P.E.A.,distribution,co0234054,False
Rozdelovna Filmu Ceskoslovenského Státního Filmu,distribution,co0114715,False
Associated Artists Productions (AAP),distribution,co0083858,False
MGM Home Entertainment,distribution,co0015461,True
Warner Home Video,distribution,co0059995,False
Cinema First,distribution,co0982940,False
MGM/UA Home Entertainment,distribution,co0001770,True
Cosmopolitan Productions,production,co0073404,False
Warner Bros.,production,co0002663,True
