company_name,company_type,imdb_id,is_major_studio
Paramount Pictures,distribution,co0023400,True
Paramount Film Service,distribution,co0754555,False
Paramount British Pictures,distribution,co0074341,False
Paramount Film Service,distribution,co0316662,False
Paramount Films of Argentina,distribution,co0866247,False
Film AB Paramount,distribution,co0220414,False
Paramount-Films,distribution,co0184442,False
Filmaktieselskapet Paramount,distribution,co1022855,False
Filmaktieselskabet Paramount,distribution,co0316507,False
M.P.E.A.,distribution,co0253625,False
M.P.E.A.,distribution,co0234054,False
MCA/Universal Pictures,distribution,co0026044,True
MCA/Universal Home Video,distribution,co0060214,False
Odeon Entertainment,distribution,co0159739,False
Colecione Clássicos,distribution,co0482300,False
The Criterion Channel,distribution,co0804141,False
Paramount Pictures,production,co0023400,True
