company_name,company_type,imdb_id,is_major_studio
Metro-Goldwyn-Mayer (MGM),distribution,co0007143,True
Film AB Le Mat-Metro-Goldwyn,distribution,co0377994,False
Metro-Goldwyn-Mayer (MGM),distribution,co0819129,True
MGM Home Entertainment,distribution,co0015461,True
Classicline,distribution,co0101899,False
Warner Home Video,distribution,co0059995,False
Cinemax,distribution,co0042496,False
The Criterion Channel,distribution,co0804141,False
CEL-MGM/UA Home Video,distribution,co0884625,True
Metro-Goldwyn-Mayer (MGM),production,co0007143,True
Theatre Guild,miscellaneous,co0043694,False
MGM/UA Home Entertainment,miscellaneous,co0001770,True
Turner Entertainment,miscellaneous,co0183824,False
