company_name,company_type,imdb_id
Metro-Goldwyn-Mayer (MGM),distribution,co0007143
Film AB Le Mat-Metro-Goldwyn,distribution,co0377994
Metro-Goldwyn-Mayer (MGM),distribution,co0819129
MGM Home Entertainment,distribution,co0015461
Classicline,distribution,co0101899
Warner Home Video,distribution,co0059995
Cinemax,distribution,co0042496
The Criterion Channel,distribution,co0804141
CEL-MGM/UA Home Video,distribution,co0884625
Metro-Goldwyn-Mayer (MGM),production,co0007143
Theatre Guild,miscellaneous,co0043694
MGM/UA Home Entertainment,miscellaneous,co0001770
Turner Entertainment,miscellaneous,co0183824
