company_name,company_type,imdb_id
Twentieth Century Fox,distribution,co0000756
20th Century Fox India,distribution,co0092296
Netherlands Fox Film Corporation,distribution,co0077258
Twentieth Century-Fox Film Company,distribution,co0832095
Twentieth Century-Fox,distribution,co0863455
Fox Films,distribution,co0280046
Mercurio Films S.A.,distribution,co0027068
American Broadcasting Company (ABC),distribution,co0037052
Magnetic Video,distribution,co0089127
20th Century Fox Video,distribution,co0605838
CBS/Fox Home Video,distribution,co0042311
CBS/Fox,distribution,co0007496
CBS / Fox Video,distribution,co0106097
CBS/Fox,distribution,co0094754
Fox Video,distribution,co0017628
Fox Video,distribution,co0117449
Fox Video,distribution,co0077922
20th Century Fox Home Entertainment,distribution,co0010224
20th Century Fox Home Entertainment,distribution,co0159046
Encore Entertainment,distribution,co0106102
20th Century Fox Home Entertainment,distribution,co0297163
20th Century Fox Home Entertainment,distribution,co0063964
20th Century Fox Home Entertainment,distribution,co0751509
20th Century Fox Home Entertainment,distribution,co0918688
Fathom Events,distribution,co0360057
Walt Disney Studios,distribution,co0059516
Twentieth Century Fox,production,co0000756
Bausch & Lomb,miscellaneous,co0066582
Twentieth Century Fox,miscellaneous,co0000756
Westrex Recording System,miscellaneous,co0001880
International Alliance of Theatrical Stage Employees (IATSE),miscellaneous,co0190210
Angel Records,miscellaneous,co0049175
Capitol Records,miscellaneous,co0021734
Descriptive Video Works,miscellaneous,co0321535
Western Costume Company,miscellaneous,co0054834
