company_name,company_type,imdb_id
Paramount Pictures,distribution,co0023400
Paramount Film Service,distribution,co0754555
Paramount British Pictures,distribution,co0074341
Paramount Film Service,distribution,co0316662
Paramount Films of Mexico,distribution,co0834860
Les Films Paramount,distribution,co0094762
Films Paramount,distribution,co0850646
Motion Picture Export Association (MPEA),distribution,co0354301
Paramount Italiana,distribution,co0160703
Paramount Films of Argentina,distribution,co0866247
Film AB Paramount,distribution,co0220414
Paramount-Films,distribution,co0184442
Paramount Filmes,distribution,co0803844
Filmaktieselskapet Paramount,distribution,co1022855
Motion Picture Export Association (MPEA),distribution,co0311878
Filmaktieselskabet Paramount,distribution,co0316507
MCA/Universal Pictures,distribution,co0026044
TF1,distribution,co0028766
MCA Home Video,distribution,co0232947
MCA Home Video,distribution,co0009692
Antenne 2 (A2),distribution,co0530809
Ciné Cinéfil,distribution,co0123045
MCA/Universal Home Video,distribution,co0060214
Universal Studios Home Video,distribution,co0021294
Classicline,distribution,co0101899
Universal Pictures Video,distribution,co0824421
Argentina Video Home,distribution,co0031085
International DVD Group,distribution,co0190919
Eureka Entertainment,distribution,co0187355
Universal Pictures Home Entertainment (UPHE),distribution,co0023827
Universal Studios Home Video,distribution,co0295614
Swashbuckler Films,distribution,co0168214
NBC Universal Television Distribution,distribution,co0131785
Alive Vertrieb und Marketing,distribution,co0124425
Universal Pictures,distribution,co0005073
The Criterion Channel,distribution,co0804141
Culturebox,distribution,co0581081
One Gate Media,distribution,co0949515
Universal Pictures Russia,distribution,co0184745
Paramount Pictures,production,co0023400
American Society of Cinematographers (ASC),miscellaneous,co0065738
International Alliance of Theatrical Stage Employees (IATSE),miscellaneous,co0190210
Motion Picture Producers and Distributors Association of America,miscellaneous,co0439586
Western Electric,miscellaneous,co0033842
