company_name,company_type,imdb_id,is_major_studio
Paramount Pictures,distribution,co0023400,True
Cinema International Corporation (CIC),distribution,co0534543,False
Cinema International Corporation (CIC),distribution,co0605538,False
Cinema International Corporation (CIC),distribution,co0371559,False
Cinema International Corporation (CIC),distribution,co0184431,False
Cinema International Corporation (CIC),distribution,co0643660,False
CBS,distribution,co0070627,False
Paramount Home Entertainment,distribution,co0051891,False
Cinema International Corporation (CIC),distribution,co0645080,False
Imprint Films,distribution,co0816515,False
Filmways Pictures,production,co0065715,False
Cirandinha Productions,production,co0261058,False
Jalem Productions,production,co0066779,False
La-La Land Records,miscellaneous,co0108566,False
