company_name,company_type,imdb_id,is_major_studio
Paramount Pictures,distribution,co0023400,True
Cinema International Corporation (CIC),distribution,co0924444,False
Paramount Pictures UK,distribution,co0822247,True
Paramount Pictures,distribution,co0819892,True
Cinema International Corporation (CIC),distribution,co0534543,False
Cinema International Corporation (CIC),distribution,co0605538,False
Cinema International Corporation (CIC),distribution,co0036998,False
Cinema International Corporation (CIC),distribution,co0412636,False
Cinema International Corporation (CIC),distribution,co0235624,False
Cinema International Corporation (CIC),distribution,co0184431,False
Cinema International Corporation (CIC),distribution,co0645080,False
Cinema International Corporation (CIC),distribution,co0646535,False
Cinema International Corporation (CIC),distribution,co0234432,False
Cinema International Corporation (CIC),distribution,co0112372,False
Cinema International Corporation (CIC),distribution,co0371559,False
Avala-Genex,distribution,co0238040,False
Cinema International Corporation (CIC),distribution,co0234395,False
National Broadcasting Company (NBC),distribution,co0072315,False
Paramount Films of India,distribution,co0318358,False
Paramount Home Video,distribution,co1044155,False
CIC Video,distribution,co0106040,False
Esselte Video,distribution,co0550208,False
CIC Video,distribution,co0021304,False
Esselte Video,distribution,co0179262,False
Mainostelevisio (MTV3),distribution,co0069920,False
CIC Victor Video,distribution,co0225291,False
La Cinq (La 5),distribution,co0008958,False
Home Video Hellas (HVH),distribution,co0048760,False
Pioneer,distribution,co0052747,False
Nelonen,distribution,co0029644,False
Paramount Home Entertainment,distribution,co0051891,False
Paramount Pictures Home Video,distribution,co1061662,True
Victor Entertainment / CIC Victor Video,distribution,co0226082,False
Les Acacias,distribution,co0006405,False
Park Circus,distribution,co0130598,False
Argentina Video Home,distribution,co0031085,False
TV2 Norge,distribution,co0020824,False
ZEE Entertainment Enterprises,distribution,co0252372,False
CDI Films,distribution,co0110693,False
Eye Film Institute,distribution,co0296721,False
New Star,distribution,co0078852,False
Park Circus,distribution,co0480858,False
New Disc,distribution,co1044126,False
Fox-Paramount Home Entertainment,distribution,co0565880,False
Trifecta Entertainment and Media,distribution,co0420728,False
VIVA,distribution,co0310686,False
Seven Films,distribution,co0075444,False
Paramount Channel,distribution,co0591004,False
Universal Pictures Home Entertainment,distribution,co0743251,True
Universal Sony Pictures Home Entertainment,distribution,co0375381,True
Fathom Events,distribution,co0360057,False
Paramount+,distribution,co0820547,False
Paramount Pictures International,distribution,co0198704,True
Paramount Pictures,production,co0023400,True
Albert S. Ruddy Productions,production,co0921482,False
Alfran Productions,production,co0255097,False
ARRI,miscellaneous,co0008520,False
Cinemobile System,miscellaneous,co0068270,False
DeForest Research,miscellaneous,co0078214,False
Dsire Design,miscellaneous,co0192743,False
Fireman's Fund Insurance Co.,miscellaneous,co0019208,False
International Alliance of Theatrical Stage Employees (IATSE),miscellaneous,co0190210,False
La-La Land Records,miscellaneous,co0108566,False
Motion Picture Imaging,miscellaneous,co0370542,False
Pro-Tek Media Preservation Services,miscellaneous,co0370527,False
Technicolor,miscellaneous,co0065861,False
