company_name,company_type,imdb_id,is_major_studio
United Artists,distribution,co0026841,False
United Artists,distribution,co0103797,False
British Empire Films Australia,distribution,co0132853,False
Sandrew Film & Teater,distribution,co0139598,False
United Artists,distribution,co0809114,False
United Artists,distribution,co0836474,False
United Artists,distribution,co0808157,False
Kommunenes Filmcentral (KF),distribution,co0015327,False
Nova Film,distribution,co0304136,False
Pinema,distribution,co0137855,False
United Artists Corporation,distribution,co0799090,False
Home Box Office (HBO),distribution,co0008693,False
United Artists Television,distribution,co0011888,False
United Artists,distribution,co0837516,False
National Broadcasting Company (NBC),distribution,co0072315,False
Thorn EMI Video,distribution,co0092912,False
Thorn EMI,distribution,co0106017,False
MGM/UA Entertainment Company,distribution,co0110106,True
MGM/UA Television Distribution,distribution,co0431795,True
MTC Video,distribution,co0028195,False
Thorn EMI Video Australia,distribution,co0076331,False
Thorn EMI Video,distribution,co0185211,False
Thorn EMI/HBO Video,distribution,co0031966,False
Cannon Screen Entertainment,distribution,co0282170,False
Cannon Video,distribution,co0118502,False
HBO/Cannon Video,distribution,co0114708,False
Transeuropa Video Entertainment (TVE),distribution,co0002974,False
Warner Home Video,distribution,co0934836,False
Warner Home Video,distribution,co0094779,False
Concorde Film,distribution,co0051881,False
Thorn-Emi Video,distribution,co0184132,False
HBO Video,distribution,co0248784,False
Home Box Office Home Video (HBO),distribution,co0077623,False
Parkfield Entertainment,distribution,co0106172,False
Warner Home Vidéo,distribution,co0101941,False
Weintraub Entertainment Group,distribution,co0062678,False
Weintraub Entertainment,distribution,co0139453,False
Ústrední Pujcovna Filmu,distribution,co0114700,False
Videomax,distribution,co0357598,False
Braveworld,distribution,co0106106,False
Lumiere Pictures,distribution,co0122581,False
Republic Pictures Home Video,distribution,co0075944,False
Yleisradio (YLE),distribution,co0013526,False
Transmundo Films,distribution,co0027133,False
4 Front Video,distribution,co0106083,False
PolyGram Video,distribution,co0106035,False
Transmundo Home Video (THV),distribution,co0040022,False
Warner Home Video,distribution,co0059995,False
Warner Bros. Pictures Mexico,distribution,co0158349,True
United Video,distribution,co0151294,False
Warner Home Video,distribution,co0006383,False
Warner Home Video,distribution,co0918687,False
Warner Home Video,distribution,co1017479,False
Warner Home Video,distribution,co0087314,False
Warner Home Video,distribution,co0504146,False
Warner Home Video,distribution,co0077674,False
Warner Home Vídeo,distribution,co0089683,False
Condor Vídeo,distribution,co0081224,False
Sandrews,distribution,co0077687,False
Warner Home Video,distribution,co0189793,False
Sandrew Metronome Distribution,distribution,co0050310,False
Aquarius TV,distribution,co0153714,False
Argentina Video Home,distribution,co0031085,False
Prem'er Video Fil'm,distribution,co0095832,False
Eye Film Institute,distribution,co0296721,False
HBO Max,distribution,co0754095,False
Trianon,distribution,co0582767,False
Inoekino,distribution,co0724835,False
Most Video,distribution,co0014233,False
NITV,distribution,co0313754,False
Pioneer Entertainment,distribution,co0041945,False
Fantasy Films,production,co0066949,False
N.V. Zvaluw,production,co0046377,False
National Broadcasting Company (NBC),miscellaneous,co0072315,False
Fantasy Films,miscellaneous,co0066949,False
International Alliance of Theatrical Stage Employees (IATSE),miscellaneous,co0190210,False
Panavision,miscellaneous,co0041930,False
Republic Pictures,miscellaneous,co0020540,False
Saul Zaentz Film Center,miscellaneous,co0032617,False
THX Ltd.,miscellaneous,co0131611,False
