company_name,company_type,imdb_id,is_major_studio
Metro-Goldwyn-Mayer (MGM),distribution,co0007143,True
Metro-Goldwyn-Mayer (MGM),distribution,co0812330,True
Metro-Goldwyn-Mayer (MGM),distribution,co0811496,True
Metro Goldwyn Mayer,distribution,co0774691,False
Metro-Goldwyn-Mayer (MGM),distribution,co0824157,True
Metro-Goldwyn-Mayer (MGM),distribution,co0819129,True
Metro-Goldwyn-Mayer (MGM),distribution,co0811498,True
Metro-Goldwyn-Mayer (MGM),distribution,co0901928,True
Metro-Goldwyn-Mayer (MGM),distribution,co0812376,True
Metro-Goldwyn-Mayer (MGM),distribution,co0976477,True
Metro-Goldwyn-Mayer (MGM),distribution,co0815526,True
Metro-Goldwyn-Mayer,distribution,co0795735,False
Hafbo,distribution,co0160549,False
City Film N.V.,distribution,co0164961,False
Filmes Castello Lopes,distribution,co0049459,False
United Artists Television,distribution,co0011888,False
United Artists,distribution,co0026841,False
Nippon Television Network (NTV),distribution,co0003850,False
Cinema International Corporation (CIC),distribution,co0112372,False
United Artists of Brazil,distribution,co0662545,False
Canadian Broadcasting Corporation (CBC),distribution,co0045850,False
Home Box Office (HBO),distribution,co0008693,False
National Broadcasting Company (NBC),distribution,co0072315,False
Cinema International Corporation (CIC),distribution,co0184431,False
Cinema International Corporation (CIC),distribution,co0234432,False
CIC,distribution,co0017848,False
Cinema International Corporation (CIC),distribution,co0235624,False
Filmes Lusomundo,distribution,co0012065,False
Cinema International Corporation (CIC),distribution,co0645080,False
United International Pictures (UIP),distribution,co0112572,False
CEL-MGM/UA Home Video,distribution,co0884625,True
Esselte Video,distribution,co0179262,False
MGM Home Entertainment,distribution,co0015461,True
CBS,distribution,co0070627,False
MGM/UA Home Entertainment,distribution,co0001770,True
Turner Entertainment,distribution,co0183824,False
United International Pictures (UIP),distribution,co0080445,False
Producciones JES,distribution,co0061928,False
Yleisradio (YLE),distribution,co0013526,False
Neue Visionen Filmverleih,distribution,co0035199,False
United International Pictures (UIP),distribution,co0012851,False
United International Pictures (UIP),distribution,co0145668,False
Warner Home Video,distribution,co0059995,False
Lucernafilm - Alfa,distribution,co0234169,False
Warner Home Video,distribution,co0918687,False
United International Pictures (UIP),distribution,co0175527,False
KTLA,distribution,co0007077,False
WPIX,distribution,co0000647,False
Varus Video,distribution,co0091775,False
Chapel Distribution,distribution,co0258711,False
New Line Cinema,distribution,co0046718,False
Warner Bros. Pictures,distribution,co0498895,True
MGM Home Entertainment,distribution,co1085333,True
Warner Home Video,distribution,co0504146,False
Sandrew Metronome Distribution,distribution,co0050310,False
Warner Home Video,distribution,co0189793,False
Warner Home Video,distribution,co1017479,False
Eye Film Institute,distribution,co0296721,False
Fathom Events,distribution,co0360057,False
Warner Bros.,distribution,co0002663,True
Canvas,distribution,co0136706,False
Warner Bros. Home Entertainment,distribution,co0200179,True
Selznick International Pictures,production,co0130901,False
Metro-Goldwyn-Mayer (MGM),production,co0007143,True
Crest Digital,miscellaneous,co0178380,False
Dolby Laboratories,miscellaneous,co0047023,False
International Alliance of Theatrical Stage Employees (IATSE),miscellaneous,co0190210,False
Max Factor,miscellaneous,co0072862,False
Mole Richardson,miscellaneous,co0055346,False
National Carbon Corp.,miscellaneous,co0051159,False
Samuel Goldwyn Studios,miscellaneous,co0064215,False
Technicolor,miscellaneous,co0065861,False
Western Costume Company,miscellaneous,co0054834,False
