company_name,company_type,imdb_id,is_major_studio
Metro-Goldwyn-Mayer (MGM),distribution,co0007143,True
Metro-Goldwyn-Mayer (MGM),distribution,co0811496,True
Metro Goldwyn Mayer,distribution,co0629989,False
Metro-Goldwyn Mayer (MGM),distribution,co0867930,True
Metro-Goldwyn-Mayer (MGM),distribution,co0812330,True
Metro-Goldwyn-Mayer (MGM),distribution,co0819129,True
Metro-Goldwyn-Mayer (MGM),distribution,co0815526,True
Metro-Goldwyn-Mayer (MGM),distribution,co0854778,True
Metro-Goldwyn-Mayer (MGM),distribution,co0976477,True
Metro-Goldwyn-Mayer (MGM),distribution,co0834362,True
Metro-Goldwyn-Mayer (MGM),distribution,co0838580,True
Metro-Goldwyn-Mayer,distribution,co0795735,False
Metro-Goldwyn-Mayer,distribution,co0813670,False
Metro-Goldwyn-Mayer de Uruguay,distribution,co0864451,False
Metro-Goldwyn-Mayer del Peru,distribution,co0865129,False
Metro Goldwyn Mayer,distribution,co0774691,False
Metro-Goldwyn-Mayer (MGM),distribution,co0812376,True
Metro-Goldwyn-Mayer (MGM),distribution,co0811498,True
Metro-Goldwyn-Mayer,distribution,co0241239,False
Metro-Goldwyn-Mayer (MGM),distribution,co0824157,True
Metro-Goldwyn-Mayer,distribution,co0296819,False
City Filmverhuur - MY,distribution,co0258067,False
CBS,distribution,co0070627,False
Cinema International Corporation (CIC),distribution,co0112372,False
United Artists,distribution,co0026841,False
Cinema International Corporation (CIC),distribution,co0184431,False
Cinema International Corporation (CIC),distribution,co0534543,False
MGM/CBS Home Video,distribution,co0172646,True
United International Pictures (UIP),distribution,co0327289,False
MGM/UA Home Entertainment,distribution,co0001770,True
United International Pictures (UIP),distribution,co0173912,False
Turner Entertainment,distribution,co0183824,False
MGM/UA Home Video,distribution,co0892556,True
Warner Home Video,distribution,co0059995,False
Warner Bros. Entertainment,distribution,co0080422,True
Chapel Distribution,distribution,co0258711,False
Yleisradio (YLE),distribution,co0013526,False
Warner Bros.,distribution,co0962874,True
MGM Home Entertainment,distribution,co0015461,True
Warner Home Video,distribution,co0189793,False
Warner Home Vídeo,distribution,co0089683,False
Argentina Video Home,distribution,co0031085,False
Sandrew Metronome Distribution,distribution,co0050310,False
Warner Bros. Pictures,distribution,co0498895,True
Warner Home Video,distribution,co0918687,False
Warner Home Video,distribution,co0504146,False
Warner Bros.,distribution,co0307857,True
BBC2,distribution,co0308047,False
V8,distribution,co0229081,False
MTV3,distribution,co1039885,False
Veronica,distribution,co0023299,False
Net5,distribution,co0115441,False
Warner Home Video,distribution,co1017479,False
Warner Home Video,distribution,co0006383,False
More4,distribution,co0163162,False
Warner Home Video,distribution,co0934836,False
Warner Bros. Pictures,distribution,co0782945,True
Versión Digital,distribution,co0530565,False
Warner Home Video,distribution,co0094757,False
Reel Corporation,distribution,co0163474,False
Reel DVD,distribution,co0230162,False
Roadshow Entertainment,distribution,co0152990,False
Warner Bros. Pictures Mexico,distribution,co0158349,True
Flash Pictures,distribution,co0418042,False
MacMahon,distribution,co0520054,False
Neue Visionen Filmverleih,distribution,co0035199,False
7flix,distribution,co0776428,False
ARD TV,distribution,co0852680,False
ARTE Mediathek,distribution,co0706542,False
Metro-Goldwyn-Mayer (MGM),production,co0007143,True
Cannes Film Festival,miscellaneous,co0034345,False
Chapman/Leonard Studio Equipment,miscellaneous,co0008022,False
Cinecittà,miscellaneous,co0067980,False
Danesi Brothers of Rome,miscellaneous,co0087923,False
International Alliance of Theatrical Stage Employees (IATSE),miscellaneous,co0190210,False
MGM Camera 65,miscellaneous,co0447314,True
Panavision,miscellaneous,co0041930,False
Steinheil,miscellaneous,co0278071,False
Turner Entertainment,miscellaneous,co0183824,False
Warner Bros. Entertainment,miscellaneous,co0080422,True
Westrex Recording System,miscellaneous,co0001880,False
