company_name,company_type,imdb_id
Independent Film Distributors (IFD),distribution,co0105995
Continental Distributing,distribution,co0197188
Bavaria-Filmverleih,distribution,co0013307
Europa Film,distribution,co0029714
Kommunenes Filmcentral (KF),distribution,co0015327
Antenne 2 (A2),distribution,co0530809
Viacom,distribution,co0077647
Fabulous Films,distribution,co0118313
La Cinquième,distribution,co0051688
France 3,distribution,co0061460
Les Films du Camélia,distribution,co0046236
UCM.ONE,distribution,co0682946
ARTE,distribution,co0014456
ARTE,distribution,co0164664
Towa.,distribution,co0087687
Lion International Films,distribution,co0104223
NHK Kyôiku,distribution,co0215128
NHK-BS2,distribution,co0199367
RCA/Columbia-Hoyts Home Video,distribution,co0057923
The Criterion Channel,distribution,co0804141
Tohokushinsha Home Video,distribution,co0329177
Video Classics,distribution,co0245758
Romulus Films,sales,co0103121
Romulus Films,production,co0103121
Remus,production,co0065340
Westrex Recording System,miscellaneous,co0001880
