company_name,company_type,imdb_id
RKO Radio Pictures,distribution,co0041421
RKO Radio Pictures,distribution,co0119009
RKO Radio Films,distribution,co0413144
RKO Radio Pictures Argentina,distribution,co0227201
RKO Radio Films,distribution,co0217289
RKO Radio Films,distribution,co0647480
RKO Radio Films A/S,distribution,co0134686
Selznick Releasing Organization,distribution,co0113966
American Broadcasting Company (ABC),distribution,co0037052
Viacom International,distribution,co0109027
Nord Video,distribution,co0534988
CBS/Fox,distribution,co0007496
Anchor Bay Entertainment,distribution,co0067793
Kino Lorber,distribution,co0291948
Vanguard Films,production,co0005025
Dore Schary Productions,production,co0021635
International Alliance of Theatrical Stage Employees (IATSE),miscellaneous,co0190210
