company_name,company_type,imdb_id
Warner Bros.,distribution,co0002663
Vitagraph Limited,distribution,co0773608
Warner Brothers Pictures,distribution,co0812621
Warner Brothers First National Films,distribution,co0535067
Warner Bros. Pictures,distribution,co0498895
Warner Bros.-First National S.A.E.,distribution,co0780034
Warner Bros First National,distribution,co0301198
Warner Bros. First National Films,distribution,co0350637
Warner Bros.,distribution,co0134706
Associated Artists Productions (AAP),distribution,co0083858
Dominant Pictures Corporation,distribution,co0001088
CBS/Fox,distribution,co0007496
Warner Home Video,distribution,co0142160
MGM Home Entertainment,distribution,co0015461
MGM/UA Home Entertainment,distribution,co0001770
Warner Home Video,distribution,co0059995
Critics' Choice Video,distribution,co0010770
Schröder Media,distribution,co0241677
Jeunesse kikaku,distribution,co0557233
Key Video,distribution,co0021293
NHK-BS2,distribution,co0199367
RCA (II),distribution,co0036219
Warner Bros.,production,co0002663
International Alliance of Theatrical Stage Employees (IATSE),miscellaneous,co0190210
Motion Picture Producers and Distributors Association of America,miscellaneous,co0439586
RCA Sound System,miscellaneous,co0248653
Turner Entertainment,miscellaneous,co0183824
Warner Home Video,miscellaneous,co0059995
