company_name,company_type,imdb_id,is_major_studio
Metro-Goldwyn-Mayer (MGM),distribution,co0007143,True
United International Pictures (UIP),distribution,co0074139,False
Svenska Filminstitutet (SFI),distribution,co0048118,False
United International Pictures (UIP),distribution,co0110120,False
United International Pictures (UIP),distribution,co0043417,False
United International Pictures (UIP),distribution,co0113995,False
United International Pictures,distribution,co0839157,False
CEL-MGM/UA Home Video,distribution,co0884625,True
MGM Home Entertainment,distribution,co0015461,True
MGM/UA Home Entertainment,distribution,co0001770,True
Esselte Video,distribution,co0179262,False
Gativideo,distribution,co0044350,False
Metro-Goldwyn-Mayer,distribution,co0795735,False
British Broadcasting Corporation (BBC),distribution,co0043107,False
CBS,distribution,co0070627,False
Televisie Radio Omroep Stichting (TROS),distribution,co0043037,False
Mainostelevisio (MTV3),distribution,co0069920,False
Philips,distribution,co0079136,False
Warner Home Video,distribution,co0059995,False
KTLA,distribution,co0007077,False
WPIX,distribution,co0000647,False
Chapel Distribution,distribution,co0258711,False
Varus Video,distribution,co0091775,False
Egmont Entertainment,distribution,co0135306,False
Nelonen,distribution,co0029644,False
Sony Pictures Home Entertainment,distribution,co0137851,True
20th Century Fox Home Entertainment,distribution,co0010224,True
Encore Avenue,distribution,co0249945,False
Concorde Home Entertainment,distribution,co0003079,False
Warner Bros. Home Entertainment,distribution,co0200179,True
The Criterion Channel,distribution,co0804141,False
Nine Network Australia,distribution,co0006628,False
Yleisradio (YLE),distribution,co0013526,False
Pluto TV,distribution,co0545791,False
20th Century Fox Home Entertainment,distribution,co0150813,True
Audio Visual Enterprises,distribution,co0006126,False
SBS Movies,distribution,co1015846,False
Warner Home Vídeo,distribution,co0089683,False
Metro-Goldwyn-Mayer (MGM),production,co0007143,True
Star Partners,production,co0141156,False
Dawn Animal Agency,miscellaneous,co0019287,False
Peggy Siegal Company,miscellaneous,co0075232,False
Sylvia Fay Casting,miscellaneous,co0119132,False
Stuart Aikins Casting,miscellaneous,co0275202,False
J.C. Canadian Catering,miscellaneous,co0232707,False
Goldin-Feldman,miscellaneous,co0069128,False
Ferco,miscellaneous,co0019666,False
William F. White International,miscellaneous,co0020238,False
Theo Dimson Design Inc.,miscellaneous,co0004416,False
Film Effects,miscellaneous,co0062555,False
T.A.B. Inc.,miscellaneous,co0098937,False
"The Metropolitan Opera, New York",miscellaneous,co0090743,False
Mayor's Office for New York Film,miscellaneous,co0151178,False
Canadian Opera Company,miscellaneous,co0151177,False
The Toronto Film and Television Office,miscellaneous,co0060726,False
International Alliance of Theatrical Stage Employees (IATSE),miscellaneous,co0190210,False
Lincoln Center for the Performing Arts,miscellaneous,co0057428,False
Capitol Records,miscellaneous,co0021734,False
Kaufman Astoria Studios,miscellaneous,co0144129,False
Pacific Studios II,miscellaneous,co0009149,False
