company_name,company_type,imdb_id,is_major_studio
United Artists,distribution,co0026841,False
United International Pictures (UIP),distribution,co0012851,False
United International Pictures (UIP),distribution,co0000994,False
United International Pictures (UIP),distribution,co0110120,False
United International Pictures (UIP),distribution,co0113995,False
United International Pictures,distribution,co0097402,False
Sonoro Filme,distribution,co0008003,False
United International Pictures (UIP),distribution,co0016600,False
United International Pictures (UIP),distribution,co0074139,False
United International Pictures (UIP),distribution,co0043417,False
Argentina Video Home,distribution,co0031085,False
Fazer Musiikki Oy/Fazer Video,distribution,co0127113,False
MGM Home Entertainment,distribution,co0015461,True
Malo Video,distribution,co0066332,False
Parkfield Entertainment,distribution,co0106172,False
Varus Video,distribution,co0091775,False
Warner Home Video,distribution,co0006383,False
Warner Home Video,distribution,co0059995,False
United Artists Corporation,distribution,co0799090,False
Abril Vídeo,distribution,co0057299,False
American Broadcasting Company (ABC),distribution,co0037052,False
Mainostelevisio (MTV3),distribution,co0069920,False
East West,distribution,co0006285,False
Philips,distribution,co0079136,False
Warner Home Video,distribution,co0189793,False
MGM/UA Home Entertainment,distribution,co0001770,True
Chapel Distribution,distribution,co0258711,False
Warner Home Vidéo,distribution,co0101941,False
Gativideo,distribution,co0044350,False
SF Home Entertainment,distribution,co0291951,False
FS Film,distribution,co0363592,False
20th Century Fox Home Entertainment,distribution,co0010224,True
Film1,distribution,co0313320,False
Rai Movie,distribution,co0347055,False
Hero,distribution,co0514158,False
Kanal 2,distribution,co0062533,False
Paramount Channel,distribution,co0796240,False
9Gem,distribution,co0781000,False
Capelight Pictures,distribution,co0151501,False
United Artists,production,co0026841,False
The Guber-Peters Company,production,co0108873,False
Star Partners II Ltd.,production,co0074647,False
Mirage Enterprises,production,co0038270,False
Andrea Jaffe,miscellaneous,co0039459,False
Buena Vista Visual Effects,miscellaneous,co0006390,False
The Ohio Film Bureau,miscellaneous,co0150070,False
Kentucky Film Office,miscellaneous,co0150069,False
Indiana Film Commission,miscellaneous,co0091278,False
Nevada Motion Picture Division,miscellaneous,co0116815,False
California Film Commission,miscellaneous,co0024554,False
Caesar's Palace,miscellaneous,co0150068,False
Major League Baseball,miscellaneous,co0094061,False
DeLuxe Laboratories,miscellaneous,co0026998,False
Panavision,miscellaneous,co0041930,False
Dolby Laboratories,miscellaneous,co0047023,False
International Alliance of Theatrical Stage Employees (IATSE),miscellaneous,co0190210,False
Capitol Records,miscellaneous,co0021734,False
Lucasfilm THX / TAP Theater Alignment Program,miscellaneous,co0172511,False
Notefornote Music,miscellaneous,co0705029,False
Oklahoma Film Commission,miscellaneous,co0027454,False
Perseverance Records,miscellaneous,co0161157,False
Unique Movie Cars,miscellaneous,co0033102,False
