company_name,company_type,imdb_id
Warner Bros.,distribution,co0002663
Warner Brothers Pictures,distribution,co0812621
Motion Picture Export Association (MPEA),distribution,co0334900
Warner Bros. Film,distribution,co0565132
Warner Bros. Pictures,distribution,co0498895
Exclusivas Floralva Distribución S.A.,distribution,co0062752
Twentieth Century Fox,distribution,co0000756
United Artists,distribution,co0026841
CBS,distribution,co0070627
United Artists (A-Asia),distribution,co0663286
Les Artistes Associés,distribution,co0289659
20th Century Fox Video,distribution,co0605838
RCA (II),distribution,co0036219
CBS/Fox,distribution,co0007496
Sundowner Home Video,distribution,co0030288
Guild Home Video,distribution,co0006042
Lorimar Home Video,distribution,co1082377
Warner Home Video,distribution,co0059995
20th Century Fox Television,distribution,co0056447
Canal+,distribution,co0028557
Home Box Office (HBO),distribution,co0008693
Proserpine,distribution,co0119601
Antenne 2 (A2),distribution,co0530809
Video Collection International,distribution,co0106096
Warner Home Vidéo,distribution,co0101941
Warner Home Video,distribution,co0142160
Warner Home Video,distribution,co0006383
Argentina Video Home,distribution,co0031085
Warner Home Vídeo,distribution,co0089683
International DVD Group,distribution,co0190919
Park Circus,distribution,co0480858
HBO Max,distribution,co0754095
Charles K. Feldman Group,production,co0031761
Warner Bros.,production,co0002663
International Alliance of Theatrical Stage Employees (IATSE),miscellaneous,co0190210
RCA,miscellaneous,co0179360
