company_name,company_type,imdb_id,is_major_studio
United Artists,distribution,co0026841,False
United Artists,distribution,co0103797,False
Nova Film,distribution,co0304136,False
Kommunenes Filmcentral (KF),distribution,co0015327,False
CBS,distribution,co0070627,False
CBS/Fox,distribution,co0007496,False
MGM Home Entertainment,distribution,co0015461,True
MGM/UA Home Entertainment,distribution,co0001770,True
Warner Home Video,distribution,co0059995,False
ARTE,distribution,co0014456,False
TGG Direct,distribution,co0250510,False
7Two,distribution,co0381911,False
Kino Lorber,distribution,co0291948,False
United Artists Films,distribution,co0839161,False
Explosive-Media,distribution,co0388223,False
MTV3,distribution,co1039885,False
Yleisradio (YLE),distribution,co0013526,False
Elmer Gantry Productions,production,co0016391,False
International Alliance of Theatrical Stage Employees (IATSE),miscellaneous,co0190210,False
MGM Home Entertainment,miscellaneous,co0015461,True
Solters & Digney,miscellaneous,co0130701,False
