company_name,company_type,imdb_id,is_major_studio
Metro-Goldwyn-Mayer (MGM),distribution,co0007143,True
Metro-Goldwyn-Mayer (MGM),distribution,co0812330,True
Metro-Goldwyn-Mayer (MGM),distribution,co0811496,True
Metro-Goldwyn-Mayer (MGM),distribution,co0824157,True
Metro-Goldwyn-Mayer (MGM),distribution,co0812376,True
Metro-Goldwyn-Mayer (MGM),distribution,co0897318,True
Metro-Goldwyn-Mayer (MGM),distribution,co0819129,True
Metro-Goldwyn-Mayer (MGM),distribution,co0854778,True
Metro-Goldwyn-Mayer (MGM),distribution,co0901928,True
Metro-Goldwyn-Mayer (MGM),distribution,co0834362,True
Metro-Goldwyn-Mayer (MGM),distribution,co0811498,True
Metro-Goldwyn-Mayer,distribution,co0296819,False
MGM Home Entertainment,distribution,co0015461,True
United International Pictures (UIP),distribution,co0016600,False
CEL-MGM/UA Home Video,distribution,co0884625,True
MGM/UA Home Entertainment,distribution,co0001770,True
NHK-BS2,distribution,co0199367,False
Warner Home Video,distribution,co0059995,False
Chapel Distribution,distribution,co0258711,False
Atalanta Filmes,distribution,co0035879,False
DVD Magic,distribution,co0055469,False
Warner Home Video,distribution,co0142160,False
NHK BS Premium,distribution,co0335122,False
The Criterion Collection,distribution,co0044076,False
Artaire Films,distribution,co0720547,False
HBO Max,distribution,co0754095,False
Warner Bros.,distribution,co0002663,True
Buksfilm,distribution,co0983694,False
One Gate Media,distribution,co0949515,False
Metro-Goldwyn-Mayer (MGM),production,co0007143,True
CVD,miscellaneous,co0403065,False
International Alliance of Theatrical Stage Employees (IATSE),miscellaneous,co0190210,False
Motion Picture Producers and Distributors Association of America,miscellaneous,co0439586,False
Synchronproduktion,miscellaneous,co0884478,False
Theatre Guild,miscellaneous,co0043694,False
Titra Film Paris,miscellaneous,co0049045,False
Turner Entertainment,miscellaneous,co0183824,False
Western Electric,miscellaneous,co0033842,False
