company_name,company_type,imdb_id
Columbia Pictures,distribution,co0050868
Columbia Films S. A.,distribution,co0282638
Columbia Pictures Corporation,distribution,co0108852
Columbia Film,distribution,co0219440
Columbia International Films,distribution,co0302174
Columbia-Bavaria Filmgesellschaft m.b.H.,distribution,co0089682
Kamera,distribution,co0617436
CBS,distribution,co0070627
Columbia Film-Verleih,distribution,co0257569
RCA/Columbia Pictures Home Video,distribution,co0070977
Columbia TriStar Home Video,distribution,co0001850
Sony Pictures Home Entertainment,distribution,co0137851
Twilight Time,distribution,co0478467
Fathom Events,distribution,co0360057
Seven Films,distribution,co0075444
ARTE,distribution,co0014456
Antenne 2 (A2),distribution,co0530809
BBC Two,distribution,co0234496
Columbia TriStar Home Entertainment,distribution,co0225408
Columbia TriStar Home Entertainment,distribution,co0127120
Columbia TriStar Home Entertainment,distribution,co0393411
Columbia TriStar Home Entertainment,distribution,co0182605
Columbia TriStar Home Entertainment,distribution,co0098048
Columbia TriStar Home Video,distribution,co0045926
Gaumont-Columbia-RCA (GCR),distribution,co0159180
Gaumont/Columbia TriStar Home Video,distribution,co0108034
LCP Assemblée nationale,distribution,co0370297
LK-TEL Vídeo,distribution,co0137250
Powerhouse Films,distribution,co0613807
RCA/Columbia Pictures International Video,distribution,co0128198
RCA/Columbia-Hoyts Home Video,distribution,co0057923
Rai 2,distribution,co0163343
Shock DVD,distribution,co0175000
Shock Entertainment,distribution,co0192031
Shock,distribution,co0153926
Sony Pictures Entertainment,distribution,co0775797
Sony Pictures Home Entertainment,distribution,co0770268
Sony Pictures Home Entertainment,distribution,co0802090
The Criterion Channel,distribution,co0804141
Universal Sony Pictures Home Entertainment Nordic,distribution,co0565929
Universal Sony Pictures Home Entertainment Nordic,distribution,co0600878
Columbia Pictures,production,co0050868
Stanley Kramer Productions,production,co0136675
International Alliance of Theatrical Stage Employees (IATSE),miscellaneous,co0190210
Lingua Synchrone,miscellaneous,co0341320
