company_name,company_type,imdb_id
Warner Bros.,distribution,co0002663
Dominant Pictures Corporation,distribution,co0001088
Associated Artists Productions (AAP),distribution,co0083858
United Artists Television,distribution,co0011888
Magnetic Video,distribution,co0089127
20th Century Fox Video,distribution,co0605838
MGM/UA Entertainment Company,distribution,co0110106
Warner Home Video,distribution,co0006383
Warner Home Video,distribution,co0142160
Warner Home Video,distribution,co0059995
CBS/Fox,distribution,co0007496
Metro-Goldwyn-Mayer (MGM),distribution,co0007143
Turner Entertainment,distribution,co0183824
MGM Home Entertainment,distribution,co0015461
MGM/UA Home Entertainment,distribution,co0001770
Warner Home Vídeo,distribution,co0089683
Sociedade Importadora de Filmes (SIF),distribution,co0022305
Epoca,distribution,co0110063
TBS Superstation,distribution,co0183474
The Criterion Channel,distribution,co0804141
Warner Bros.,production,co0002663
Turner Entertainment,miscellaneous,co0183824
