company_name,company_type,imdb_id
Columbia Pictures,distribution,co0050868
Columbia C.E.I.A.D.,distribution,co0092241
Columbia Film,distribution,co0219440
Columbia Films,distribution,co0139447
Columbia Films of India,distribution,co0215257
Columbia Pictures Corporation,distribution,co0108852
Columbia Pictures of Canada,distribution,co0130303
Sony Pictures Releasing,distribution,co0145664
Columbia Film-Verleih,distribution,co0257569
Columbia Films,distribution,co0031545
Columbia Pictures of Argentina,distribution,co0221123
Mainostelevisio (MTV3),distribution,co0069920
Acteurs Auteurs Associés (AAA),distribution,co0000697
NHK BS1,distribution,co0732045
NHK Kyôiku,distribution,co0215128
Videosonic,distribution,co0061607
NHK-BS2,distribution,co0199367
Columbia TriStar Home Video,distribution,co0001850
Yleisradio (YLE),distribution,co0013526
Sony Pictures Home Entertainment,distribution,co0137851
Egmont Entertainment,distribution,co0135306
Action Cinéma,distribution,co0119623
Sony Video,distribution,co0080433
The Criterion Collection,distribution,co0044076
Universal Sony Pictures Home Entertainment Nordic,distribution,co0533783
Park Circus,distribution,co0480858
Sony Pictures Home Entertainment,distribution,co0769046
Sony Pictures Television,distribution,co0086397
Fathom Events,distribution,co0360057
Neo Films,distribution,co0479568
NHK BS4K,distribution,co0827115
The Criterion Channel,distribution,co0804141
LK-TEL Vídeo,distribution,co0137250
RCA/Columbia Pictures Home Video,distribution,co0070977
RCA/Columbia-Hoyts Home Video,distribution,co0057923
Horizon Pictures,production,co0218910
Western Electric,miscellaneous,co0033842
