company_name,company_type,imdb_id,is_major_studio
Paramount Pictures,distribution,co0023400,True
Paramount Film Service,distribution,co0754555,False
Paramount British Pictures,distribution,co0074341,False
Paramount Film Service,distribution,co0316662,False
Paramount Films of Argentina,distribution,co0866247,False
Film AB Paramount,distribution,co0220414,False
Filmaktieselskapet Paramount,distribution,co1022855,False
AFEX,distribution,co0189384,False
Paramount-Film,distribution,co0160099,False
CBS,distribution,co0070627,False
TF1,distribution,co0028766,False
Paramount Home Entertainment,distribution,co0051891,False
CIC Vídeo,distribution,co0080094,False
RCA (II),distribution,co0036219,False
Perlberg-Seaton Productions,production,co0513195,False
Western Electric,miscellaneous,co0033842,False
