company_name,company_type,imdb_id
United Artists,distribution,co0026841
C.B. Films S.A.,distribution,co0064766
Dear Film,distribution,co0052819
Nova Film,distribution,co0304136
Kommunenes Filmcentral (KF),distribution,co0015327
20th Century Fox India,distribution,co0092296
National Broadcasting Company (NBC),distribution,co0072315
Warner Home Video,distribution,co0006383
Warner Home Video,distribution,co0059995
Warner Home Vidéo,distribution,co0101941
CBS/Fox,distribution,co0007496
Mainostelevisio (MTV3),distribution,co0069920
TF1,distribution,co0028766
Audio Visual Enterprises,distribution,co0006126
Key Video,distribution,co0021293
MGM Home Entertainment,distribution,co0015461
TV3,distribution,co0102029
M6,distribution,co0037417
Chapel Distribution,distribution,co0258711
RTL9,distribution,co0570072
PFC Vidéo,distribution,co0035514
Nelonen,distribution,co0029644
Metro-Goldwyn-Mayer (MGM),distribution,co0007143
Sony Pictures Home Entertainment,distribution,co0137851
20th Century Fox Home Entertainment,distribution,co0010224
ARTE,distribution,co0014456
Future Film,distribution,co0079555
Yleisradio (YLE),distribution,co0013526
Solaris Distribution,distribution,co0005119
20th Century Fox Home Entertainment,distribution,co0280047
20th Century Fox Home Entertainment,distribution,co0063964
Fox Pathé Europa,distribution,co0107998
France Ô,distribution,co0242394
Rai Movie,distribution,co0347055
The Criterion Collection,distribution,co0044076
The Criterion Channel,distribution,co0804141
HBO Max,distribution,co0754095
Warner Bros. Home Entertainment,distribution,co0705982
France 5,distribution,co0088445
20th Century Fox Home Entertainment,distribution,co0150813
9Gem,distribution,co0781000
Kino Lorber,distribution,co0291948
MGM/UA Home Entertainment,distribution,co0001770
MGM/UA Telecommunications,distribution,co0061822
Opção,distribution,co0089679
Pluto TV,distribution,co0545791
SBS Movies,distribution,co1015846
Tubi TV,distribution,co0724460
Wicked-Vision Media,distribution,co0640528
The Mirisch Corporation,production,co0011112
Descriptive Video Works,miscellaneous,co0321535
MGM Home Entertainment,miscellaneous,co0015461
Roundabout Entertainment,miscellaneous,co0027559
