company_name,company_type,imdb_id,is_major_studio
Paramount Pictures,distribution,co0023400,True
Paramount British Pictures,distribution,co0074341,False
Les Films Paramount,distribution,co0094762,False
Film AB Paramount,distribution,co0220414,False
Filmax,distribution,co0027719,False
Paramount Pictures Japan,distribution,co0573273,True
Paramount-Films,distribution,co0184442,False
American Broadcasting Company (ABC),distribution,co0037052,False
La Cinq (La 5),distribution,co0008958,False
Paramount Home Entertainment,distribution,co0051891,False
Lusomundo Audiovisuais,distribution,co0120637,False
NBC Universal Entertainment,distribution,co0459508,False
Odeon,distribution,co0000689,False
Cinefil WOWOW,distribution,co0691619,False
The Criterion Channel,distribution,co0804141,False
TCM Cinema,distribution,co0505495,False
Paramount Channel,distribution,co0796240,False
Paramount Pictures,production,co0023400,True
Salem Productions (II),production,co1144945,False
Dover Productions,production,co0330809,False
Berliner Synchron,miscellaneous,co0039270,False
International Alliance of Theatrical Stage Employees (IATSE),miscellaneous,co0190210,False
Panavision,miscellaneous,co0041930,False
Westrex Recording System,miscellaneous,co0001880,False
