company_name,company_type,imdb_id,is_major_studio
20th Century Fox,distribution,co0943364,True
Centfox-Film,distribution,co0137255,False
Fox,distribution,co0877386,False
Twentieth Century Fox Film Company,distribution,co0053239,False
Twentieth Century Fox,distribution,co0000756,False
20th Century Fox Home Entertainment,distribution,co0788854,True
20th Century Fox Home Entertainment,distribution,co0010224,True
Acorn Media,distribution,co0174662,False
CBS / Fox Video,distribution,co0106097,False
CBS,distribution,co0070627,False
CBS/Fox,distribution,co0007496,False
Golem Video,distribution,co0553522,False
HBO Max,distribution,co0754095,False
NHK-BS2,distribution,co0199367,False
Sinister Film,distribution,co0418922,False
Twilight Time,distribution,co0478467,False
Twentieth Century-Fox Productions,production,co0103215,False
Camera Effects,specialEffects,co0018547,False
Malcolm Bubb Camera Effects,specialEffects,co0974190,False
