company_name,company_type,imdb_id,is_major_studio
Columbia Pictures,distribution,co0050868,True
Columbia Films of India,distribution,co0215257,False
Columbia Pictures,distribution,co0835295,True
Columbia C.E.I.A.D.,distribution,co0092241,False
Columbia Film-Verleih,distribution,co0095798,False
Columbia International Films,distribution,co0302174,False
Columbia Pictures of Canada,distribution,co0130303,True
Filmayer,distribution,co0075913,False
Columbia Pictures of Argentina,distribution,co0221123,True
Columbia Films S. A.,distribution,co0282638,False
Columbia Pictures Mexico,distribution,co0115734,True
Columbia Pictures,distribution,co0877032,True
Warner-Columbia Film,distribution,co0053539,False
Warner-Columbia Films,distribution,co0176140,False
Videosonic,distribution,co0061607,False
R-Video,distribution,co0214149,False
VTC-Video,distribution,co0215585,False
Mainostelevisio (MTV3),distribution,co0069920,False
Columbia TriStar Home Video,distribution,co0189864,False
RCA (II),distribution,co0036219,False
RCA/Columbia Pictures International Video,distribution,co0128198,True
RCA/Columbia Pictures Video,distribution,co0252452,True
RCA/Columbia-Hoyts Home Video,distribution,co0057923,False
Sony Pictures Video,distribution,co0087306,True
RCA/Columbia Pictures Home Video,distribution,co0070977,True
Columbia TriStar Home Video,distribution,co0001850,False
Egmont Film,distribution,co0031483,False
Yleisradio (YLE),distribution,co0013526,False
Columbia TriStar Home Video,distribution,co0942169,False
LK-TEL,distribution,co0003327,False
Egmont Entertainment,distribution,co0135306,False
Nelonen,distribution,co0029644,False
Nordisk Film,distribution,co0137854,False
Columbia TriStar Home Entertainment,distribution,co0213457,False
Columbia TriStar Home Entertainment,distribution,co0098048,False
Columbia TriStar Home Entertainment,distribution,co0720168,False
Universal Pictures Video,distribution,co0824424,True
Sony Pictures Home Entertainment,distribution,co0852957,True
Sony Pictures Home Entertainment,distribution,co0769046,True
Sony Pictures Home Entertainment,distribution,co0802089,True
Sony Pictures Home Entertainment,distribution,co0137851,True
Sony Pictures Releasing,distribution,co0052145,True
Sony Pictures Home Entertainment,distribution,co0795863,True
Netflix,distribution,co0144901,True
The Criterion Channel,distribution,co0804141,False
Horizon Pictures (II),production,co0103190,False
Columbia Pictures,miscellaneous,co0050868,True
Equipment and Construction Co.,miscellaneous,co0034603,False
Government of Ceylon,miscellaneous,co0385732,False
Husband & Co. of Sheffield,miscellaneous,co0067089,False
MTI Film,miscellaneous,co0346451,False
OCS/Freeze Frame/Pixel Magic,miscellaneous,co0066712,False
Sony Pictures Studios,miscellaneous,co0050108,True
Sunset Gower Studios,miscellaneous,co0043184,False
The Royal Philharmonic Orchestra,miscellaneous,co0045253,False
