company_name,company_type,imdb_id,is_major_studio
Paramount Pictures,distribution,co0023400,True
Paramount Film Service,distribution,co0754555,False
Paramount British Pictures,distribution,co0074341,False
Paramount Film Service,distribution,co0316662,False
Les Films Paramount,distribution,co0094762,False
Paramount Films of Argentina,distribution,co0866247,False
Paramount Films,distribution,co0011257,False
Film AB Paramount,distribution,co0220414,False
M.P.E.A.,distribution,co0234054,False
Paramount-Film,distribution,co0160099,False
Mercurio Films S.A.,distribution,co0027068,False
MCA/Universal Pictures,distribution,co0026044,True
NHK-BS2,distribution,co0199367,False
MCA/Universal Home Video,distribution,co0060214,False
Universal Pictures,distribution,co0005073,True
Universal Pictures Home Entertainment (UPHE),distribution,co0023827,True
Jeunesse kikaku,distribution,co0557233,False
The Criterion Channel,distribution,co0804141,False
Umbrella Entertainment,distribution,co0122766,False
Elephant Films,distribution,co0278486,False
Explosive-Media,distribution,co0388223,False
Mechanismo,distribution,co1112943,False
Mediterranea Productions,distribution,co0376929,False
Paramount Pictures,production,co0023400,True
Cooperativa Doppiatori Cinematografici (CDC),miscellaneous,co0567843,False
Deluxe Digital Studios,miscellaneous,co0133840,False
Elite Film Synchron,miscellaneous,co0399250,False
International Alliance of Theatrical Stage Employees (IATSE),miscellaneous,co0190210,False
Western Electric,miscellaneous,co0033842,False
