company_name,company_type,imdb_id
Paramount Pictures,distribution,co0023400
Cinema International Corporation (CIC),distribution,co0924444
Paramount Pictures UK,distribution,co0822247
Paramount Pictures,distribution,co0819892
Cinema International Corporation (CIC),distribution,co0534543
Cinema International Corporation (CIC),distribution,co0605538
Cinema International Corporation (CIC),distribution,co0036998
Cinema International Corporation (CIC),distribution,co0412636
Cinema International Corporation (CIC),distribution,co0235624
Cinema International Corporation (CIC),distribution,co0184431
Cinema International Corporation (CIC),distribution,co0645080
Cinema International Corporation (CIC),distribution,co0646535
Cinema International Corporation (CIC),distribution,co0234432
Cinema International Corporation (CIC),distribution,co0112372
Cinema International Corporation (CIC),distribution,co0371559
Avala-Genex,distribution,co0238040
Cinema International Corporation (CIC),distribution,co0234395
National Broadcasting Company (NBC),distribution,co0072315
Paramount Films of India,distribution,co0318358
Paramount Home Video,distribution,co1044155
CIC Video,distribution,co0106040
Esselte Video,distribution,co0550208
CIC Video,distribution,co0021304
Esselte Video,distribution,co0179262
Mainostelevisio (MTV3),distribution,co0069920
CIC Victor Video,distribution,co0225291
La Cinq (La 5),distribution,co0008958
Home Video Hellas (HVH),distribution,co0048760
Pioneer,distribution,co0052747
Nelonen,distribution,co0029644
Paramount Home Entertainment,distribution,co0051891
Paramount Pictures Home Video,distribution,co1061662
Victor Entertainment / CIC Victor Video,distribution,co0226082
Les Acacias,distribution,co0006405
Park Circus,distribution,co0130598
Argentina Video Home,distribution,co0031085
TV2 Norge,distribution,co0020824
ZEE Entertainment Enterprises,distribution,co0252372
CDI Films,distribution,co0110693
Eye Film Institute,distribution,co0296721
New Star,distribution,co0078852
Park Circus,distribution,co0480858
New Disc,distribution,co1044126
Fox-Paramount Home Entertainment,distribution,co0565880
Trifecta Entertainment and Media,distribution,co0420728
VIVA,distribution,co0310686
Seven Films,distribution,co0075444
Paramount Channel,distribution,co0591004
Universal Pictures Home Entertainment,distribution,co0743251
Universal Sony Pictures Home Entertainment,distribution,co0375381
Fathom Events,distribution,co0360057
Paramount+,distribution,co0820547
Paramount Pictures International,distribution,co0198704
Paramount Pictures,production,co0023400
Albert S. Ruddy Productions,production,co0921482
Alfran Productions,production,co0255097
ARRI,miscellaneous,co0008520
Cinemobile System,miscellaneous,co0068270
DeForest Research,miscellaneous,co0078214
Dsire Design,miscellaneous,co0192743
Fireman's Fund Insurance Co.,miscellaneous,co0019208
International Alliance of Theatrical Stage Employees (IATSE),miscellaneous,co0190210
La-La Land Records,miscellaneous,co0108566
Motion Picture Imaging,miscellaneous,co0370542
Pro-Tek Media Preservation Services,miscellaneous,co0370527
Technicolor,miscellaneous,co0065861
