company_name,company_type,imdb_id
Paramount Pictures,distribution,co0023400
Paramount Film Service,distribution,co0754555
Paramount British Pictures,distribution,co0074341
Paramount Film Service,distribution,co0316662
Paramount Films of Argentina,distribution,co0866247
Paramount Filmes,distribution,co0803844
Film AB Paramount,distribution,co0220414
Paramount Films of Mexico,distribution,co0834860
Paramount-Films,distribution,co0184442
Les Films Paramount,distribution,co0094762
Filmaktieselskabet Paramount,distribution,co0316507
Filmaktieselskapet Paramount,distribution,co1022855
Central Motion Picture Exchange,distribution,co0248215
MCA/Universal Pictures,distribution,co0026044
MCA Home Video,distribution,co0009692
MCA Home Video,distribution,co0232947
Universal Pictures,distribution,co0005073
Shout Select,distribution,co0950058
Umbrella Entertainment,distribution,co0122766
Paramount Pictures,production,co0023400
Metropolitan Opera Association,miscellaneous,co0084257
Western Electric,miscellaneous,co0033842
