company_name,company_type,imdb_id
Metro-Goldwyn-Mayer (MGM),distribution,co0007143
Regal Films,distribution,co0066800
Metro-Goldwyn-Mayer (MGM),distribution,co0811496
Metro Goldwyn Mayer,distribution,co0629989
Metro-Goldwyn-Mayer (MGM),distribution,co0811498
Metro-Goldwyn-Mayer (MGM),distribution,co0824157
M.P.E.A.,distribution,co0253625
MGM/UA Home Entertainment,distribution,co0001770
NHK-BS2,distribution,co0199367
Warner Home Video,distribution,co0087314
Warner Home Video,distribution,co0059995
Topanga Canyon Films,distribution,co0775977
Pidax Film,distribution,co0239092
Metro-Goldwyn-Mayer (MGM),production,co0007143
Turner Entertainment,miscellaneous,co0183824
