company_name,company_type,imdb_id
Paramount Pictures,distribution,co0023400
Paramount Film Service,distribution,co0754555
Paramount British Pictures,distribution,co0074341
Paramount Film Service,distribution,co0316662
Film AB Paramount,distribution,co0220414
Filmaktieselskapet Paramount,distribution,co1022855
Paramount-Films,distribution,co0184442
Filmaktieselskabet Paramount,distribution,co0316507
Paramount-Film,distribution,co0160099
Paramount Filmes,distribution,co0803844
Paramount Films of Argentina,distribution,co0866247
National Broadcasting Company (NBC),distribution,co0072315
Paramount Home Entertainment,distribution,co0051891
NHK-BS2,distribution,co0199367
Victor Entertainment,distribution,co0061915
The Criterion Channel,distribution,co0804141
Hal Wallis Productions,production,co0128419
Cannes Film Festival,miscellaneous,co0034345
International Alliance of Theatrical Stage Employees (IATSE),miscellaneous,co0190210
Theatre Guild,miscellaneous,co0043694
Western Electric,miscellaneous,co0033842
