company_name,company_type,imdb_id,is_major_studio
Buena Vista Distribution Company,distribution,co1085150,False
Greater Union Organisation (GUO),distribution,co0022099,False
Svensk Filmindustri (SF),distribution,co0050989,False
United International Pictures (UIP),distribution,co0110120,False
United International Pictures,distribution,co0097402,False
United International Pictures,distribution,co0112575,False
Buena Vista International Mexico,distribution,co0121807,False
Filmayer,distribution,co0075913,False
Kommunenes Filmcentral (KF),distribution,co0015327,False
Mever Films,distribution,co0226291,False
Gativideo,distribution,co0044350,False
Touchstone Home Video,distribution,co0226864,False
Touchstone Home Video,distribution,co0041517,False
Buena Vista International,distribution,co0792679,False
Audio Visual Enterprises,distribution,co0006126,False
VideoVisa,distribution,co0149423,False
American Broadcasting Company (ABC),distribution,co0037052,False
Antenne 2 (A2),distribution,co0530809,False
Buena Vista International,distribution,co0916028,False
Buena Vista Home Entertainment,distribution,co0659852,False
Buena Vista Home Entertainment,distribution,co0049546,False
Touchstone Home Entertainment,distribution,co0300570,False
Touchstone Home Entertainment,distribution,co0659855,False
Touchstone Home Entertainment,distribution,co0477440,False
Buena Vista International,distribution,co0123419,False
Touchstone Pictures Home Entertainment,distribution,co0750134,False
Divisa Home Video,distribution,co0117434,False
Walt Disney Studios Home Entertainment,distribution,co0229306,True
LA7,distribution,co0212665,False
Walt Disney Studios Home Entertainment,distribution,co0235043,True
Finnkino,distribution,co0014703,False
Abril Vídeo,distribution,co0057299,False
Buena Vista Home Entertainment,distribution,co0979350,False
Disney+,distribution,co0721120,False
Liv,distribution,co0361918,False
Magic Box,distribution,co0298915,False
Nelonen,distribution,co0029644,False
TV3,distribution,co0102029,False
TV5,distribution,co0375601,False
Touchstone Home Video,distribution,co0883363,False
Walt Disney Company Russia & CIS,distribution,co0247742,True
Warner Bros. Entertainment,distribution,co0497928,True
Yleisradio (YLE),distribution,co0013526,False
Touchstone Pictures,production,co0049348,False
Silver Screen Partners II,production,co0077024,False
Sturm's Special Effects International,specialEffects,co0011533,False
ARRI,miscellaneous,co0008520,False
Chapman/Leonard Studio Equipment,miscellaneous,co0008022,False
EFX Unlimited,miscellaneous,co0116915,False
International Alliance of Theatrical Stage Employees (IATSE),miscellaneous,co0190210,False
Lucasfilm THX / TAP Theater Alignment Program,miscellaneous,co0172511,False
MCA Records,miscellaneous,co0042246,False
The Geddes Agency,miscellaneous,co0058250,False
