company_name,company_type,imdb_id
RKO Radio Pictures,distribution,co0041421
RKO Radio Pictures,distribution,co0119009
RKO Radio Films A/S,distribution,co0134686
RKO Radio Films,distribution,co0413144
C&C Television Corporation,distribution,co0101891
Turner Home Entertainment,distribution,co0093282
Warner Home Video,distribution,co0059995
Odeon Entertainment,distribution,co0159739
The Criterion Channel,distribution,co0804141
American Movie Classics (AMC),distribution,co0019701
RKO Radio Pictures,production,co0041421
RCA,miscellaneous,co0179360
