company_name,company_type,imdb_id
United Artists,distribution,co0026841
United Artists,distribution,co0103797
Kommunenes Filmcentral (KF),distribution,co0015327
American Broadcasting Company (ABC),distribution,co0037052
20th Century Fox India,distribution,co0092296
AmaFilms,distribution,co0108616
United Artists Europa,distribution,co0612808
Buksfilm,distribution,co0983694
CBS/Fox,distribution,co0007496
Capelight Pictures,distribution,co0151501
Epoca,distribution,co0110063
FS Film,distribution,co0363592
Kino Lorber,distribution,co0291948
Llamentol,distribution,co0112373
MGM Home Entertainment,distribution,co0015461
Shock,distribution,co0153926
Twilight Time,distribution,co0478467
Warner Home Video,distribution,co0059995
Warner Home Vídeo,distribution,co0089683
Yleisradio (YLE),distribution,co0013526
Roxlom Films Inc.,production,co0160497
International Alliance of Theatrical Stage Employees (IATSE),miscellaneous,co0190210
MGM/UA Home Entertainment,miscellaneous,co0001770
Pacific Title,miscellaneous,co0001256
Solters & Digney,miscellaneous,co0130701
Stalmaster-Lister Co.,miscellaneous,co0019501
