company_name,company_type,imdb_id,is_major_studio
Metro-Goldwyn-Mayer (MGM),distribution,co0007143,True
Metro-Goldwyn-Mayer (MGM),distribution,co0811496,True
Regal Films,distribution,co0066800,False
Metro-Goldwyn-Mayer (MGM),distribution,co0854778,True
Metro-Goldwyn-Mayer A/B,distribution,co0902144,False
Metro-Goldwyn-Mayer (MGM),distribution,co0811498,True
Metro-Goldwyn-Mayer (MGM),distribution,co0812330,True
CEL-MGM/UA Home Video,distribution,co0884625,True
MGM/UA Home Entertainment,distribution,co0001770,True
Chapel Distribution,distribution,co0258711,False
Warner Home Video,distribution,co0059995,False
Living Colour Entertainment,distribution,co0229902,False
Metro-Goldwyn-Mayer British Studios,production,co0071784,False
MGM Home Entertainment,miscellaneous,co0015461,True
Turner Entertainment,miscellaneous,co0183824,False
Western Costume Company,miscellaneous,co0054834,False
