company_name,company_type,imdb_id
RKO Radio Pictures,distribution,co0041421
RKO Distributing Corporation of Canada,distribution,co0786380
RKO Radio Pictures,distribution,co0119009
RKO Pictures (Australasia),distribution,co0786630
RKO Radio Pictures Argentina,distribution,co0227201
RKO Radio Films,distribution,co0217289
RKO Radio Films,distribution,co0647480
RKO Radio Films,distribution,co0413144
RKO Radio Films A/S,distribution,co0134686
RKO Radio Films,distribution,co0216147
Central Motion Picture Exchange,distribution,co0248215
TWF (Trans World Films),distribution,co0653254
Herzog-Filmverleih,distribution,co0052585
Empire Universal Films,distribution,co0107978
Regal Films International,distribution,co0106732
Wivefilm,distribution,co0091361
Euro International Films,distribution,co0060514
Adams Filmi,distribution,co0060952
Yleisradio (YLE),distribution,co0013526
Showcase Video,distribution,co0304465
Embassy Home Entertainment,distribution,co0087616
NHK-BS2,distribution,co0199367
M6,distribution,co0037417
Pioneer Entertainment,distribution,co0041945
Home Box Office Home Video (HBO),distribution,co0077623
MGM Home Entertainment,distribution,co0015461
Jeunesse kikaku,distribution,co0557233
20th Century Fox Home Entertainment,distribution,co0010224
Warner Home Video,distribution,co0059995
Sony Pictures Home Entertainment,distribution,co0137851
Universal Sony Pictures Home Entertainment Nordic,distribution,co0533783
NHK BS Premium,distribution,co0335122
ARTE,distribution,co0014456
Paramount Channel,distribution,co0796240
Nelson Entertainment,distribution,co0020346
Samuel Goldwyn Productions,production,co0189536
International Alliance of Theatrical Stage Employees (IATSE),miscellaneous,co0190210
