company_name,company_type,imdb_id
Twentieth Century Fox,distribution,co0000756
Fox Films,distribution,co0373088
Twentieth Century Fox Film Company,distribution,co0053239
Twentieth Century Fox,distribution,co0711817
20th Century Fox Australia,distribution,co0063989
20th Century Fox India,distribution,co0092296
20th Century Fox,distribution,co0943364
Fox Norena Film A/S,distribution,co0608044
Fox Filmes,distribution,co0106860
American Broadcasting Company (ABC),distribution,co0037052
Magnetic Video,distribution,co0089127
National Broadcasting Company (NBC),distribution,co0072315
CBS/Fox,distribution,co0094754
20th Century Fox Video,distribution,co0605838
CBS/Fox,distribution,co0007496
CBS/Fox Home Video,distribution,co0042311
CBS Electronics,distribution,co0248464
La Cinq (La 5),distribution,co0008958
Fox Video,distribution,co0017628
20th Century Fox Home Entertainment,distribution,co0010224
France 3,distribution,co0061460
20th Century Fox Home Entertainment,distribution,co0280047
Gativideo,distribution,co0044350
Svensk Filmindustri (SF),distribution,co0050989
RTL9,distribution,co0570072
Télé Monté Carlo (TMC),distribution,co0204587
Direct 8,distribution,co0351386
Fox Pathé Europa,distribution,co0107998
Paris Première,distribution,co0050894
20th Television,distribution,co0161074
The Walt Disney Company,distribution,co0044374
The Criterion Channel,distribution,co0804141
20th Century Fox Home Entertainment,distribution,co0150813
Abril Vídeo,distribution,co0057299
Twentieth Century Fox,production,co0000756
Armies of the World,miscellaneous,co0204644
International Alliance of Theatrical Stage Employees (IATSE),miscellaneous,co0190210
KO Creative,miscellaneous,co0353187
Pacific Title,miscellaneous,co0001256
Panavision,miscellaneous,co0041930
Spanish Army,miscellaneous,co0317567
THX Ltd.,miscellaneous,co0131611
U.S. Army,miscellaneous,co0007320
