company_name,company_type,imdb_id,is_major_studio
AVCO Embassy Pictures,distribution,co0066770,False
AVCO Embassy,distribution,co0149479,False
Damaskinos-Mihailidis (DM) [gr],distribution,co0037230,False
Euro International Films,distribution,co0060514,False
Filmes Castello Lopes,distribution,co0049459,False
Fox-MGM Film,distribution,co0218708,True
Triangel Produksjon A/S,distribution,co0022195,False
Twentieth Century Fox,distribution,co0000756,False
Cine Internacional de la Argentina (CIA),distribution,co0828553,False
Tuschinski Film Distribution,distribution,co0024846,False
National Broadcasting Company (NBC),distribution,co0072315,False
CBS/Fox Home Video,distribution,co0042311,False
CBS/Fox,distribution,co0226201,False
Video Treasures,distribution,co0053518,False
Indaco Pictures,distribution,co0681711,False
Magnetic Video,distribution,co0089127,False
Media Home Entertainment,distribution,co0057219,False
Paramount Pictures,distribution,co0023400,True
Spelling Entertainment,distribution,co0096021,False
Worldvision Enterprises,distribution,co0080243,False
Brut Productions,production,co0007508,False
Gordon Film Productions,production,co0058480,False
Joseph E. Levine Productions,production,co0060073,False
Lee Lighting,miscellaneous,co0105122,False
Panavision,miscellaneous,co0041930,False
