company_name,company_type,imdb_id,is_major_studio
Universal Pictures,distribution,co0005073,True
Associated Film Distribution (AFD),distribution,co0045051,False
Cinema International Corporation (CIC),distribution,co0184431,False
Cinema International Corporation (CIC),distribution,co0371559,False
Consorcio Ibérico Cinematográfico (CIC),distribution,co0058476,False
Filmes Castello Lopes,distribution,co0049459,False
Hoyts Distribution,distribution,co0050640,False
Paris Filmes,distribution,co0021161,False
Seven Keys,distribution,co0037510,False
Sunn Classic Productions,distribution,co0653302,False
Toho-Towa,distribution,co0064457,False
United International Pictures (UIP),distribution,co0112572,False
United International Pictures (UIP),distribution,co0113995,False
20th Century Fox Video,distribution,co0605838,True
Precision Video,distribution,co0232508,False
Universal Films of India,distribution,co0794561,False
CBS/Fox,distribution,co0226201,False
CBS/Fox,distribution,co0007496,False
R-Video,distribution,co0214149,False
Progress Film-Verleih,distribution,co0025020,False
CBS Electronics,distribution,co0248464,False
CBS/Fox Home Video,distribution,co0042311,False
National Broadcasting Company (NBC),distribution,co0072315,False
Alliance Vidéo,distribution,co0118316,False
FilmNet,distribution,co0558402,False
Canal+,distribution,co0028557,False
Channel 5 Video Distribution,distribution,co0106195,False
VideoVisa,distribution,co0149423,False
ITC Home Video,distribution,co0051042,False
J2 Communications,distribution,co0081433,False
Mainostelevisio (MTV3),distribution,co0069920,False
M6,distribution,co0037417,False
Algemene Vereniging Radio Omroep (AVRO),distribution,co0038548,False
Antenne 2 (A2),distribution,co0530809,False
Family Home Entertainment (FHE),distribution,co0108311,False
Live Home Video,distribution,co0090510,False
Yleisradio (YLE),distribution,co0013526,False
4 Front Video,distribution,co0106083,False
PolyGram Television,distribution,co0001954,False
Live Entertainment,distribution,co0049954,False
Philips Media,distribution,co0307517,False
PolyGram Video,distribution,co0106035,False
Pioneer Entertainment,distribution,co0041945,False
Artisan Entertainment,distribution,co0014903,False
Argentina Video Home,distribution,co0031085,False
Artisan Home Entertainment,distribution,co0098779,False
Lionsgate,distribution,co0006881,False
Universal Pictures Finland,distribution,co0388514,True
Universal Pictures Video,distribution,co0824421,True
Universal Pictures Video,distribution,co0117467,True
ARTE,distribution,co0014456,False
Maple Pictures,distribution,co0160115,False
Universal Pictures Home Entertainment,distribution,co0814477,True
Continental Film,distribution,co0144570,False
Rai 1,distribution,co0042527,False
Pandastorm Pictures,distribution,co0300058,False
HBO Max,distribution,co0754095,False
Fathom Events,distribution,co0360057,False
Soul Media,distribution,co0523096,False
ITVX,distribution,co0911004,False
Alliance Atlantis Vivafilm,distribution,co0088273,False
CBS / Fox Video,distribution,co0266215,False
Incorporated Television Company (ITC),production,co0103220,False
IPC Films,production,co0059553,False
International Alliance of Theatrical Stage Employees (IATSE),miscellaneous,co0190210,False
New Hampshire Film & TV Office,miscellaneous,co0091893,False
Panavision,miscellaneous,co0041930,False
People of New Hampshire,miscellaneous,co0219391,False
Pickwick/Maslansky/Koenigsberg Inc.,miscellaneous,co0087122,False
Todd-AO Studios,miscellaneous,co0016792,False
