company_name,company_type,imdb_id
Metro-Goldwyn-Mayer (MGM),distribution,co0007143
United Artists,distribution,co0026841
United Artists,distribution,co0103797
Kommunenes Filmcentral (KF),distribution,co0015327
United Artists Films,distribution,co0839161
Rank Filmes de Portugal,distribution,co0110676
Nova Film,distribution,co0304136
C.B. Films S.A.,distribution,co0064766
Cinema International Corporation (CIC),distribution,co0534543
Home Box Office (HBO),distribution,co0008693
United Artists (A-Asia),distribution,co0663286
CBS,distribution,co0070627
Intervision Video,distribution,co0119598
MGM/CBS Home Video,distribution,co0172646
Warner Home Video,distribution,co0006383
Warner Home Video,distribution,co0059995
MGM Home Entertainment,distribution,co0015461
Audio Visual Enterprises,distribution,co0006126
Turner Entertainment,distribution,co0183824
TV3,distribution,co0102029
Warner Home Video,distribution,co0189793
ARTE,distribution,co0014456
NHK-BS2,distribution,co0199367
Yleisradio (YLE),distribution,co0013526
MGM/UA Home Entertainment,distribution,co0001770
Chapel Distribution,distribution,co0258711
Warner Home Vídeo,distribution,co0089683
Fox Video Japan,distribution,co0442630
Future Film,distribution,co0079555
NHK BS Premium,distribution,co0335122
Arrow Films,distribution,co0042468
Arthaus,distribution,co0608555
France 5,distribution,co0088445
Scanvideo,distribution,co0185825
Metro-Goldwyn-Mayer (MGM),production,co0007143
Todd/Champion Ltd.,miscellaneous,co0092180
Panavision,miscellaneous,co0041930
EUE/Screen Gems Video Services,miscellaneous,co0056083
International Alliance of Theatrical Stage Employees (IATSE),miscellaneous,co0190210
Metrocolor,miscellaneous,co0130848
