company_name,company_type,imdb_id,is_major_studio
Paramount Pictures,distribution,co0023400,True
Paramount Home Video,distribution,co1044155,False
Nova Film,distribution,co0304136,False
Sociedade Importadora de Filmes (SIF),distribution,co0022305,False
United International Pictures (UIP),distribution,co0112572,False
United International Pictures (UIP),distribution,co0012851,False
United International Pictures (UIP),distribution,co0097405,False
United International Pictures (UIP),distribution,co0016600,False
United International Pictures (UIP),distribution,co0000994,False
United International Pictures (UIP),distribution,co0074139,False
United International Pictures (UIP),distribution,co0043417,False
United International Pictures (UIP),distribution,co0113995,False
United International Pictures,distribution,co0097402,False
CIC Video,distribution,co0021304,False
CIC-Taft Home Video,distribution,co0023596,False
Paramount Films of India,distribution,co0318358,False
Esselte Video,distribution,co0179262,False
National Broadcasting Company (NBC),distribution,co0072315,False
CIC Vídeo,distribution,co0080094,False
Mainostelevisio (MTV3),distribution,co0069920,False
Nelonen,distribution,co0029644,False
Paramount Pictures Home Video,distribution,co1061662,True
Finnkino,distribution,co0014703,False
Paramount Home Entertainment,distribution,co0051891,False
Yleisradio (YLE),distribution,co0013526,False
Fox-Paramount Home Entertainment,distribution,co0453999,False
Warner Home Video,distribution,co0059995,False
Park Circus,distribution,co0480858,False
HBO Max,distribution,co0754095,False
The Criterion Channel,distribution,co0804141,False
Les Acacias,distribution,co0006405,False
Paramount Channel,distribution,co0796240,False
Pluto TV,distribution,co0545791,False
Argentina Video Home,distribution,co0031085,False
Magicbox,distribution,co0952748,False
Paramount Pictures,production,co0023400,True
"City of Lincoln, Nebraska",miscellaneous,co0245750,False
Dolby Laboratories,miscellaneous,co0047023,False
"Doster, Keigley & Rhodes",miscellaneous,co0057807,False
International Alliance of Theatrical Stage Employees (IATSE),miscellaneous,co0190210,False
Lincoln General Hospital,miscellaneous,co0245774,False
Meredith Long & Company,miscellaneous,co0245828,False
Modern Film Effects,miscellaneous,co0137074,False
Nebraska Film Office,miscellaneous,co0091869,False
Panavision,miscellaneous,co0041930,False
Record Plant Scoring,miscellaneous,co0107605,False
The Greater Houston Convention and Visitors Council,miscellaneous,co0245748,False
"The New York City Mayor's Office of Film, Theatre & Broadcasting",miscellaneous,co0051113,False
