company_name,company_type,imdb_id,is_major_studio
United Artists,distribution,co0026841,False
United Artists,distribution,co0103797,False
Atlas Film,distribution,co0031409,False
Kommunenes Filmcentral (KF),distribution,co0015327,False
Nova Film,distribution,co0304136,False
United Artists (A-Asia),distribution,co0663286,False
United Artists,distribution,co0816759,False
Rank Filmes de Portugal,distribution,co0110676,False
National Broadcasting Company (NBC),distribution,co0072315,False
Intervision Video,distribution,co0119598,False
VidAmerica,distribution,co0051030,False
Magnetic Video,distribution,co0089127,False
20th Century Fox Video,distribution,co0605838,True
United Artists,distribution,co0809114,False
Warner Home Video,distribution,co0006383,False
CBS/Fox,distribution,co0007496,False
Audio Visual Enterprises,distribution,co0006126,False
Warner Home Video,distribution,co0059995,False
NHK-BS2,distribution,co0199367,False
20th Century Fox Home Entertainment,distribution,co0297163,True
20th Century Fox Home Entertainment,distribution,co0010224,True
MGM Home Entertainment,distribution,co0015461,True
Fox Video Japan,distribution,co0442630,False
Koch Media,distribution,co0157100,False
Özen Film,distribution,co0040224,False
MGM/UA Communications Co.,distribution,co0312972,True
MGM/UA Home Entertainment,distribution,co0001770,True
RCA (II),distribution,co0036219,False
Jerome Hellman Productions,production,co0113570,False
Jayne Productions Inc.,production,co0134980,False
MGM Laboratories,miscellaneous,co0178828,True
DeLuxe Laboratories,miscellaneous,co0026998,False
Panavision,miscellaneous,co0041930,False
International Alliance of Theatrical Stage Employees (IATSE),miscellaneous,co0190210,False
Cannes Film Festival,miscellaneous,co0034345,False
Maslansky Koenigsberg,miscellaneous,co0129386,False
Ritek Digital Studios,miscellaneous,co0129400,False
