company_name,company_type,imdb_id
Paramount Pictures,distribution,co0023400
Cinema International Corporation (CIC),distribution,co0534543
Cinema International Corporation (CIC),distribution,co0605538
Cinema International Corporation (CIC),distribution,co0371559
Cinema International Corporation (CIC),distribution,co0184431
Cinema International Corporation (CIC),distribution,co0643660
CBS,distribution,co0070627
Paramount Home Entertainment,distribution,co0051891
Cinema International Corporation (CIC),distribution,co0645080
Imprint Films,distribution,co0816515
Filmways Pictures,production,co0065715
Cirandinha Productions,production,co0261058
Jalem Productions,production,co0066779
La-La Land Records,miscellaneous,co0108566
