company_name,company_type,imdb_id
Miramax,distribution,co0022594
Sovereign,distribution,co1068563
20th Century Fox India,distribution,co0092296
Cannon Film Distributors,distribution,co0502621
Cineplex Odeon Films,distribution,co0089870
Les Films Ariane,distribution,co0042444
Palace Pictures,distribution,co0103598
Roadshow Films,distribution,co0058792
Transmundo Films,distribution,co0027133
20th Century Fox Home Entertainment,distribution,co0150813
Alliance Atlantis Home Video,distribution,co0090512
Alliance Atlantis Video,distribution,co0108079
Atlantic Film,distribution,co0182772
Cineplex-Odeon Home Video,distribution,co0088050
Columbia TriStar Home Video,distribution,co0189864
Elephant Films,distribution,co0278486
Fox Video Japan,distribution,co0442630
Home Box Office Home Video (HBO),distribution,co0077623
KSM,distribution,co0322088
LK-TEL Vídeo,distribution,co0137250
Lions Gate Films Home Entertainment,distribution,co0082557
Lionsgate Home Entertainment,distribution,co0292909
MCA,distribution,co0007054
Malofilm Home Video,distribution,co0024706
Miramax Home Entertainment,distribution,co0564364
NHK Sôgô,distribution,co0211950
NHK-BS2,distribution,co0199367
New KSM,distribution,co0245229
Premium Cine,distribution,co0091085
RCA/Columbia Pictures International Video,distribution,co0128198
RCA/Columbia Pictures International Video,distribution,co0358260
RCA/Columbia-Hoyts Home Video,distribution,co0057923
Reel One Entertainment S.L.,distribution,co0639482
Sovereign Pictures,distribution,co0112942
Transmundo Home Video (THV),distribution,co0040022
Varus Video,distribution,co0091775
Worldvision Enterprises,distribution,co0080243
Ferndale Films,production,co0049144
Granada Television,production,co0103289
Hell's Kitchen Films,production,co0019015
Raidió Teilifís Éireann (RTÉ),production,co0065724
AP Spence & Co.,miscellaneous,co0017440
Ardmore Studios,miscellaneous,co0198885
Blowup,miscellaneous,co0109853
Cine Electric Ltd.,miscellaneous,co0081568
Delta Sound Services,miscellaneous,co0105265
Fuji Ireland Ltd.,miscellaneous,co0007453
Graphicones,miscellaneous,co0074533
Guinness Mahon and Company,miscellaneous,co0105339
Joe Dunton Cameras Ireland Ltd.,miscellaneous,co0032029
Location Catering Services Ltd.,miscellaneous,co0105340
Mi Casa Multimedia,miscellaneous,co0209028
Peter Govey Film Opticals,miscellaneous,co0044895
Screen Scene,miscellaneous,co0113231
The Transfer Bay,miscellaneous,co0011030
Toronto International Film Festival,miscellaneous,co0047102
Twickenham Film Studios,miscellaneous,co0014583
Ulster Bank Ltd.,miscellaneous,co0036189
Varèse Sarabande,miscellaneous,co0017459
Westland Studios Dublin,miscellaneous,co0040155
