company_name,company_type,imdb_id,is_major_studio
United Artists,distribution,co0026841,False
United Artists,distribution,co0103797,False
20th Century Fox India,distribution,co0092296,True
Kommunenes Filmcentral (KF),distribution,co0015327,False
United Artists,distribution,co0817797,False
United Artists,distribution,co0809203,False
United Artists,distribution,co0809114,False
CBS,distribution,co0070627,False
CBS/Fox,distribution,co0007496,False
Key Video,distribution,co0021293,False
MGM Home Entertainment,distribution,co0015461,True
MGM/UA Home Entertainment,distribution,co0001770,True
Warner Home Video,distribution,co0059995,False
20th Century Fox Home Entertainment,distribution,co0010224,True
Twilight Time,distribution,co0478467,False
HBO Max,distribution,co0754095,False
HanseSound,distribution,co0381309,False
Kino Lorber,distribution,co0291948,False
United Artists,distribution,co0816759,False
Epoca,distribution,co0110063,False
NHK-BS2,distribution,co0199367,False
Rainbow Productions,production,co0130488,False
Consolidated Film Industries (CFI),miscellaneous,co0044873,False
International Alliance of Theatrical Stage Employees (IATSE),miscellaneous,co0190210,False
Perseverance Records,miscellaneous,co0161157,False
Westrex Recording System,miscellaneous,co0001880,False
