company_name,company_type,imdb_id,is_major_studio
Universal Pictures,distribution,co0005073,True
Associated Film Distribution (AFD),distribution,co0045051,False
United International Pictures (UIP),distribution,co0074139,False
United International Pictures (UIP),distribution,co0113995,False
United International Pictures (UIP),distribution,co0043417,False
United International Pictures (UIP),distribution,co0112572,False
Cinema International Corporation (CIC),distribution,co0112372,False
United International Pictures (UIP),distribution,co0016600,False
CBS/Fox Home Video,distribution,co0042311,False
Precision Video,distribution,co0232508,False
20th Century Fox Argentina,distribution,co0007180,True
CBS/Fox Video,distribution,co0212901,False
CBS/Fox,distribution,co0007496,False
Showtime,distribution,co0903913,False
British Broadcasting Corporation (BBC),distribution,co0043107,False
CBS,distribution,co0070627,False
CBS/Fox,distribution,co0094754,False
Canal+,distribution,co0028557,False
Channel 5 Video,distribution,co0773190,False
CBS/Fox,distribution,co0226201,False
TV3,distribution,co0102029,False
Algemene Vereniging Radio Omroep (AVRO),distribution,co0038548,False
M6,distribution,co0037417,False
Yleisradio (YLE),distribution,co0013526,False
PolyGram Television,distribution,co0001954,False
Pioneer Entertainment,distribution,co0041945,False
Mainostelevisio (MTV3),distribution,co0069920,False
Carlton Video,distribution,co0077298,False
ITV DVD,distribution,co0195491,False
Universal Pictures Video,distribution,co0824421,True
Maple Pictures,distribution,co0160115,False
Nelonen,distribution,co0029644,False
Universal Pictures Home Entertainment,distribution,co0297627,True
Universal Sony Pictures Home Entertainment Nordic,distribution,co0533783,True
Shout! Factory,distribution,co0110208,False
ITV Studios Home Entertainment,distribution,co0312028,False
Rai Movie,distribution,co0347055,False
Umbrella Entertainment,distribution,co0122766,False
Premium Cine,distribution,co0091085,False
Editora Europa,distribution,co0113334,False
Esselte Video,distribution,co0179262,False
Versátil Home Vídeo,distribution,co0090507,False
Incorporated Television Company (ITC),production,co0103220,False
Keith Barish Productions,production,co0009677,False
Bronx Community College,miscellaneous,co0250919,False
Camera Mart,miscellaneous,co0028623,False
Clein & Feldman Associates,miscellaneous,co0020026,False
Computer Opticals,miscellaneous,co0080342,False
Flatbush Development,miscellaneous,co0302381,False
International Alliance of Theatrical Stage Employees (IATSE),miscellaneous,co0190210,False
Jadran Film,miscellaneous,co0023529,False
Navarro-Bertoni Casting,miscellaneous,co0081565,False
New York City Tactical Police Unit,miscellaneous,co0302386,False
Photomagnetic Sound Studios,miscellaneous,co0074690,False
"The New York City Mayor's Office of Film, Theatre & Broadcasting",miscellaneous,co0051113,False
Titra Film New York,miscellaneous,co0258388,False
