company_name,company_type,imdb_id
Warner Bros.,distribution,co0002663
Warner-Pathé Distributors,distribution,co0106012
Warner-Tonefilm,distribution,co0214931
Warner Bros. Pictures,distribution,co0342489
CBS,distribution,co0070627
1ère chaîne ORTF,distribution,co0268070
Mainostelevisio (MTV3),distribution,co0069920
TVP1,distribution,co0073958
Warner Home Video,distribution,co0059995
Warner Home Video,distribution,co0077674
Warner Home Video,distribution,co0142160
Warner Home Video,distribution,co0189793
The Criterion Channel,distribution,co0804141
Warner Bros.,production,co0002663
Chenault Productions,production,co0037402
International Alliance of Theatrical Stage Employees (IATSE),miscellaneous,co0190210
Descriptive Video Works,miscellaneous,co0321535
