company_name,company_type,imdb_id,is_major_studio
RKO Radio Pictures,distribution,co0041421,False
RKO Distributing Corporation of Canada,distribution,co0786380,False
RKO Radio Pictures,distribution,co0119009,False
RKO Pictures (Australasia),distribution,co0786630,False
Filmituonti,distribution,co0043139,False
R.K.O. Radio Films,distribution,co0878304,False
RKO Radio Pictures S.A.,distribution,co0787886,False
Motion Picture Export Association (MPEA),distribution,co0311878,False
Przedsiebiorstwo Panstwowe Film Polski,distribution,co0022852,False
RKO Radio Films,distribution,co0216147,False
C&C Television Corporation,distribution,co0101891,False
Atlas Film,distribution,co0221908,False
Lii-Filmi,distribution,co0193704,False
Yleisradio (YLE),distribution,co0013526,False
TF1,distribution,co0028766,False
RKO Home Video,distribution,co0052638,False
Heron Home Entertainment,distribution,co0177169,False
Compagnie Internationale de Communication,distribution,co0253373,False
Turner Home Entertainment,distribution,co0093282,False
Éditions Montparnasse,distribution,co0088082,False
Warner Home Vidéo,distribution,co0101941,False
Buena Vista Home Entertainment,distribution,co0049546,False
DHE Castle,distribution,co0197811,False
Kinowelt Home Entertainment,distribution,co0019532,False
Universal Pictures,distribution,co0105063,True
ARTE,distribution,co0014456,False
Research Entertainment,distribution,co0572515,False
MGM Home Entertainment,distribution,co0015461,True
Warner Home Video,distribution,co0059995,False
Le Monde,distribution,co0015745,False
Pan Vision,distribution,co0397646,False
Future Film,distribution,co0079555,False
BBC Two,distribution,co0234496,False
Warner Bros. Home Entertainment,distribution,co0705983,True
El 9 Besepi S.L.,distribution,co0895662,False
Summer Classics,distribution,co0759562,False
Central Motion Picture Exchange,distribution,co0248215,False
Image Entertainment,distribution,co0013585,False
NHK BS1,distribution,co0732045,False
NHK Kyôiku,distribution,co0215128,False
NHK Sôgô,distribution,co0211950,False
Nova Home Video,distribution,co0067918,False
Rosenbergs Filmbyrå,distribution,co0217669,False
VidAmerica,distribution,co0051030,False
Vídeo Mercury Films,sales,co0065376,False
RKO Radio Pictures,production,co0041421,False
David O. Selznick Productions Inc.,miscellaneous,co0166374,False
RCA,miscellaneous,co0179360,False
Studios de Neuilly,miscellaneous,co0150707,False
