company_name,company_type,imdb_id
Metro-Goldwyn-Mayer (MGM),distribution,co0007143
Metro,distribution,co0608043
CBS,distribution,co0070627
CEL-MGM/UA Home Video,distribution,co0884625
MGM Home Entertainment,distribution,co0015461
MGM/UA Home Entertainment,distribution,co0001770
Warner Home Video,distribution,co0059995
HBO Max,distribution,co0754095
Afton-Linebrook,production,co0135434
International Alliance of Theatrical Stage Employees (IATSE),miscellaneous,co0190210
Turner Entertainment,miscellaneous,co0183824
Westrex Recording System,miscellaneous,co0001880
