company_name,company_type,imdb_id,is_major_studio
United Artists,distribution,co0026841,False
United Artists,distribution,co0874020,False
United Artists,distribution,co0103797,False
United Artists (Australasia),distribution,co0877385,False
Los Artistas Unidos de América del Sur,distribution,co0338934,False
United Artists,distribution,co0809203,False
Kommunenes Filmcentral (KF),distribution,co0015327,False
MGM Home Entertainment,distribution,co0015461,True
Pickford Corporation,production,co0046466,False
