company_name,company_type,imdb_id,is_major_studio
Columbia Pictures Corporation,distribution,co0108852,True
Columbia Pictures,distribution,co0050868,True
Columbia Film,distribution,co0219440,False
Columbia Filmes,distribution,co0108003,False
Columbia,distribution,co0400389,False
Columbia,distribution,co0076384,False
Columbia-Bavaria Filmgesellschaft m.b.H.,distribution,co0089682,False
Kamera Film Aktieselskap,distribution,co0237820,False
Sony Pictures Releasing,distribution,co0145664,True
Columbia Films of India,distribution,co0215257,False
Columbia Films S. A.,distribution,co0282638,False
National Broadcasting Company (NBC),distribution,co0072315,False
RCA/Columbia-Hoyts Home Video,distribution,co0057923,False
RCA / Columbia Pictures Video,distribution,co0117455,True
LK-TEL,distribution,co0003327,False
RCA/Columbia Pictures International Video,distribution,co0371171,True
RCA/Columbia Pictures Video,distribution,co0252452,True
RCA/Columbia Pictures Home Video,distribution,co0070977,True
Columbia TriStar Home Video,distribution,co0001850,False
TV.Berlin,distribution,co0173089,False
Columbia TriStar Home Entertainment,distribution,co0127120,False
ORF 2,distribution,co0348287,False
Österreichischer Rundfunk (ORF),distribution,co0044989,False
Premiere 7,distribution,co0986217,False
Premiere Filmfest,distribution,co0986219,False
Premiere Nostalgie,distribution,co0986218,False
Sony Pictures Home Entertainment,distribution,co0137851,True
ServusTV Deutschland,distribution,co0840878,False
ServusTV,distribution,co0295850,False
Sky Nostalgie,distribution,co0905510,False
Twilight Time,distribution,co0478467,False
ORF III,distribution,co0603720,False
Eureka Entertainment,distribution,co0187355,False
Chili Cinema,distribution,co0984867,False
Netflix,distribution,co0144901,True
iTunes,distribution,co0694131,False
The Criterion Channel,distribution,co0804141,False
ARTE,distribution,co0164664,False
Kabel Eins Classics,distribution,co0355813,False
LK-TEL Vídeo,distribution,co0137250,False
Highland Films,production,co0201926,False
Westrex Recording System,miscellaneous,co0001880,False
