company_name,company_type,imdb_id,is_major_studio
Warner Bros.,distribution,co0002663,True
Warner Bros. Finland,distribution,co0850083,True
Warner Bros. Pictures,distribution,co0498895,True
Warner Bros.,distribution,co0962874,True
Warner Bros.,distribution,co0826866,True
Warner-Pathé Distributors,distribution,co0106012,False
Warner Bros. Film,distribution,co0812966,True
Warner-Tonefilm,distribution,co0214931,False
Warner Bros. Pictures Mexico,distribution,co0158349,True
Warner Bros. Pictures,distribution,co0342489,True
Canadian Broadcasting Corporation (CBC),distribution,co0045850,False
National Broadcasting Company (NBC),distribution,co0072315,False
20th Century Fox Australia,distribution,co0063989,True
20th Century Fox India,distribution,co0092296,True
Viacom,distribution,co0077647,False
Fox Films,distribution,co0174267,False
TF1,distribution,co0028766,False
Paramount Television,distribution,co0053559,False
MGM/CBS Home Video,distribution,co0172646,True
Yleisradio (YLE),distribution,co0013526,False
CBS/Fox Home Video,distribution,co0042311,False
Rete 4,distribution,co0131809,False
Disney Channel,distribution,co0022105,False
CBS/Fox,distribution,co0007496,False
Debmar Studios,distribution,co0206149,False
NHK-BS2,distribution,co0199367,False
Twentieth Century Fox,distribution,co0000756,False
ARTE,distribution,co0014456,False
Fox Video,distribution,co0017628,False
CBS Video,distribution,co0176590,False
Fox Columbia TriStar Films,distribution,co0628925,False
20th Century Fox Home Entertainment,distribution,co0010224,True
NHK Kyôiku,distribution,co0215128,False
Oy Europa Vision AB,distribution,co0127117,False
VideoVisa,distribution,co0149423,False
Encore Entertainment,distribution,co0106102,False
Warner Home Video,distribution,co0059995,False
Sandrew Metronome Distribution,distribution,co0050310,False
Warner Home Video,distribution,co0087314,False
20th Century Fox Home Entertainment,distribution,co0751509,True
20th Century Fox Home Entertainment,distribution,co0159046,True
Paramount Home Entertainment,distribution,co0051891,False
Warner Home Video,distribution,co0918687,False
Warner Home Video,distribution,co1017479,False
Warner Home Video,distribution,co0934836,False
CBS DVD,distribution,co0266490,False
NHK BS Premium,distribution,co0335122,False
BY Experience,distribution,co0321248,False
CBS Home Entertainment,distribution,co0405556,False
Park Circus,distribution,co0480858,False
CBS Media Ventures,distribution,co0213710,False
Paramount Channel,distribution,co0796240,False
Abril Vídeo,distribution,co0057299,False
Showtime Video,distribution,co0087627,False
Warner Home Vídeo,distribution,co0089683,False
Warner Bros.,production,co0002663,True
DeLuxe Laboratories,miscellaneous,co0026998,False
Warner Bros. Studio Services,miscellaneous,co0099922,True
Goldwyn Sound Facility,miscellaneous,co0094042,False
Cinesite (Hollywood),miscellaneous,co0052001,False
Imagica USA Inc.,miscellaneous,co0007021,False
I.C.E. Negative Cutting,miscellaneous,co0041194,False
Pacific Title,miscellaneous,co0001256,False
Eastman Kodak,miscellaneous,co0034646,False
The Academy of Motion Picture Arts and Sciences Film Archive,miscellaneous,co0214907,False
Boston Light & Sound,miscellaneous,co0079884,False
"Four Seasons Hotel, Bevely Hills, LA",miscellaneous,co0175865,False
Panavision,miscellaneous,co0041930,False
Pro-Tek Film Preservation Vault,miscellaneous,co0176150,False
CBS,miscellaneous,co0070627,False
Chapman/Leonard Studio Equipment,miscellaneous,co0008022,False
International Alliance of Theatrical Stage Employees (IATSE),miscellaneous,co0190210,False
Lucasfilm THX / TAP Theater Alignment Program,miscellaneous,co0172511,False
THX Ltd.,miscellaneous,co0131611,False
