company_name,company_type,imdb_id,is_major_studio
Twentieth Century Fox,distribution,co0000756,False
20th Century Fox India,distribution,co0092296,True
Netherlands Fox Film Corporation,distribution,co0077258,False
Twentieth Century-Fox Film Company,distribution,co0832095,False
Twentieth Century-Fox,distribution,co0863455,False
Fox Films,distribution,co0280046,False
Mercurio Films S.A.,distribution,co0027068,False
American Broadcasting Company (ABC),distribution,co0037052,False
Magnetic Video,distribution,co0089127,False
20th Century Fox Video,distribution,co0605838,True
CBS/Fox Home Video,distribution,co0042311,False
CBS/Fox,distribution,co0007496,False
CBS / Fox Video,distribution,co0106097,False
CBS/Fox,distribution,co0094754,False
Fox Video,distribution,co0017628,False
Fox Video,distribution,co0117449,False
Fox Video,distribution,co0077922,False
20th Century Fox Home Entertainment,distribution,co0010224,True
20th Century Fox Home Entertainment,distribution,co0159046,True
Encore Entertainment,distribution,co0106102,False
20th Century Fox Home Entertainment,distribution,co0297163,True
20th Century Fox Home Entertainment,distribution,co0063964,True
20th Century Fox Home Entertainment,distribution,co0751509,True
20th Century Fox Home Entertainment,distribution,co0918688,True
Fathom Events,distribution,co0360057,False
Walt Disney Studios,distribution,co0059516,True
Twentieth Century Fox,production,co0000756,False
Bausch & Lomb,miscellaneous,co0066582,False
Twentieth Century Fox,miscellaneous,co0000756,False
Westrex Recording System,miscellaneous,co0001880,False
International Alliance of Theatrical Stage Employees (IATSE),miscellaneous,co0190210,False
Angel Records,miscellaneous,co0049175,False
Capitol Records,miscellaneous,co0021734,False
Descriptive Video Works,miscellaneous,co0321535,False
Western Costume Company,miscellaneous,co0054834,False
