company_name,company_type,imdb_id,is_major_studio
Columbia Pictures,distribution,co0050868,True
Columbia Films S. A.,distribution,co0282638,False
Columbia Pictures Corporation,distribution,co0108852,True
Columbia Film,distribution,co0219440,False
Columbia International Films,distribution,co0302174,False
Columbia-Bavaria Filmgesellschaft m.b.H.,distribution,co0089682,False
Kamera,distribution,co0617436,False
CBS,distribution,co0070627,False
Columbia Film-Verleih,distribution,co0257569,False
RCA/Columbia Pictures Home Video,distribution,co0070977,True
Columbia TriStar Home Video,distribution,co0001850,False
Sony Pictures Home Entertainment,distribution,co0137851,True
Twilight Time,distribution,co0478467,False
Fathom Events,distribution,co0360057,False
Seven Films,distribution,co0075444,False
ARTE,distribution,co0014456,False
Antenne 2 (A2),distribution,co0530809,False
BBC Two,distribution,co0234496,False
Columbia TriStar Home Entertainment,distribution,co0225408,False
Columbia TriStar Home Entertainment,distribution,co0127120,False
Columbia TriStar Home Entertainment,distribution,co0393411,False
Columbia TriStar Home Entertainment,distribution,co0182605,False
Columbia TriStar Home Entertainment,distribution,co0098048,False
Columbia TriStar Home Video,distribution,co0045926,False
Gaumont-Columbia-RCA (GCR),distribution,co0159180,False
Gaumont/Columbia TriStar Home Video,distribution,co0108034,False
LCP Assemblée nationale,distribution,co0370297,False
LK-TEL Vídeo,distribution,co0137250,False
Powerhouse Films,distribution,co0613807,False
RCA/Columbia Pictures International Video,distribution,co0128198,True
RCA/Columbia-Hoyts Home Video,distribution,co0057923,False
Rai 2,distribution,co0163343,False
Shock DVD,distribution,co0175000,False
Shock Entertainment,distribution,co0192031,False
Shock,distribution,co0153926,False
Sony Pictures Entertainment,distribution,co0775797,True
Sony Pictures Home Entertainment,distribution,co0770268,True
Sony Pictures Home Entertainment,distribution,co0802090,True
The Criterion Channel,distribution,co0804141,False
Universal Sony Pictures Home Entertainment Nordic,distribution,co0565929,True
Universal Sony Pictures Home Entertainment Nordic,distribution,co0600878,True
Columbia Pictures,production,co0050868,True
Stanley Kramer Productions,production,co0136675,False
International Alliance of Theatrical Stage Employees (IATSE),miscellaneous,co0190210,False
Lingua Synchrone,miscellaneous,co0341320,False
