company_name,company_type,imdb_id
United Artists,distribution,co0026841
United Artists,distribution,co0103797
20th Century Fox India,distribution,co0092296
Kommunenes Filmcentral (KF),distribution,co0015327
United Artists,distribution,co0817797
United Artists,distribution,co0809203
United Artists,distribution,co0809114
CBS,distribution,co0070627
CBS/Fox,distribution,co0007496
Key Video,distribution,co0021293
MGM Home Entertainment,distribution,co0015461
MGM/UA Home Entertainment,distribution,co0001770
Warner Home Video,distribution,co0059995
20th Century Fox Home Entertainment,distribution,co0010224
Twilight Time,distribution,co0478467
HBO Max,distribution,co0754095
HanseSound,distribution,co0381309
Kino Lorber,distribution,co0291948
United Artists,distribution,co0816759
Epoca,distribution,co0110063
NHK-BS2,distribution,co0199367
Rainbow Productions,production,co0130488
Consolidated Film Industries (CFI),miscellaneous,co0044873
International Alliance of Theatrical Stage Employees (IATSE),miscellaneous,co0190210
Perseverance Records,miscellaneous,co0161157
Westrex Recording System,miscellaneous,co0001880
