company_name,company_type,imdb_id
Paramount Pictures,distribution,co0023400
Paramount Film Service,distribution,co0754555
Paramount British Pictures,distribution,co0074341
Paramount Film Service,distribution,co0316662
Les Films Paramount,distribution,co0094762
Paramount Films of Argentina,distribution,co0866247
Paramount Films,distribution,co0011257
Film AB Paramount,distribution,co0220414
M.P.E.A.,distribution,co0234054
Paramount-Film,distribution,co0160099
Mercurio Films S.A.,distribution,co0027068
MCA/Universal Pictures,distribution,co0026044
NHK-BS2,distribution,co0199367
MCA/Universal Home Video,distribution,co0060214
Universal Pictures,distribution,co0005073
Universal Pictures Home Entertainment (UPHE),distribution,co0023827
Jeunesse kikaku,distribution,co0557233
The Criterion Channel,distribution,co0804141
Umbrella Entertainment,distribution,co0122766
Elephant Films,distribution,co0278486
Explosive-Media,distribution,co0388223
Mechanismo,distribution,co1112943
Mediterranea Productions,distribution,co0376929
Paramount Pictures,production,co0023400
Cooperativa Doppiatori Cinematografici (CDC),miscellaneous,co0567843
Deluxe Digital Studios,miscellaneous,co0133840
Elite Film Synchron,miscellaneous,co0399250
International Alliance of Theatrical Stage Employees (IATSE),miscellaneous,co0190210
Western Electric,miscellaneous,co0033842
