company_name,company_type,imdb_id,is_major_studio
United Artists,distribution,co0026841,False
United Artists (A-Asia),distribution,co0663286,False
Magnetic Video,distribution,co0089127,False
Kommunenes Filmcentral (KF),distribution,co0015327,False
Les Artistes Associés,distribution,co0289659,False
Rank Filmes de Portugal,distribution,co0110676,False
United Artists,distribution,co0809114,False
United Artists,distribution,co0836474,False
United Artists,distribution,co0103797,False
United Artists,distribution,co1104326,False
United Artists de Mexico,distribution,co0365386,False
United Artists,distribution,co0809203,False
CBS/Fox,distribution,co0007496,False
Warner Home Video,distribution,co0006383,False
Warner Home Video,distribution,co0934836,False
CBS,distribution,co0070627,False
Audio Visual Enterprises,distribution,co0006126,False
Columbus Film,distribution,co0016688,False
Fazer Musiikki Oy/Fazer Video,distribution,co0127113,False
Scanvideo,distribution,co0185825,False
Tocantins,distribution,co0090048,False
Warner Home Video,distribution,co0918687,False
Warner Home Video,distribution,co0189793,False
Yleisradio (YLE),distribution,co0013526,False
Antenne 2 (A2),distribution,co0530809,False
MGM/UA Home Entertainment,distribution,co0001770,True
The Criterion Collection,distribution,co0044076,False
Philips,distribution,co0079136,False
Mainostelevisio (MTV3),distribution,co0069920,False
Warner Home Video,distribution,co0059995,False
Chapel Distribution,distribution,co0258711,False
MGM Home Entertainment,distribution,co0015461,True
20th Century Fox Home Entertainment,distribution,co0751509,True
MGM Home Entertainment,distribution,co1085333,True
Egmont Entertainment,distribution,co0135306,False
FS Film,distribution,co0363592,False
Gativideo,distribution,co0044350,False
Filmmuseum Distributie,distribution,co0005178,False
20th Century Fox Home Entertainment,distribution,co0918688,True
Sony Pictures Home Entertainment,distribution,co0137851,True
Cinema Mondo,distribution,co0051199,False
Park Circus,distribution,co0130598,False
20th Century Fox Home Entertainment,distribution,co0010224,True
Metro-Goldwyn-Mayer (MGM),distribution,co0007143,True
Odeon,distribution,co0000689,False
Canvas,distribution,co0136706,False
Eye Film Institute,distribution,co0296721,False
Paramount Channel,distribution,co0796240,False
The Criterion Channel,distribution,co0804141,False
Warner Bros. Home Entertainment,distribution,co0200179,True
Park Circus,distribution,co0480858,False
Pluto TV,distribution,co0545791,False
SBS Viceland,distribution,co0677886,False
Chartoff-Winkler Productions,production,co0054262,False
Big Fights,miscellaneous,co0093586,False
Capitol Records,miscellaneous,co0021734,False
Cinema Audio Society (CAS),miscellaneous,co0565479,False
Cinema Catering,miscellaneous,co0007079,False
Dolby Stereo,miscellaneous,co0389069,False
EFX Unlimited,miscellaneous,co0116915,False
Independent Casting,miscellaneous,co0068521,False
International Alliance of Theatrical Stage Employees (IATSE),miscellaneous,co0190210,False
Modern Film Effects,miscellaneous,co0137074,False
Movie Magic,miscellaneous,co0130144,False
Sylvia Fay Casting,miscellaneous,co0119132,False
Sylvia Fay/Lee Genick & Associates Casting,miscellaneous,co0182812,False
