company_name,company_type,imdb_id
United Artists,distribution,co0026841
Independent Film Distributors (IFD),distribution,co0105995
Remus Films,distribution,co0160103
20th Century Fox Australia,distribution,co0063989
Dai Film,distribution,co0647471
Europa Film,distribution,co0029714
Filmileijona,distribution,co0065128
Les Artistes Associés,distribution,co0289659
Metropolitan Films,distribution,co0140050
Nippon Cinema Corporation (NCC),distribution,co0131836
Nova Film,distribution,co0304136
Twentieth Century-Fox,distribution,co0862964
Rank Film Distributors of India,distribution,co0841586
Impuls Verleih,distribution,co0248316
Suomi-Filmi,distribution,co0006373
Wivefilm,distribution,co0091361
Yleisradio (YLE),distribution,co0013526
NHK Sôgô,distribution,co0211950
Trans Lux Distributing Corporation,distribution,co0107995
CBS,distribution,co0070627
Viacom,distribution,co0077647
Rai 1,distribution,co0042527
Imperial Film,distribution,co1073772
Filmimies,distribution,co0313637
Magnetic Video,distribution,co0089127
Esselte Video,distribution,co0055215
RCA SelectaVision VideoDiscs,distribution,co0109029
Filmes Castello Lopes,distribution,co0049459
20th Century Fox Video,distribution,co0605838
CBS/Fox,distribution,co0007496
Mainostelevisio (MTV3),distribution,co0069920
CBS/Fox Home Video,distribution,co0042311
TV3,distribution,co0102029
Fox Video,distribution,co0017628
NHK-BS2,distribution,co0199367
Finnkino,distribution,co0014703
20th Century Fox Home Entertainment,distribution,co0010224
EuroVideo,distribution,co0041475
IVC,distribution,co0668705
20th Century Fox Home Entertainment,distribution,co0918688
MRA Entertainment Group,distribution,co0128855
Video Film Express,distribution,co0068056
Atlantic Film,distribution,co0182772
Elephant Films,distribution,co0278486
Aquarius TV,distribution,co0153714
Future Film,distribution,co0079555
Argentina Video Home,distribution,co0031085
Paramount Home Entertainment,distribution,co0051891
Eye Film Institute,distribution,co0296721
Atlantic Film,distribution,co0291961
Pony Canyon,distribution,co0017081
More4,distribution,co0163162
YouTube Movies,distribution,co0847367
Buksfilm,distribution,co0983694
StudioCanal Home Entertainment,distribution,co0985617
Rank Organisation,distribution,co0311795
Continental Home Video,distribution,co0399063
Epoca,distribution,co0110063
Paramount Pictures,sales,co0023400
Romulus Films,sales,co0103121
Romulus Films,production,co0103121
Horizon Pictures,production,co0218910
The Royal Philharmonic Orchestra,miscellaneous,co0045253
Motion Picture Imaging,miscellaneous,co0370542
Cinesite,miscellaneous,co0055855
Audio Mechanics Music & Sound,miscellaneous,co0028393
Academy Film Archives,miscellaneous,co0131577
ITV Studios Global Entertainment,miscellaneous,co0382999
Prasad Group,miscellaneous,co0383025
Romulus Films,miscellaneous,co0103121
Ultra Film Synchron,miscellaneous,co0267232
