company_name,company_type,imdb_id
Metro-Goldwyn-Mayer (MGM),distribution,co0007143
United Artists,distribution,co0026841
Cinema International Corporation (CIC),distribution,co0534543
Cinema International Corporation (CIC),distribution,co0645080
Cinema International Corporation (CIC),distribution,co0605538
Cinema International Corporation (CIC),distribution,co0371559
Cinema International Corporation (CIC),distribution,co0112372
Metro-Goldwyn-Mayer,distribution,co0795735
Cinema International Corporation (CIC),distribution,co0646535
CBS,distribution,co0070627
Cinema International Corporation (CIC),distribution,co0234395
Sociedade Importadora de Filmes (SIF),distribution,co0022305
MGM Home Entertainment,distribution,co0015461
Audio Visual Enterprises,distribution,co0006126
Disney Channel,distribution,co0022105
CEL-MGM/UA Home Video,distribution,co0884625
HBO Max,distribution,co0754095
Malo RCV Video,distribution,co0749766
Vídeo Arte,distribution,co0047498
Warner Home Vídeo,distribution,co0089683
Hialeah Park Studios,production,co0726369
Metro-Goldwyn-Mayer (MGM),production,co0007143
Casserole Caterers,miscellaneous,co0304375
International Alliance of Theatrical Stage Employees (IATSE),miscellaneous,co0190210
Maslansky & Koenigsberg,miscellaneous,co0587563
