company_name,company_type,imdb_id,is_major_studio
Columbia Pictures,distribution,co0050868,True
Columbia-EMI-Warner,distribution,co0106070,False
Columbia Films of India,distribution,co0215257,False
Columbia International Films,distribution,co0302174,False
Columbia Pictures Mexico,distribution,co0115734,True
Columbia Pictures,distribution,co0877032,True
Columbia Pictures of Argentina,distribution,co0221123,True
Columbia-Fox,distribution,co0025186,False
Columbia-Warner Filmes de Portugal,distribution,co0438107,False
Fox Columbia Film Distributors,distribution,co0629458,False
Hoyts Distribution,distribution,co0050640,False
Warner Bros.,distribution,co0002663,True
Warner-Columbia Film,distribution,co0214905,False
Warner-Columbia Films,distribution,co0372744,False
Warner-Columbia Films,distribution,co0176140,False
Warner-Columbia Filmverleih,distribution,co0118308,False
Columbia Pictures Home Entertainment,distribution,co0051419,True
American Broadcasting Company (ABC),distribution,co0037052,False
RCA/Columbia Pictures Home Video,distribution,co0070977,True
Antenne 2 (A2),distribution,co0530809,False
TF1,distribution,co0028766,False
TV3,distribution,co0102029,False
Columbia TriStar Home Video,distribution,co0001850,False
Egmont Film,distribution,co0031483,False
Columbia TriStar Home Video,distribution,co0751613,False
Columbia TriStar Home Entertainment,distribution,co0853923,False
Columbia TriStar Home Entertainment,distribution,co0127120,False
Columbia TriStar Home Entertainment,distribution,co0213457,False
Egmont Entertainment,distribution,co0135306,False
Nordisk Film,distribution,co0137854,False
Sony Pictures Home Entertainment,distribution,co0137851,True
Sony Pictures Home Entertainment,distribution,co0185481,True
Universal Pictures,distribution,co0005073,True
Nelonen,distribution,co0029644,False
Cinema Club,distribution,co0119590,False
LK-TEL,distribution,co0003327,False
ETV (Eesti Televisioon),distribution,co0089382,False
Umbrella Entertainment,distribution,co0122766,False
HBO Max,distribution,co0754095,False
Pluto TV,distribution,co0545791,False
The Criterion Channel,distribution,co0804141,False
Columbia TriStar Home Entertainment,distribution,co0170439,False
Columbia TriStar Home Video,distribution,co0189864,False
LK-TEL Vídeo,distribution,co0137250,False
R-Video,distribution,co0214149,False
RCA/Columbia Pictures International Video,distribution,co0128198,True
RCA/Columbia-Hoyts Home Video,distribution,co0057923,False
VTC-Video,distribution,co0215585,False
Columbia Pictures,production,co0050868,True
Stanley Jaffe Production,production,co0267691,False
Trans Audio,miscellaneous,co0268508,False
Joy Todd Casting,miscellaneous,co0026452,False
Camera Mart,miscellaneous,co0028623,False
Computer Opticals,miscellaneous,co0080342,False
The New York City Mayor's Office for Motion Picture Production,miscellaneous,co0284763,False
Davis & Long Company,miscellaneous,co0589045,False
Descriptive Video Works,miscellaneous,co0321535,False
International Alliance of Theatrical Stage Employees (IATSE),miscellaneous,co0190210,False
Murray Weissman and Associates,miscellaneous,co0160895,False
Panavision,miscellaneous,co0041930,False
Technicolor,miscellaneous,co0065861,False
