company_name,company_type,imdb_id,is_major_studio
United Artists,distribution,co0026841,False
United Artists,distribution,co0103797,False
Kommunenes Filmcentral (KF),distribution,co0015327,False
American Broadcasting Company (ABC),distribution,co0037052,False
20th Century Fox India,distribution,co0092296,True
AmaFilms,distribution,co0108616,False
United Artists Europa,distribution,co0612808,False
Buksfilm,distribution,co0983694,False
CBS/Fox,distribution,co0007496,False
Capelight Pictures,distribution,co0151501,False
Epoca,distribution,co0110063,False
FS Film,distribution,co0363592,False
Kino Lorber,distribution,co0291948,False
Llamentol,distribution,co0112373,False
MGM Home Entertainment,distribution,co0015461,True
Shock,distribution,co0153926,False
Twilight Time,distribution,co0478467,False
Warner Home Video,distribution,co0059995,False
Warner Home Vídeo,distribution,co0089683,False
Yleisradio (YLE),distribution,co0013526,False
Roxlom Films Inc.,production,co0160497,False
International Alliance of Theatrical Stage Employees (IATSE),miscellaneous,co0190210,False
MGM/UA Home Entertainment,miscellaneous,co0001770,True
Pacific Title,miscellaneous,co0001256,False
Solters & Digney,miscellaneous,co0130701,False
Stalmaster-Lister Co.,miscellaneous,co0019501,False
