company_name,company_type,imdb_id
Embassy Pictures,distribution,co0066648
AVCO Embassy,distribution,co0149479
Filmax,distribution,co0027719
Fox Norena Film A/S,distribution,co0608044
Twentieth Century Fox,distribution,co0000756
Metro-Goldwyn-Mayer,distribution,co0795735
Magnetic Video,distribution,co0089127
Public Broadcasting Service (PBS),distribution,co0039462
20th Century Fox Video,distribution,co0662791
RCA (II),distribution,co0036219
Videosonic,distribution,co0061607
Embassy Home Entertainment Australia,distribution,co0579346
Embassy Home Entertainment,distribution,co0111149
Embassy Home Entertainment,distribution,co0087616
Nelson Entertainment,distribution,co0020346
Columbia TriStar Home Video,distribution,co0001850
Image Entertainment,distribution,co0013585
New Line Home Video,distribution,co0079450
BMG Video,distribution,co0106026
PolyGram Video,distribution,co0044762
MGM Home Entertainment,distribution,co0015461
Universal Home Entertainment,distribution,co0110681
Kinowelt Home Entertainment,distribution,co0019532
Momentum Pictures Home Entertainment,distribution,co0160046
Rialto Pictures,distribution,co0049592
Arthaus,distribution,co0608555
Kino Lorber,distribution,co0291948
El 9 Besepi S.L.,distribution,co0895662
Netflix,distribution,co0144901
Metro-Goldwyn-Mayer (MGM),distribution,co0819129
Bontonfilm,distribution,co0033954
Globo Vídeo,distribution,co0037033
NHK Sôgô,distribution,co0211950
NHK-BS2,distribution,co0199367
StudioCanal International,distribution,co0282780
VideoVisa,distribution,co0149423
StudioCanal International,sales,co0282780
Haworth Productions,production,co1123676
L. & H. Nathan,miscellaneous,co0052251
Lee Electric,miscellaneous,co0254490
Panavision,miscellaneous,co0041930
Solters & Digney,miscellaneous,co0130701
