company_name,company_type,imdb_id
Orion Pictures,distribution,co0001995
AMLF,distribution,co0001757
Concorde Film,distribution,co0051881
Hoyts Distribution,distribution,co0050640
Kinosto,distribution,co0023460
Sandrew Film & Teater,distribution,co0139598
TOBIS Film,distribution,co0115739
Transeuropa,distribution,co0698422
Warner Bros.,distribution,co0256390
Filmes Castello Lopes,distribution,co0049459
Shochiku-Fuji Company,distribution,co0071942
Thorn EMI Screen Entertainment,distribution,co0103551
Warner Bros. Pictures Mexico,distribution,co0158349
Thorn EMI Video,distribution,co0624998
Viacom,distribution,co0077647
HBO/Cannon Video,distribution,co0114708
Thorn EMI Video Australia,distribution,co0076331
Thorn EMI Video,distribution,co0185211
Thorn EMI,distribution,co0106017
Thorn EMI/HBO Video,distribution,co0031966
Thorn-Emi Video,distribution,co0184132
Transeuropa Video Entertainment (TVE),distribution,co0002974
Cannon Screen Entertainment,distribution,co0282170
Cannon Video,distribution,co0118502
Warner Home Video,distribution,co0934836
Warner Home Video,distribution,co0094779
HBO Video,distribution,co0248784
Home Box Office Home Video (HBO),distribution,co0077623
Pinema,distribution,co0137855
Pioneer Entertainment,distribution,co0041945
TBS Superstation,distribution,co0183474
Weintraub Entertainment Group,distribution,co0062678
Parkfield Entertainment,distribution,co0106172
Warner Home Vidéo,distribution,co0101941
Weintraub Entertainment,distribution,co0139453
Braveworld,distribution,co0106106
Lumiere Pictures,distribution,co0122581
Republic Pictures Home Video,distribution,co0075944
Transmundo Films,distribution,co0027133
Transmundo Home Video (THV),distribution,co0040022
Yleisradio (YLE),distribution,co0013526
4 Front Video,distribution,co0106083
PolyGram Video,distribution,co0106035
Warner Home Video,distribution,co0059995
Warner Home Vídeo,distribution,co0089683
Warner Home Video,distribution,co0006383
Warner Home Video,distribution,co0087314
Warner Home Video,distribution,co0077674
Warner Bros. Pictures,distribution,co0498895
Argentina Video Home,distribution,co0031085
Sandrew Metronome Distribution Sverige AB,distribution,co0006862
Sandrew Metronome Distribution,distribution,co0050310
Warner Home Video,distribution,co0918687
Warner Home Video,distribution,co0189793
Svensk Filmindustri (SF),distribution,co0050989
Warner Bros. Pictures Germany,distribution,co0519888
Warner Bros.,distribution,co0307857
Warner Home Video,distribution,co0142160
Warner Home Video,distribution,co0504146
Aquarius TV,distribution,co0153714
Warner Home Video,distribution,co1017479
ARTE,distribution,co0164664
ARTE,distribution,co0014456
Roadshow Entertainment,distribution,co0152990
Studio Distribution Services (SDS),distribution,co0854530
The Criterion Channel,distribution,co0804141
The Saul Zaentz Company,production,co0061706
AMLF,production,co0001757
Effects Associates,specialEffects,co0105093
Ambrosian Opera Chorus,miscellaneous,co0105622
Ceskoslovenský Filmexport,miscellaneous,co0114175
Choir of Westminster Abbey,miscellaneous,co0119531
Chorus of St. Martin in the Fields,miscellaneous,co0112357
Dolby Digital,miscellaneous,co0369281
Dolby Laboratories,miscellaneous,co0047023
Dolby Stereo,miscellaneous,co0389069
Fantasy Records,miscellaneous,co0139173
Filmové studio Barrandov,miscellaneous,co0046451
Framework Sound,miscellaneous,co0166597
GP11,miscellaneous,co0118906
Jeremy Walker + Associates,miscellaneous,co0035624
L.C.P. di Pompei,miscellaneous,co0019930
Lufthansa,miscellaneous,co0116877
Modern Film Effects,miscellaneous,co0137074
Nancy Seltzer & Associates,miscellaneous,co0002606
National Theater of London,miscellaneous,co0294986
Nino Lembo,miscellaneous,co0001879
POP Sound,miscellaneous,co0055719
Pacific Ocean Post,miscellaneous,co0029850
Pacific Title,miscellaneous,co0001256
Panavision,miscellaneous,co0041930
Prague's Tyl Theatre,miscellaneous,co0178114
Republic Pictures,miscellaneous,co0020540
S.A.F.A.S.,miscellaneous,co0062551
SAT Cinecostumi,miscellaneous,co0061815
Samuelson Film Service,miscellaneous,co0105271
San Francisco Symphony Chorus,miscellaneous,co0126904
Saul Zaentz Film Center,miscellaneous,co0032617
THX Ltd.,miscellaneous,co0131611
Technicolor,miscellaneous,co0065861
The National Theatre of Czechoslovakia,miscellaneous,co0178201
The Saul Zaentz Company,miscellaneous,co0061706
The Shubert Organization,miscellaneous,co0020999
The Twyla Tharp Dance Company,miscellaneous,co0178048
Tirelli Costumi,miscellaneous,co0012392
Twyla Tharp Dance Foundation,miscellaneous,co0178097
Wigs Specialties,miscellaneous,co0105277
