company_name,company_type,imdb_id
United Artists,distribution,co0026841
Les Artistes Associés,distribution,co0289659
Nova Film,distribution,co0304136
United Artists (A-Asia),distribution,co0663286
United Artists,distribution,co0103797
C.B. Films S.A.,distribution,co0064766
Kommunenes Filmcentral (KF),distribution,co0015327
Rank Filmes de Portugal,distribution,co0110676
United Artists Corporation,distribution,co0799090
American Broadcasting Company (ABC),distribution,co0037052
Intervision Video,distribution,co0119598
VidAmerica,distribution,co0051030
Magnetic Video,distribution,co0089127
Warner Home Video,distribution,co0006383
Warner Home Video,distribution,co0059995
CBS/Fox,distribution,co0007496
Yleisradio (YLE),distribution,co0013526
The Criterion Collection,distribution,co0044076
MGM/UA Home Entertainment,distribution,co0001770
Philips,distribution,co0079136
Chapel Distribution,distribution,co0258711
RCA SelectaVision VideoDiscs,distribution,co0109029
Scanvideo,distribution,co0185825
Mainostelevisio (MTV3),distribution,co0069920
Gativideo,distribution,co0044350
MGM Home Entertainment,distribution,co0015461
Asociace Ceských Filmových Klubu (ACFK),distribution,co0084798
Asociácia slovenských filmových klubov (ASFK),distribution,co0216844
Nelonen,distribution,co0029644
20th Century Fox Home Entertainment,distribution,co0010224
New Star,distribution,co0078852
Blu Shine,distribution,co0287353
FS Film,distribution,co0363592
Arrow Films,distribution,co0042468
Vrijzinnig Protestantse Radio Omroep (VPRO),distribution,co0018439
Park Circus,distribution,co0480858
HBO Max,distribution,co0754095
The Criterion Channel,distribution,co0804141
MGM/UA Communications Co.,distribution,co0312972
NHK-BS2,distribution,co0199367
Jack Rollins & Charles H. Joffe Productions,production,co0008432
Rollins-Joffe Productions,production,co0100349
Magnofex,miscellaneous,co0157328
E.U.E. Opticals,miscellaneous,co0088697
Screen Gems,miscellaneous,co0010568
Computer Opticals,miscellaneous,co0080342
Télévision Rencontre,miscellaneous,co0075269
Budget Rent-a-Car,miscellaneous,co0037151
The City of New York,miscellaneous,co0085975
International Alliance of Theatrical Stage Employees (IATSE),miscellaneous,co0190210
Metro-Goldwyn-Mayer (MGM),miscellaneous,co0007143
Murakami Films,miscellaneous,co0573476
Panavision,miscellaneous,co0041930
Roundabout Entertainment,miscellaneous,co0027559
