company_name,company_type,imdb_id,is_major_studio
Warner Bros.,distribution,co0002663,True
Columbia-Warner Distributors,distribution,co0110090,False
Roadshow Films,distribution,co0058792,False
Warner-Columbia Film,distribution,co0214905,False
Warner-Columbia Film,distribution,co0053539,False
Warner-Columbia Films,distribution,co0176140,False
Avala-Genex,distribution,co0238040,False
Warner-Columbia Films,distribution,co0372744,False
Columbia-Warner Filmes de Portugal,distribution,co0438107,False
National Broadcasting Company (NBC),distribution,co0072315,False
Warner Bros. Pictures,distribution,co0342489,True
Warner Home Video,distribution,co0059995,False
Scanvideo,distribution,co0185825,False
Yleisradio (YLE),distribution,co0013526,False
Sandrew Metronome Distribution,distribution,co0050310,False
Solaris Distribution,distribution,co0005119,False
BFI Video,distribution,co0106328,False
HBO Max,distribution,co0754095,False
RCA VideoDiscs,distribution,co0109010,False
The Criterion Channel,distribution,co0804141,False
Warner Bros.,production,co0002663,True
Cannes Film Festival,miscellaneous,co0034345,False
International Alliance of Theatrical Stage Employees (IATSE),miscellaneous,co0190210,False
Panavision,miscellaneous,co0041930,False
The Burbank Studios,miscellaneous,co0098869,False
