company_name,company_type,imdb_id,is_major_studio
Everard Films,distribution,co0006636,False
Miramax,distribution,co0022594,False
Roadshow Films,distribution,co0058792,False
Concorde Film,distribution,co0051881,False
Finnkino,distribution,co0014703,False
Shibata Organisation,distribution,co0000552,False
Svenska Filminstitutet (SFI),distribution,co0048118,False
Bac Films,distribution,co0024879,False
Cinemussy,distribution,co0013341,False
Cinepix / Famous Players Distribution (C/FP),distribution,co0326810,False
Solopan,distribution,co0016032,False
Transmundo Films,distribution,co0027133,False
Live Home Video,distribution,co0090510,False
Teleview International,distribution,co0286501,False
Buena Vista International,distribution,co0000779,False
Transmundo Home Video (THV),distribution,co0040022,False
Yleisradio (YLE),distribution,co0013526,False
Avid Home Entertainment,distribution,co0158272,False
National Broadcasting Company (NBC),distribution,co0072315,False
MTV3,distribution,co1039885,False
Atlantic Film,distribution,co0182772,False
Future Film,distribution,co0079555,False
Kinowelt Home Entertainment,distribution,co0019532,False
Gativideo,distribution,co0044350,False
IPA Asia Pacific,distribution,co0003188,False
Belga Films,distribution,co0055078,False
Carlotta Films,distribution,co0037047,False
Arthaus,distribution,co0608555,False
Artisan Home Entertainment,distribution,co0098779,False
Atlantic Film,distribution,co0291961,False
BigStar.TV,distribution,co0249679,False
Buena Vista Television,distribution,co0078478,False
C/FP Video,distribution,co0089174,False
Canvas,distribution,co0136706,False
Culture Publishers (CP),distribution,co0093673,False
Kinokuniya,distribution,co0002084,False
Leda Filmes,distribution,co0848996,False
Lionsgate Home Entertainment,distribution,co0292909,False
Lumière Home Entertainment,distribution,co0267142,False
NITV,distribution,co0313754,False
Nitrato Filmes,distribution,co0482144,False
Paris Vídeo,distribution,co0084801,False
The Criterion Channel,distribution,co0804141,False
The Criterion Collection,distribution,co0044076,False
Touchstone Home Video,distribution,co1002359,False
United Video,distribution,co0151294,False
Videomax,distribution,co0357598,False
Zima Entertainment,distribution,co0076262,False
Zweitausendeins,distribution,co0295619,False
CiBy 2000,production,co0008195,False
Jan Chapman Productions,production,co0000915,False
The Australian Film Commission,production,co0002712,False
New South Wales Film & Television Office,production,co0055470,False
Arco Studios,miscellaneous,co0058852,False
Atlab,miscellaneous,co0058571,False
Blue Efficience,miscellaneous,co0623862,False
Cannes Film Festival,miscellaneous,co0034345,False
Flying Trestles,miscellaneous,co0074777,False
HW Wood,miscellaneous,co0021705,False
Murray Weissman and Associates,miscellaneous,co0160895,False
Optical & Graphics,miscellaneous,co0098870,False
Spectrum Films,miscellaneous,co0017733,False
Toronto International Film Festival,miscellaneous,co0047102,False
