company_name,company_type,imdb_id,is_major_studio
DreamWorks Distribution,distribution,co0067641,False
United International Pictures (UIP),distribution,co0074139,False
Universal Pictures,distribution,co0005073,True
Bontonfilm,distribution,co0033954,False
Ist-Vest,distribution,co0620013,False
Myndform,distribution,co0039862,False
Paramount Films of India,distribution,co0318358,False
United International Pictures (UIP),distribution,co0125155,False
United International Pictures (UIP),distribution,co0012851,False
United International Pictures (UIP),distribution,co0080445,False
United International Pictures (UIP),distribution,co0016600,False
United International Pictures (UIP),distribution,co0000994,False
United International Pictures (UIP),distribution,co0175527,False
United International Pictures (UIP),distribution,co0128218,False
United International Pictures (UIP),distribution,co0110120,False
United International Pictures (UIP),distribution,co0043417,False
United International Pictures (UIP),distribution,co0113995,False
United International Pictures,distribution,co0097402,False
Universal Pictures,distribution,co0840675,True
Argentina Video Home,distribution,co0031085,False
CIC Video,distribution,co0308863,False
Columbia TriStar Home Video,distribution,co0045926,False
Columbia TriStar Home Video,distribution,co0942169,False
Columbia TriStar Home Video,distribution,co1092031,False
Columbia TriStar Home Video,distribution,co0942170,False
Columbia TriStar Home Video,distribution,co0189864,False
DreamWorks Home Entertainment,distribution,co0299243,False
DreamWorks Home Entertainment,distribution,co0027541,False
Egmont Entertainment,distribution,co0135306,False
Gaumont/Columbia TriStar Home Video,distribution,co0108034,False
Nordisk Film,distribution,co0137854,False
Universal Home Entertainment,distribution,co0110681,False
Universal Pictures Home Entertainment,distribution,co0388893,True
Universal Pictures Home Video,distribution,co0180647,True
Universal Pictures Video,distribution,co0824421,True
Universal Studios Home Video,distribution,co0295614,False
United International Pictures (UIP),distribution,co0173912,False
Viva International Pictures,distribution,co0220551,False
DBC Medier,distribution,co0108152,False
Nordisk Film,distribution,co0060132,False
Universal Home Entertainment,distribution,co0121774,False
Universal Pictures Home Entertainment,distribution,co0752505,True
Universal Pictures Home Video,distribution,co0752504,True
Universal Pictures Video,distribution,co0117467,True
Warner Home Video,distribution,co0505091,False
Svenska Filminstitutet (SFI),distribution,co0048118,False
American Broadcasting Company (ABC),distribution,co0037052,False
Columbia TriStar Home Entertainment,distribution,co0182605,False
Columbia TriStar Home Entertainment,distribution,co0393411,False
Columbia TriStar Home Entertainment,distribution,co0213457,False
MTV3,distribution,co1039885,False
Veronica,distribution,co0023299,False
Universal Pictures Spain,distribution,co0055622,True
Universal Pictures Video,distribution,co0824435,True
Universal Pictures Video,distribution,co0824424,True
SubTV,distribution,co0102030,False
Universal Pictures Finland,distribution,co0388514,True
CBS Paramount Domestic Television,distribution,co0170466,False
Paramount,distribution,co0858764,False
Paramount Home Entertainment,distribution,co0051891,False
Universal Pictures Russia,distribution,co0184745,True
DreamWorks Pictures,production,co0819670,False
Universal Pictures,production,co0005073,True
Scott Free Productions,production,co0074212,False
Mill Film,production,co0105108,False
C & L,production,co0335516,False
Dawliz,production,co0335559,False
Lee Lighting,specialEffects,co0105122,False
Lola Post Production,specialEffects,co0026155,False
Digiscope,specialEffects,co0004771,False
FBFX,specialEffects,co0149164,False
Mill Film,specialEffects,co0105108,False
The Visual Effects Company,specialEffects,co0135160,False
Shepperton Studios,miscellaneous,co0103344,False
1st Unit Caterering,miscellaneous,co0031256,False
Aimimage / Ice Film,miscellaneous,co0331318,False
Air Lyndhurst Studios,miscellaneous,co0137663,False
Air-Edel Associates,miscellaneous,co0003715,False
AudioMotion,miscellaneous,co0020681,False
Avid,miscellaneous,co0699300,False
Beyond Post Production,miscellaneous,co0509172,False
Bluwave Audio,miscellaneous,co0158950,False
C.& L. Co. Limited,miscellaneous,co0064982,False
Camera Revolution,miscellaneous,co0008680,False
Carozze D'Epoca,miscellaneous,co0164842,False
"Dawliz S.A., Casablanca",miscellaneous,co0000054,False
Deluxe Digital Studios,miscellaneous,co0133840,False
Digiscope,miscellaneous,co0004771,False
Digital DTS Sound,miscellaneous,co0655044,False
Dolby Digital,miscellaneous,co0369281,False
Dolby Laboratories,miscellaneous,co0047023,False
Falco Ink.,miscellaneous,co0081687,False
Goverment of Morocco,miscellaneous,co0171519,False
International Alliance of Theatrical Stage Employees (IATSE),miscellaneous,co0190210,False
Joe Dunton & Company,miscellaneous,co0168130,False
Kodak,miscellaneous,co0060825,False
Kona Cutting,miscellaneous,co0034884,False
L.A. Mad Dogs,miscellaneous,co0030925,False
Lee Lighting,miscellaneous,co0105122,False
Lucasfilm THX / TAP Theater Alignment Program,miscellaneous,co0172511,False
Mad Dog 2020,miscellaneous,co0002463,False
Media Ventures,miscellaneous,co0016836,False
Mestiere Cinema,miscellaneous,co0123767,False
Midnight Transfer,miscellaneous,co0147671,False
Modern VideoFilm,miscellaneous,co0072759,False
On Set Location Services,miscellaneous,co0159973,False
One Step Up,miscellaneous,co0010765,False
Pacific Studios II,miscellaneous,co0009149,False
Pacific Title,miscellaneous,co0001256,False
Panavision,miscellaneous,co0041930,False
"People of Farnham, Surrey, United Kingdom",miscellaneous,co0171542,False
People of Morocco,miscellaneous,co0171558,False
Predators in Action,miscellaneous,co0072119,False
Representation Upson Edwards,miscellaneous,co0204666,False
SDDS Sony Dynamic Digital Sound,miscellaneous,co0382783,False
Sabron Payroll Services,miscellaneous,co0109739,False
Scarlet Letters,miscellaneous,co0090951,False
Set Meals,miscellaneous,co0105314,False
Soundelux,miscellaneous,co0082400,False
South East England Forest District,miscellaneous,co0171538,False
The Decca Record Company,miscellaneous,co0103697,False
The Movie Lot,miscellaneous,co0225866,False
Todd-AO Studios (West),miscellaneous,co0070092,False
Vine Street Studios,miscellaneous,co0005594,False
