company_name,company_type,imdb_id,is_major_studio
MGM/UA Distribution Company,distribution,co0028432,True
United Artists,distribution,co0026841,False
Entertainment Film Distributors,distribution,co0103790,False
Svensk Filmindustri (SF),distribution,co0050989,False
SF Studios,distribution,co0249327,False
Alta Films,distribution,co0014821,False
Atalanta Filmes,distribution,co0035879,False
New Vision Films,distribution,co0002359,False
Warner Home Video,distribution,co0059995,False
AFMD,distribution,co0019008,False
MGM/UA Home Entertainment,distribution,co0001770,True
Paris Filmes,distribution,co0021161,False
Prooptiki,distribution,co0020389,False
Prooptiki Video,distribution,co0022593,False
VPS Video,distribution,co0075693,False
Argentina Video Home,distribution,co0031085,False
Atlantis Entertainment,distribution,co0229383,False
MGM Home Entertainment,distribution,co0015461,True
A-Video Home Entertainment,distribution,co0622573,False
TNT,distribution,co0009512,False
Pioneer LDC,distribution,co0054537,False
Universal Home Video,distribution,co0035519,False
Universal Pictures,distribution,co0005073,True
Gativideo,distribution,co0044350,False
20th Century Fox Home Entertainment,distribution,co0010224,True
Universal Pictures,distribution,co0063715,True
Kinowelt Home Entertainment,distribution,co0019532,False
Metro-Goldwyn-Mayer (MGM),distribution,co0007143,True
Leader Music,distribution,co0400426,False
Panorama Distributions,distribution,co0108153,False
Canvas,distribution,co0136706,False
Bibliotheque,distribution,co0598720,False
RCV Film Distribution,distribution,co0061879,False
VideoVisa,distribution,co0149423,False
Lumiere Pictures,production,co0122581,False
Initial Productions,production,co0068828,False
Special Effects Unlimited,specialEffects,co0061099,False
Axium Payroll Services,miscellaneous,co0053404,False
Bill Dance Casting,miscellaneous,co0028365,False
Block-Korenbrot Public Relations,miscellaneous,co0013901,False
Cine Image Film Opticals,miscellaneous,co0051607,False
Descriptive Video Works,miscellaneous,co0321535,False
Film Finances,miscellaneous,co0007445,False
Magmasters Sound Studios,miscellaneous,co0105376,False
Sapex Scripts,miscellaneous,co0081577,False
The Arrangment,miscellaneous,co0065156,False
The Coca-Cola Company,miscellaneous,co0130419,False
Toronto International Film Festival,miscellaneous,co0047102,False
Tru-Cut,miscellaneous,co0105355,False
