company_name,company_type,imdb_id
Gramercy Pictures (I),distribution,co0018555
Cineplex Odeon Films,distribution,co0089870
Elliniki Kinimatografiki Enosi (ELKE),distribution,co0001933
Finnkino,distribution,co0014703
Lider Films,distribution,co0317505
PolyGram Film Distribution,distribution,co0016346
PolyGram Filmed Entertainment Distribution,distribution,co0189800
Svensk Filmindustri (SF),distribution,co0050989
Svenska Filminstitutet (SFI),distribution,co0048118
PolyGram Video,distribution,co0044762
Becker Entertainment,distribution,co0046560
Sogepaq Distribución,distribution,co0031649
Vitória Filmes,distribution,co0107988
Gativideo,distribution,co0044350
Home Video Hellas (HVH),distribution,co0048760
Pinema,distribution,co0137855
SF Video,distribution,co0216711
Herald Film Company,distribution,co0017597
Polygram,distribution,co0860238
20th Century Fox India,distribution,co0092296
Ascot Elite Home Entertainment,distribution,co0016059
Columbia TriStar Home Video,distribution,co0045926
Rizzoli Corriere della Sera Home Video (RCS),distribution,co0027130
Top Tape,distribution,co0001669
Videomax,distribution,co0357598
PolyGram Video,distribution,co0189842
Universal Pictures Home Entertainment,distribution,co0297627
CBS,distribution,co0070627
Nelonen,distribution,co0029644
20th Century Fox Korea,distribution,co0853216
MGM Home Entertainment,distribution,co0015461
Twentieth Century Fox Home Entertainment,distribution,co0189783
Paramount Pictures,distribution,co0023400
SET India,distribution,co0121331
20th Century Fox Home Entertainment,distribution,co0280047
20th Century Fox Home Entertainment,distribution,co0010224
Film1,distribution,co0313320
Trifecta Entertainment and Media,distribution,co0420728
Capelight Pictures,distribution,co0151501
Havoc,production,co0023392
Polygram Filmed Entertainment,production,co0030612
Working Title Films,production,co0057311
Axium Entertainment Group,miscellaneous,co0055330
Boston Light & Sound,miscellaneous,co0079884
Columbia Records,miscellaneous,co0064761
Hastings Sound Editorial,miscellaneous,co0098880
Hollywood Rental Company,miscellaneous,co0056323
International Film Guarantors,miscellaneous,co0024538
J.G. Films,miscellaneous,co0045593
Juniper Post,miscellaneous,co0058811
Location Catering Service,miscellaneous,co0072342
Matthews Group,miscellaneous,co0030358
Movie Movers,miscellaneous,co0204953
Nancy Seltzer & Associates,miscellaneous,co0002606
National Recording Studios,miscellaneous,co0123614
Pacific Title Digital,miscellaneous,co0070142
Pacific Title,miscellaneous,co0001256
Sony Music Studios,miscellaneous,co0019035
Temptu,miscellaneous,co0109725
The Lutheran Church in America,miscellaneous,co0095203
The New Orleans Film Commission,miscellaneous,co0091295
