company_name,company_type,imdb_id,is_major_studio
Fox Searchlight Pictures,distribution,co0982337,False
20th Century Fox Argentina,distribution,co0007180,True
20th Century Fox India,distribution,co0092296,True
20th Century Fox,distribution,co0952616,True
20th Century Fox,distribution,co0931863,True
FS Film,distribution,co0363592,False
Filmes Castello Lopes,distribution,co0049459,False
Kommunenes Filmcentral (KF),distribution,co0015327,False
Twentieth Century Fox,distribution,co0000756,False
UGC-Fox Distribution (UFD),distribution,co0055795,False
20th Century Fox Home Entertainment,distribution,co0280047,True
20th Century Fox Home Entertainment,distribution,co0010224,True
Gativideo,distribution,co0044350,False
20th Century Fox Home Entertainment,distribution,co0063964,True
20th Century Fox Home Entertainment,distribution,co0751509,True
Sub,distribution,co0260673,False
Mainostelevisio (MTV3),distribution,co0069920,False
20th Century Fox Home Entertainment,distribution,co0150813,True
The Criterion Channel,distribution,co0804141,False
Odeon,distribution,co0000689,False
Searchlight Pictures,production,co0028932,False
The Independent Film Channel Productions,production,co0164785,False
Killer Films,production,co0030755,False
Hart Sharp Entertainment,production,co0071970,False
Custom Film Effects,specialEffects,co0067412,False
AC Delco Co.,miscellaneous,co0129674,False
All Payments Services,miscellaneous,co0148193,False
American Auto Rental,miscellaneous,co0273647,False
Arent Fox,miscellaneous,co0273642,False
Automotive Fabrication,miscellaneous,co0273650,False
Bank of America,miscellaneous,co0038290,False
Broadway Skateland,miscellaneous,co0273635,False
Budget Rent-a-Car,miscellaneous,co0037151,False
C5,miscellaneous,co0007604,False
Candlewood Suites,miscellaneous,co0237896,False
Cape Cod Chips,miscellaneous,co0211675,False
Celis Beer,miscellaneous,co0273687,False
Cine Shop,miscellaneous,co0273699,False
"City of Crandall, Texas",miscellaneous,co0273680,False
"City of McKinney, Texas",miscellaneous,co0273654,False
Club Tassas,miscellaneous,co0273661,False
D.R. Reiff & Associates,miscellaneous,co0084650,False
DTA Tours & Travel,miscellaneous,co0157264,False
Dallas Peterbilt,miscellaneous,co0273645,False
Direct Events,miscellaneous,co0273668,False
Double Duece Bar,miscellaneous,co0273685,False
Falco Ink.,miscellaneous,co0081687,False
Farkas Films,miscellaneous,co0273675,False
Fina,miscellaneous,co0273672,False
Fossil,miscellaneous,co0016054,False
Goodedit,miscellaneous,co0008380,False
Hand Held Films,miscellaneous,co0073506,False
Hill Top Classics,miscellaneous,co0273638,False
Honest John's Caddy Corner,miscellaneous,co0143961,False
Independent Studio Services,miscellaneous,co0030207,False
International Alliance of Theatrical Stage Employees (IATSE),miscellaneous,co0190210,False
JP Morgan Chase Bank,miscellaneous,co0101799,False
Karaoke Capital,miscellaneous,co0273633,False
Koch Records,miscellaneous,co0135981,False
Kodak,miscellaneous,co0060825,False
MPS Studios,miscellaneous,co0300632,False
Mach II Travel,miscellaneous,co0273662,False
Mama's,miscellaneous,co0088724,False
Manhattan Transfer,miscellaneous,co0031635,False
McKinney Chamber of Commerce,miscellaneous,co0273652,False
McKinney Grain Company,miscellaneous,co0273636,False
Nantucket Nectars,miscellaneous,co0273677,False
New York Foundation for the Arts,miscellaneous,co0091977,False
New York State Council on the Arts,miscellaneous,co0078766,False
North Dallas R.V.,miscellaneous,co0273696,False
"Ozarka Natural Spring Water, Co.",miscellaneous,co0273690,False
Panavision,miscellaneous,co0041930,False
Paris Film Productions,miscellaneous,co0148175,False
Post 391,miscellaneous,co0062833,False
Presbyterian Hospital of Kaufman,miscellaneous,co0273698,False
PrimeCo Personal Communications,miscellaneous,co0273646,False
Reels on Wheels,miscellaneous,co0164360,False
Reliable Go Carts,miscellaneous,co0273656,False
Scarlet Letters,miscellaneous,co0090951,False
Slosslaw,miscellaneous,co0256068,False
Sound One Corporation,miscellaneous,co0051002,False
Spice of Life Catering,miscellaneous,co0273695,False
Spin Cycle Post,miscellaneous,co0150175,False
Sundance Film Festival,miscellaneous,co0087643,False
Sundance Institute,miscellaneous,co0030599,False
TMT,miscellaneous,co0037306,False
Texas Metal Industries,miscellaneous,co0273659,False
The Astraea Foundation,miscellaneous,co0153618,False
The Falls City Journal,miscellaneous,co0273629,False
The Health Nut,miscellaneous,co0273691,False
The Lesbian Herstory Archives,miscellaneous,co0273644,False
"The Mill - McKinney, Texas",miscellaneous,co0273666,False
"The New York City Mayor's Office of Film, Theatre & Broadcasting",miscellaneous,co0051113,False
The Red Derby Tavern,miscellaneous,co0273669,False
The Wilshire Stages,miscellaneous,co0047099,False
Thrifty Car Rental,miscellaneous,co0123350,False
Toronto International Film Festival,miscellaneous,co0047102,False
Trade Audio Visuals,miscellaneous,co0107666,False
Transsexual Menace,miscellaneous,co0273639,False
Ugly Duckling,miscellaneous,co0273693,False
Utility Trailer of Dallas,miscellaneous,co0273658,False
Women Make Movies,miscellaneous,co0075700,False
World Cinevision Services,miscellaneous,co0048360,False
