company_name,company_type,imdb_id,is_major_studio
Gramercy Pictures (I),distribution,co0018555,False
Cineplex Odeon Films,distribution,co0089870,False
Elliniki Kinimatografiki Enosi (ELKE),distribution,co0001933,False
Finnkino,distribution,co0014703,False
Lider Films,distribution,co0317505,False
PolyGram Film Distribution,distribution,co0016346,False
PolyGram Filmed Entertainment Distribution,distribution,co0189800,False
Svensk Filmindustri (SF),distribution,co0050989,False
Svenska Filminstitutet (SFI),distribution,co0048118,False
PolyGram Video,distribution,co0044762,False
Becker Entertainment,distribution,co0046560,False
Sogepaq Distribución,distribution,co0031649,False
Vitória Filmes,distribution,co0107988,False
Gativideo,distribution,co0044350,False
Home Video Hellas (HVH),distribution,co0048760,False
Pinema,distribution,co0137855,False
SF Video,distribution,co0216711,False
Herald Film Company,distribution,co0017597,False
Polygram,distribution,co0860238,False
20th Century Fox India,distribution,co0092296,True
Ascot Elite Home Entertainment,distribution,co0016059,False
Columbia TriStar Home Video,distribution,co0045926,False
Rizzoli Corriere della Sera Home Video (RCS),distribution,co0027130,False
Top Tape,distribution,co0001669,False
Videomax,distribution,co0357598,False
PolyGram Video,distribution,co0189842,False
Universal Pictures Home Entertainment,distribution,co0297627,True
CBS,distribution,co0070627,False
Nelonen,distribution,co0029644,False
20th Century Fox Korea,distribution,co0853216,True
MGM Home Entertainment,distribution,co0015461,True
Twentieth Century Fox Home Entertainment,distribution,co0189783,False
Paramount Pictures,distribution,co0023400,True
SET India,distribution,co0121331,False
20th Century Fox Home Entertainment,distribution,co0280047,True
20th Century Fox Home Entertainment,distribution,co0010224,True
Film1,distribution,co0313320,False
Trifecta Entertainment and Media,distribution,co0420728,False
Capelight Pictures,distribution,co0151501,False
Havoc,production,co0023392,False
Polygram Filmed Entertainment,production,co0030612,False
Working Title Films,production,co0057311,False
Axium Entertainment Group,miscellaneous,co0055330,False
Boston Light & Sound,miscellaneous,co0079884,False
Columbia Records,miscellaneous,co0064761,False
Hastings Sound Editorial,miscellaneous,co0098880,False
Hollywood Rental Company,miscellaneous,co0056323,False
International Film Guarantors,miscellaneous,co0024538,False
J.G. Films,miscellaneous,co0045593,False
Juniper Post,miscellaneous,co0058811,False
Location Catering Service,miscellaneous,co0072342,False
Matthews Group,miscellaneous,co0030358,False
Movie Movers,miscellaneous,co0204953,False
Nancy Seltzer & Associates,miscellaneous,co0002606,False
National Recording Studios,miscellaneous,co0123614,False
Pacific Title Digital,miscellaneous,co0070142,False
Pacific Title,miscellaneous,co0001256,False
Sony Music Studios,miscellaneous,co0019035,False
Temptu,miscellaneous,co0109725,False
The Lutheran Church in America,miscellaneous,co0095203,False
The New Orleans Film Commission,miscellaneous,co0091295,False
