company_name,company_type,imdb_id
Cascade Film,distribution,co0006894
Columbia TriStar Egmont Film Distributors,distribution,co0035705
Columbia TriStar Film,distribution,co0060005
Columbia TriStar Film,distribution,co0382315
Columbia TriStar Films AB,distribution,co0005726
Columbia TriStar Films Italia,distribution,co0815627
Columbia TriStar Films,distribution,co0077851
Columbia TriStar Films,distribution,co0613324
Columbia TriStar Films,distribution,co0152638
Columbia TriStar Films,distribution,co0003949
Columbia TriStar Films de Argentina,distribution,co0003581
Columbia TriStar Films de España,distribution,co0057443
Columbia Tristar Films of India,distribution,co0774471
7Mate,distribution,co0390891
7flix,distribution,co0776428
Columbia TriStar Domestic Television,distribution,co0009297
Columbia TriStar Home Entertainment,distribution,co0225408
Columbia TriStar Home Entertainment,distribution,co0720168
Columbia TriStar Home Video,distribution,co1103831
Columbia TriStar Home Video,distribution,co0942169
Columbia TriStar Home Video,distribution,co0189864
Columbia TriStar Home Video,distribution,co0001850
Columbia TriStar Television,distribution,co0074221
ETV (Eesti Televisioon),distribution,co0089382
Egmont Film,distribution,co0031483
GoldMax,distribution,co0600942
LK-TEL,distribution,co0003327
National Broadcasting Company (NBC),distribution,co0072315
Netflix,distribution,co0144901
Paramount Channel,distribution,co0591004
Pay Per View,distribution,co0074433
Seven Network,distribution,co0061229
Sony Pictures Home Entertainment,distribution,co1034913
Sony Pictures Home Entertainment,distribution,co0769046
Sony Pictures Home Entertainment,distribution,co0802091
Sony Pictures Home Entertainment,distribution,co0765733
Sony Pictures Home Entertainment,distribution,co0795863
Sony Pictures Television,distribution,co0086397
TBS Superstation,distribution,co0183474
Twilight Time,distribution,co0478467
TriStar Pictures,production,co0005883
Gracie Films,production,co0035761
Animal Makers,specialEffects,co0038214
Buena Vista Imaging,specialEffects,co0069528
Caliban Filmworks,specialEffects,co0078410
Sony Pictures Imageworks (SPI),specialEffects,co0042679
American Humane Association,miscellaneous,co0069003
Birds & Animals Unlimited,miscellaneous,co0030240
Central Casting,miscellaneous,co0033524
Cerruti 1881,miscellaneous,co0047528
Chapman/Leonard Studio Equipment,miscellaneous,co0008022
Columbia Records,miscellaneous,co0064761
Digital Editing Solutions Inc.,miscellaneous,co0030661
Direct Tools & Fasteners,miscellaneous,co0296111
Dolby,miscellaneous,co0658989
Film Art,miscellaneous,co0036548
JoAnn Kane Music Service,miscellaneous,co0037460
Lightnin' Production Rentals,miscellaneous,co0041356
Lucasfilm THX / TAP Theater Alignment Program,miscellaneous,co0172511
Media Ventures,miscellaneous,co0016836
Michelson Food Services,miscellaneous,co0038162
Music Services,miscellaneous,co0025253
New York Public Library,miscellaneous,co0028974
Pacific Title,miscellaneous,co0001256
Panavision,miscellaneous,co0041930
SDDS Sony Dynamic Digital Sound,miscellaneous,co0382783
Sony Digital Picture Editorial,miscellaneous,co0026328
Sony Pictures Releasing,miscellaneous,co0026545
Sound Dogs,miscellaneous,co0024360
Technicolor,miscellaneous,co0065861
The OC Foundation of California,miscellaneous,co0393928
The Obsessive-Compulsive Foundation of California,miscellaneous,co0387205
Todd-AO Studios,miscellaneous,co0016792
Truck Brokers,miscellaneous,co0494282
Video Image,miscellaneous,co0045965
Wescam USA,miscellaneous,co0017981
