company_name,company_type,imdb_id
Universal Pictures,distribution,co0005073
Columbia TriStar Film Distributors International,distribution,co0045347
Columbia TriStar Film,distribution,co0382315
Columbia TriStar Films,distribution,co0613324
"Buenavista Columbia Tri Star Films de Mexico, S. de R.L. de C.V.'",distribution,co0039725
Columbia TriStar Egmont Film Distributors,distribution,co0035705
Columbia TriStar Film Distributors,distribution,co0004899
Columbia TriStar Films AB,distribution,co0005726
Columbia TriStar Films,distribution,co0077851
Columbia TriStar Films,distribution,co0003949
Columbia TriStar Films de Argentina,distribution,co0003581
Columbia TriStar Films de España,distribution,co0057443
Columbia TriStar Films of Germany,distribution,co0379620
Columbia TriStar Nordisk Film Distributors A/S,distribution,co0094232
Columbia TriStar Warner Filmes de Portugal,distribution,co0075764
Columbia Tristar Films of India,distribution,co0774471
Falcon,distribution,co0040374
Columbia TriStar Home Video,distribution,co1103831
LK-TEL,distribution,co0003327
Nordisk Film,distribution,co0137854
Universal Studios Home Video,distribution,co0021294
Columbia TriStar Home Video,distribution,co0189864
Egmont Entertainment,distribution,co0135306
Gaumont/Columbia TriStar Home Video,distribution,co0108034
Canal+,distribution,co0028557
National Broadcasting Company (NBC),distribution,co0072315
Nelonen,distribution,co0029644
Net5,distribution,co0115441
TF1,distribution,co0028766
Universal Pictures Video,distribution,co0824424
Sony Pictures Home Entertainment,distribution,co0770268
Sony Pictures Home Entertainment,distribution,co0769046
Sony Pictures Home Entertainment,distribution,co0802090
Sony Pictures Home Entertainment,distribution,co0852957
Sony Pictures Home Entertainment,distribution,co1125774
Sony Pictures Home Entertainment,distribution,co0795863
Sony Pictures Home Entertainment,distribution,co0802089
Musikservice Sweden,distribution,co0258827
Liv,distribution,co0361918
Kanal 11,distribution,co0237463
Universal Pictures Home Entertainment (UPHE),distribution,co0023827
5*,distribution,co0360612
France 2 (FR2),distribution,co0011107
TV Breizh,distribution,co0205203
Télé Monté Carlo (TMC),distribution,co0204587
NT1,distribution,co0223772
TV5,distribution,co0375601
Universal Sony Pictures Home Entertainment Nordic,distribution,co0533783
HD1,distribution,co0457292
LA7,distribution,co0212665
ARTE,distribution,co0014456
Chérie 25,distribution,co0595140
Numero 23,distribution,co0695868
RTL9,distribution,co0570072
M6,distribution,co0037417
Téva,distribution,co0018899
7flix,distribution,co0776428
The CW Network (The CW),distribution,co0174148
Novo19,distribution,co1146853
All Interactive Distribution,distribution,co0209353
I Grandi Film Di Panorama,distribution,co1071104
SF Studios,distribution,co0249327
Sony Pictures Home Entertainment,distribution,co0137851
Universal Studios Home Entertainment,distribution,co0443270
Universal Pictures,production,co0005073
Columbia Pictures,production,co0050868
Jersey Films,production,co0010434
Cinesite (Hollywood),specialEffects,co0052001
Safeguard Investigation and Security Services,miscellaneous,co0020523
Gourmet on Location,miscellaneous,co0111079
Weddington Productions,miscellaneous,co0031584
L.A. Mad Dogs,miscellaneous,co0030925
Soundelux Vine Street Studios,miscellaneous,co0069746
Todd-AO Studios,miscellaneous,co0016792
Signet Soundelux Studios,miscellaneous,co0011537
Howard Anderson Digital Effects,miscellaneous,co0021308
NT Audio Visual,miscellaneous,co0020514
Masterwords,miscellaneous,co0027043
Chapman/Leonard Studio Equipment,miscellaneous,co0008022
Clairmont Camera Film & Digital,miscellaneous,co0012439
Film Art,miscellaneous,co0036548
Kodak,miscellaneous,co0060825
Movie Movers,miscellaneous,co0204953
Peter Rotter Music Services,miscellaneous,co0389895
Sony Classical,miscellaneous,co0100585
Truck Brokers,miscellaneous,co0494282
