company_name,company_type,imdb_id
MGM/UA Distribution Company,distribution,co0028432
United Artists,distribution,co0026841
Entertainment Film Distributors,distribution,co0103790
Svensk Filmindustri (SF),distribution,co0050989
SF Studios,distribution,co0249327
Alta Films,distribution,co0014821
Atalanta Filmes,distribution,co0035879
New Vision Films,distribution,co0002359
Warner Home Video,distribution,co0059995
AFMD,distribution,co0019008
MGM/UA Home Entertainment,distribution,co0001770
Paris Filmes,distribution,co0021161
Prooptiki,distribution,co0020389
Prooptiki Video,distribution,co0022593
VPS Video,distribution,co0075693
Argentina Video Home,distribution,co0031085
Atlantis Entertainment,distribution,co0229383
MGM Home Entertainment,distribution,co0015461
A-Video Home Entertainment,distribution,co0622573
TNT,distribution,co0009512
Pioneer LDC,distribution,co0054537
Universal Home Video,distribution,co0035519
Universal Pictures,distribution,co0005073
Gativideo,distribution,co0044350
20th Century Fox Home Entertainment,distribution,co0010224
Universal Pictures,distribution,co0063715
Kinowelt Home Entertainment,distribution,co0019532
Metro-Goldwyn-Mayer (MGM),distribution,co0007143
Leader Music,distribution,co0400426
Panorama Distributions,distribution,co0108153
Canvas,distribution,co0136706
Bibliotheque,distribution,co0598720
RCV Film Distribution,distribution,co0061879
VideoVisa,distribution,co0149423
Lumiere Pictures,production,co0122581
Initial Productions,production,co0068828
Special Effects Unlimited,specialEffects,co0061099
Axium Payroll Services,miscellaneous,co0053404
Bill Dance Casting,miscellaneous,co0028365
Block-Korenbrot Public Relations,miscellaneous,co0013901
Cine Image Film Opticals,miscellaneous,co0051607
Descriptive Video Works,miscellaneous,co0321535
Film Finances,miscellaneous,co0007445
Magmasters Sound Studios,miscellaneous,co0105376
Sapex Scripts,miscellaneous,co0081577
The Arrangment,miscellaneous,co0065156
The Coca-Cola Company,miscellaneous,co0130419
Toronto International Film Festival,miscellaneous,co0047102
Tru-Cut,miscellaneous,co0105355
