company_name,company_type,imdb_id,is_major_studio
Paramount Pictures,distribution,co0023400,True
Lucernafilm - Alfa,distribution,co0234169,False
Paramount Pictures,distribution,co0808354,True
Paramount Pictures,distribution,co0819892,True
United International Pictures (UIP),distribution,co0080445,False
United International Pictures (UIP),distribution,co0016600,False
United International Pictures (UIP),distribution,co0000994,False
United International Pictures (UIP),distribution,co0074139,False
United International Pictures (UIP),distribution,co0110120,False
United International Pictures (UIP),distribution,co0113995,False
United International Pictures,distribution,co0097402,False
Paramount Films of India,distribution,co0318358,False
Argentina Video Home,distribution,co0031085,False
CIC Video I/S,distribution,co0108051,False
CIC Video,distribution,co0021304,False
CIC Video,distribution,co0210297,False
CIC Video,distribution,co0106040,False
CIC Video,distribution,co0089182,False
CIC Video,distribution,co0565879,False
CIC-Taft Home Video,distribution,co0145658,False
DBC Medier,distribution,co0108152,False
Paramount Home Entertainment,distribution,co0051891,False
Paramount Home Video,distribution,co1044155,False
VideoVisa,distribution,co0149423,False
CIC-Taft Home Video,distribution,co0023596,False
American Broadcasting Company (ABC),distribution,co0037052,False
Nelonen,distribution,co0029644,False
Nine Network Australia,distribution,co0006628,False
Finnkino,distribution,co0014703,False
Universal Pictures Home Entertainment,distribution,co0297627,True
Imperial / Cinepix,distribution,co0254482,False
Fox-Paramount Home Entertainment,distribution,co0453999,False
Fox-Paramount Home Entertainment,distribution,co0565880,False
Imperial / Cinepix Home Entertainment,distribution,co0746854,False
Nu Metro Home Entertainment,distribution,co0248830,False
United Home Entertainment,distribution,co0212964,False
Universal Pictures,distribution,co0063715,True
Universal Pictures,distribution,co0005073,True
ABC Family,distribution,co0050794,False
Warner Home Video,distribution,co0059995,False
Fox-Paramount Home Entertainment,distribution,co0601119,False
VIVA,distribution,co0310686,False
Splendor Films,distribution,co0296065,False
Universal Pictures Home Entertainment,distribution,co0743251,True
Freeform,distribution,co0571670,False
Paramount Pictures,production,co0023400,True
The Steve Tisch Company,production,co0024369,False
Wendy Finerman Productions,production,co0004317,False
Industrial Light & Magic (ILM),specialEffects,co0072491,False
Alterian,specialEffects,co0113193,False
Arizona and California Railroad,miscellaneous,co0345712,False
Atlantic Cine Equipment,miscellaneous,co0172046,False
BEL.com,miscellaneous,co0170647,False
CBS News Archives,miscellaneous,co0034034,False
Capitol Studios,miscellaneous,co0035829,False
Central Casting (II),miscellaneous,co0228838,False
Chapman/Leonard Studio Equipment,miscellaneous,co0008022,False
Children's Television Workshop (CTW),miscellaneous,co0060192,False
"City of Savannah, Georgia",miscellaneous,co0081670,False
"City of Varnville, South Carolina",miscellaneous,co0345611,False
Colony Helicopters,miscellaneous,co0055407,False
DTS,miscellaneous,co0382601,False
Daphne Productions Inc.,miscellaneous,co0039366,False
Deluxe Entertainment Services,miscellaneous,co0226376,False
Descriptive Video Works,miscellaneous,co0321535,False
Dick Clark Productions,miscellaneous,co0061493,False
Digital DTS Sound,miscellaneous,co0655044,False
Direct Tools & Fasteners,miscellaneous,co0296111,False
Dolby Laboratories,miscellaneous,co0047023,False
Dr. Pepper Company (I),miscellaneous,co0057353,False
Du Art Film Laboratories,miscellaneous,co0574526,False
Epic Soundtrax,miscellaneous,co0129430,False
Film Preservation Associates,miscellaneous,co0041591,False
Fox Movietone News,miscellaneous,co0060257,False
High Output,miscellaneous,co0082453,False
Hope Enterprises,miscellaneous,co0008586,False
Houghton Mifflin Company,miscellaneous,co0043396,False
International Alliance of Theatrical Stage Employees (IATSE),miscellaneous,co0190210,False
Lightnin' Production Rentals,miscellaneous,co0041356,False
Lyndon Baines Johnson Presidential Library,miscellaneous,co0148314,False
Montana Film Office,miscellaneous,co0091856,False
Movie Movers,miscellaneous,co0204953,False
NBC News Archives,miscellaneous,co0031053,False
National Aeronautics and Space Administration (NASA),miscellaneous,co0031180,False
National Broadcasting Company (NBC),miscellaneous,co0072315,False
National Enquirer,miscellaneous,co0184400,False
Nike,miscellaneous,co0019999,False
Nina Saxon Film Design,miscellaneous,co0015134,False
"Nixon Materials Project, National Archives",miscellaneous,co0345711,False
Pacific Studios II,miscellaneous,co0009149,False
Pacific Title,miscellaneous,co0001256,False
Panavision,miscellaneous,co0041930,False
Playback Technologies,miscellaneous,co0019184,False
Post Logic Studios,miscellaneous,co0039621,False
"Recreation and Tourism, Hunting Island State Park",miscellaneous,co0345464,False
Reeltime Creative,miscellaneous,co0098461,False
Residents of the Watergate Hotel,miscellaneous,co0345505,False
Runner's World Magazine,miscellaneous,co0345442,False
Russell Stover Candy Company,miscellaneous,co0201056,False
Scarlet Letters,miscellaneous,co0090951,False
Sherman Grinberg Film Libraries,miscellaneous,co0065159,False
Skywalker Sound,miscellaneous,co0072003,False
Sony Pictures Studios,miscellaneous,co0050108,True
South Carolina Department of Parks,miscellaneous,co0345530,False
Spectral Recording Dolby Stereo Digital,miscellaneous,co0244642,False
"Stoney Creek Presbyterian Church in McPhersonville, South Carolina",miscellaneous,co0345729,False
Streamline Films,miscellaneous,co0080371,False
THX Ltd.,miscellaneous,co0131611,False
Technicolor,miscellaneous,co0065861,False
The Casting Group,miscellaneous,co0000356,False
The Historic Beaufort Society,miscellaneous,co0345479,False
The Los Angeles Motion Picture and Television Division,miscellaneous,co0345598,False
The Residents and Developers of Fripp Island,miscellaneous,co0345393,False
The South Carolina Film Commission,miscellaneous,co0135907,False
The Time Incorporated Magazine Company,miscellaneous,co0345522,False
"The United States Department of Interior, National Park Service",miscellaneous,co0095593,False
Time,miscellaneous,co0002840,False
Tony's Food Service,miscellaneous,co0017660,False
Truck Brokers,miscellaneous,co0494282,False
UCLA Film and Television Archive,miscellaneous,co0063528,False
University of South Carolina,miscellaneous,co0138797,False
Viacom Enterprises,miscellaneous,co0020918,False
Warriors,miscellaneous,co0090005,False
