company_name,company_type,imdb_id,is_major_studio
Columbia Pictures,distribution,co0050868,True
Sony Pictures Releasing,distribution,co0026545,True
Chapel Distribution,distribution,co0258711,False
Columbia TriStar Films AB,distribution,co0005726,False
Columbia TriStar Films,distribution,co0003949,False
Columbia TriStar Films de Argentina,distribution,co0003581,False
Concorde-Castle Rock/Turner,distribution,co0134695,False
Filmayer-Castle Rock-Turner S.A.,distribution,co0134697,False
Monopole-Pathé,distribution,co0004366,False
Rank Film Distributors,distribution,co0040156,False
UGC PH,distribution,co0290057,False
West Video,distribution,co0029548,False
SF Norge A/S,distribution,co0002093,False
Columbia TriStar Home Video,distribution,co0942169,False
Columbia TriStar Home Video,distribution,co0942170,False
Columbia TriStar Home Video,distribution,co0001850,False
LK-TEL,distribution,co0003327,False
Finnkino,distribution,co0014703,False
Columbia TriStar Home Video,distribution,co0189864,False
TBS Superstation,distribution,co0183474,False
TNT,distribution,co0009512,False
Warner Home Video,distribution,co0059995,False
Yleisradio (YLE),distribution,co0013526,False
Warner Home Video,distribution,co0918687,False
Warner Home Video,distribution,co1017479,False
HBO Max,distribution,co0754095,False
Castle Rock Entertainment,production,co0040620,False
Turner Pictures (I),production,co0045447,False
Fishmonger Films,production,co0078259,False
Carter White Effects,specialEffects,co0097745,False
Moving Picture Company (MPC),specialEffects,co0016492,False
ReelEye Company,specialEffects,co0189349,False
Snow Business International,specialEffects,co0127910,False
The Computer Film Company (CFC),specialEffects,co0105094,False
The Magic Camera Company,specialEffects,co0050003,False
Shepperton Studios,miscellaneous,co0103344,False
1st Unit Caterering,miscellaneous,co0031256,False
AIR Studios,miscellaneous,co0105248,False
Aerial Camera Systems,miscellaneous,co0309567,False
Air-Edel Associates,miscellaneous,co0003715,False
Angels & Bermans,miscellaneous,co0144250,False
Capital Ambulance & Paramedic Service,miscellaneous,co0639441,False
Chatto and Windus,miscellaneous,co0810771,False
Corbett & Keene,miscellaneous,co0105365,False
Corniche Travel Int,miscellaneous,co0934370,False
Cosprop,miscellaneous,co0105378,False
Costumi d'Arte,miscellaneous,co0124104,False
Edit Hire Post Production Services,miscellaneous,co0153037,False
Film Unit Drivers Guild,miscellaneous,co0217112,False
Head To Toe Theatre Company,miscellaneous,co0934371,False
Kodak,miscellaneous,co0060825,False
Lays International,miscellaneous,co0105453,False
Lee Lighting,miscellaneous,co0105122,False
Location Facilities,miscellaneous,co0105320,False
Lucasfilm THX / TAP Theater Alignment Program,miscellaneous,co0172511,False
Mad Dog 2020,miscellaneous,co0002463,False
Media Film Services,miscellaneous,co0105368,False
Ray Knight Casting,miscellaneous,co0057508,False
Reeltime Creative,miscellaneous,co0098461,False
SDDS Sony Dynamic Digital Sound,miscellaneous,co0382783,False
Sapex Scripts,miscellaneous,co0081577,False
Sec Fire and Rescue Ltd.,miscellaneous,co0024199,False
Sony Classical,miscellaneous,co0100585,False
Special Treats Productions,miscellaneous,co0487503,False
The Tanning Shop,miscellaneous,co0157511,False
Traders,miscellaneous,co0934372,False
Twickenham Film Studios,miscellaneous,co0014583,False
W. W. Norton & Company,miscellaneous,co0522618,False
