company_name,company_type,imdb_id,is_major_studio
Universal Pictures,distribution,co0005073,True
United International Pictures (UIP),distribution,co0112572,False
United International Pictures (UIP),distribution,co0012851,False
United International Pictures (UIP),distribution,co0000994,False
United International Pictures (UIP),distribution,co0074139,False
United International Pictures (UIP),distribution,co0040026,False
United International Pictures (UIP),distribution,co0175527,False
United International Pictures (UIP),distribution,co0110120,False
United International Pictures (UIP),distribution,co0043417,False
United International Pictures (UIP),distribution,co0113995,False
United International Pictures,distribution,co0097402,False
Universal Films of India,distribution,co0794561,False
Argentina Video Home,distribution,co0031085,False
CIC Video,distribution,co0021304,False
CIC-Taft Home Video,distribution,co0023596,False
FilmNet,distribution,co0558402,False
American Broadcasting Company (ABC),distribution,co0037052,False
The Film Zone,distribution,co1135824,False
Universal Pictures Home Entertainment,distribution,co0297627,True
Universal Pictures Video,distribution,co0824424,True
Musikservice Sweden,distribution,co0258827,False
Universal Pictures Home Entertainment (UPHE),distribution,co0023827,True
Rai Movie,distribution,co0347055,False
ETV 2,distribution,co0270191,False
7Bravo,distribution,co0979519,False
Shout Select,distribution,co0950058,False
Universal Pictures,production,co0005073,True
City Light Films,production,co0045196,False
DeLuxe Laboratories,miscellaneous,co0026998,False
Dolby Stereo,miscellaneous,co0389069,False
DuArt Film and Video,miscellaneous,co0019608,False
International Alliance of Theatrical Stage Employees (IATSE),miscellaneous,co0190210,False
Kaufman Astoria Studios,miscellaneous,co0144129,False
Lucasfilm THX / TAP Theater Alignment Program,miscellaneous,co0172511,False
MCA Records,miscellaneous,co0042246,False
Pacific Studios II,miscellaneous,co0009149,False
Pacific Title,miscellaneous,co0001256,False
Panavision,miscellaneous,co0041930,False
Sounds Great!,miscellaneous,co0094633,False
Sylvia Fay Casting,miscellaneous,co0119132,False
Sylvia Fay/Lee Genick & Associates Casting,miscellaneous,co0182812,False
Todd-AO/Glen Glenn Studios,miscellaneous,co0037439,False
Unique Catering,miscellaneous,co0024080,False
