company_name,company_type,imdb_id,is_major_studio
Orion Pictures,distribution,co0001995,False
Columbia TriStar Films,distribution,co0077851,False
Columbia TriStar Films,distribution,co0003949,False
Columbia TriStar Films de Argentina,distribution,co0003581,False
Columbia TriStar Films of Germany,distribution,co0379620,False
Columbus Film,distribution,co0016688,False
Finnkino,distribution,co0014703,False
Kommunenes Filmcentral (KF),distribution,co0015327,False
Laurenfilm,distribution,co0080682,False
Orion Pictures International,distribution,co0802347,False
Rank Film Distributors,distribution,co0040156,False
Roadshow Films,distribution,co0058792,False
Spentzos Films,distribution,co0030651,False
Svensk Filmindustri (SF),distribution,co0050989,False
Columbia TriStar Home Video,distribution,co0045926,False
Columbia TriStar Home Video,distribution,co0189864,False
Egmont Film,distribution,co0371331,False
Orion Home Video,distribution,co0022845,False
RCA/Columbia Pictures International Video,distribution,co0128198,True
Orion Pictures,distribution,co0904692,False
Syrena Entertainment Group,distribution,co0135461,False
LK-TEL,distribution,co0003327,False
RCA/Columbia Pictures Video,distribution,co0252452,True
VideoVisa,distribution,co0149423,False
Columbia TriStar Home Video,distribution,co1103837,False
MTV3,distribution,co1039885,False
Philips,distribution,co0079136,False
The Criterion Collection,distribution,co0044076,False
CBS,distribution,co0070627,False
Chapel Distribution,distribution,co0258711,False
Image Entertainment,distribution,co0013585,False
Future Film,distribution,co0079555,False
Lifetime Network,distribution,co0124433,False
MGM Home Entertainment,distribution,co0015461,True
Warner Home Video,distribution,co0059995,False
MGM Home Entertainment,distribution,co1085333,True
Nelonen,distribution,co0029644,False
Alamode Film,distribution,co0028075,False
Cecchi Gori Home Video,distribution,co0112177,False
FS Film,distribution,co0363592,False
Columbia TriStar Home Entertainment,distribution,co0213457,False
Gativideo,distribution,co0044350,False
20th Century Fox Home Entertainment,distribution,co0751509,True
Sony Pictures Home Entertainment,distribution,co0137851,True
20th Century Fox Home Entertainment,distribution,co0010224,True
20th Century Fox Home Entertainment,distribution,co0280047,True
20th Century Fox Home Entertainment,distribution,co0063964,True
Sub,distribution,co0260673,False
Film1,distribution,co0313320,False
Hero,distribution,co0514158,False
Net5,distribution,co0115441,False
Fox,distribution,co0771707,False
Ciné-Sorbonne,distribution,co0258686,False
9Gem,distribution,co0781000,False
Warner Bros. Home Entertainment,distribution,co0200179,True
Metro Goldwyn Mayer,distribution,co0774691,False
ARTE,distribution,co0164664,False
ARTE,distribution,co0014456,False
20th Century Fox Home Entertainment,distribution,co0150813,True
Cinemax,distribution,co0042496,False
Columbia TriStar Home Video,distribution,co1103831,False
Gaga,distribution,co0004745,False
Humax Pictures,distribution,co0039797,False
I Grandi Film Di Panorama,distribution,co1071104,False
RCA/Columbia-Hoyts Home Video,distribution,co0057923,False
Strong Heart/Demme Production,production,co0165563,False
Orion Pictures,production,co0001995,False
"146th Tactical Airlift Wing, Channel Islands Air National Guard Base, Port Hueneme, California",miscellaneous,co0372221,False
"171st Air Refueling Wing, Greater Pittsburgh National Airport, Pittsburgh, PA",miscellaneous,co0372101,False
AON/Albert G. Ruben Insurance Services,miscellaneous,co0028976,False
Air National Guard,miscellaneous,co0372408,False
Allegheny County Soldiers and Sailors Memorial Hall,miscellaneous,co0372056,False
Bahamas Film Promotion Bureau,miscellaneous,co0372430,False
Behavorial Science Unit,miscellaneous,co0372483,False
Breakdown Leathers,miscellaneous,co0372229,False
Bufa's,miscellaneous,co0372203,False
C5,miscellaneous,co0007604,False
Carnegie Museum of Natural History,miscellaneous,co0196686,False
Cerruti,miscellaneous,co0296919,False
Cine / Exec Aviation,miscellaneous,co0372241,False
City of Pittsburgh,miscellaneous,co0143365,False
Department of Defense,miscellaneous,co0050471,False
Dolby Laboratories,miscellaneous,co0047023,False
"Driver and Officials of Teamsters Local 839, Washington, DC",miscellaneous,co0372019,False
Federal Bureau of Investigation (FBI),miscellaneous,co0094664,False
General Camera Corporation,miscellaneous,co0012863,False
IATSE Local 3,miscellaneous,co0372218,False
International Alliance of Theatrical Stage Employees (IATSE),miscellaneous,co0190210,False
"Island of Bimini, Bahamas",miscellaneous,co0372348,False
J.G. Films,miscellaneous,co0045593,False
Les Freres Parent,miscellaneous,co0372184,False
M & Co.,miscellaneous,co0072717,False
MCA Records,miscellaneous,co0042246,False
Munich Symphony Orchestra,miscellaneous,co0029466,False
Nikon,miscellaneous,co0071398,False
Orion Pictures,miscellaneous,co0001995,False
Panavision,miscellaneous,co0041930,False
Pennsylvania Film Bureau,miscellaneous,co0372406,False
Quartet Records,miscellaneous,co0408070,False
R/Greenberg Associates,miscellaneous,co0072943,False
Sound One Corporation,miscellaneous,co0051002,False
The Erickson Agency,miscellaneous,co0111075,False
The International Brotherhood of Teamsters,miscellaneous,co0372012,False
"The Mayor's Office of Television and Film Development, Washington, D.C.",miscellaneous,co0294573,False
"Town of Rural Valley, PA",miscellaneous,co0372162,False
Virginia Film Office,miscellaneous,co0041185,False
