company_name,company_type,imdb_id,is_major_studio
Warner Bros.,distribution,co0002663,True
Solopan,distribution,co0016032,False
Cannon Film Distributors,distribution,co0502621,False
Les Films Ariane,distribution,co0042444,False
Rank Film Distributors,distribution,co0040156,False
Shochiku-Fuji Company,distribution,co0071942,False
Svensk Filmindustri (SF),distribution,co0050989,False
Svenska Filminstitutet (SFI),distribution,co0048118,False
Transmundo Films,distribution,co0027133,False
Transmundo Home Video (THV),distribution,co0040022,False
Warner Home Video,distribution,co0059995,False
MGM Home Entertainment,distribution,co0015461,True
PlayArte Home Vídeo,distribution,co0090517,False
Les Acacias,distribution,co0006405,False
Roadshow Films,distribution,co0058792,False
Spentzos Films,distribution,co0030651,False
ARTE,distribution,co0014456,False
Black Entertainment Television (BET),distribution,co0050878,False
CinéCinémas,distribution,co0362804,False
HBO Max,distribution,co0754095,False
LK-TEL Vídeo,distribution,co0137250,False
MGM Networks,distribution,co0842411,True
Paris Première,distribution,co0050894,False
RCA/Columbia Pictures International Video,distribution,co0128198,True
RCA/Columbia Pictures International Video,distribution,co0358260,True
RCA/Columbia-Hoyts Home Video,distribution,co0057923,False
SET India,distribution,co0121331,False
United Paramount Network (UPN),distribution,co0001860,False
Varus Video,distribution,co0091775,False
VideoVisa,distribution,co0149423,False
WWOR,distribution,co0014490,False
Warner Bros. Television,distribution,co0005035,True
Zima Entertainment,distribution,co0076262,False
Sovereign Pictures,production,co0087376,False
Reversal Films Inc.,production,co0028550,False
Shochiku-Fuji Company,production,co0071942,False
Bulgari,miscellaneous,co0022410,False
Cerruti 1881,miscellaneous,co0047528,False
Cinema Research,miscellaneous,co0058110,False
General Camera Corporation,miscellaneous,co0012863,False
Louis Nichole,miscellaneous,co0027425,False
Magno Sound and Video,miscellaneous,co0094054,False
National Association of Broadcast Employees and Technicians (NABET),miscellaneous,co0292090,False
Reed & Barton,miscellaneous,co0005271,False
Schneeman Studio,miscellaneous,co0020469,False
Sylvia Fay Casting,miscellaneous,co0119132,False
T.A.B. Inc.,miscellaneous,co0098937,False
Toronto International Film Festival,miscellaneous,co0047102,False
Waterford/Wedgewood,miscellaneous,co0035792,False
