company_name,company_type,imdb_id,is_major_studio
Ascot Elite Entertainment Group,distribution,co0102291,False
Asmik Ace Entertainment,distribution,co0023391,False
Bac Films,distribution,co0024879,False
Buena Vista International Mexico,distribution,co0121807,False
Buena Vista International,distribution,co0991889,False
Buena Vista International,distribution,co0916748,False
Cecchi Gori Distribuzione,distribution,co0001228,False
Film Pop,distribution,co0127142,False
Filmes Castello Lopes,distribution,co0049459,False
JL Vision Film,distribution,co0668850,False
Laurenfilm,distribution,co0080682,False
Miramax,distribution,co0022594,False
RCV Film Distribution,distribution,co0179583,False
RCV Film Distribution,distribution,co0179582,False
RCV Film Distribution,distribution,co0061879,False
Scotia International Filmverleih,distribution,co0042482,False
Shringar Distributors,distribution,co0108241,False
Spentzos Films,distribution,co0030651,False
United International Pictures (UIP),distribution,co0130609,False
West Video,distribution,co0029548,False
BMG Video,distribution,co0041577,False
Buena Vista Home Entertainment,distribution,co0989959,False
Buena Vista Home Entertainment,distribution,co1041397,False
Buena Vista Home Entertainment,distribution,co0049546,False
Cecchi Gori Home Video,distribution,co0112177,False
Gativideo,distribution,co0044350,False
Imagem Filmes,distribution,co0073600,False
Lionsgate Home Entertainment,distribution,co0292909,False
Paramount Home Entertainment,distribution,co0051891,False
Paris Vídeo,distribution,co0084801,False
RCV Home Entertainment,distribution,co0190332,False
RTL Entertainment,distribution,co0112383,False
Roadshow Entertainment,distribution,co0152990,False
SBP,distribution,co0021959,False
Savor Ediciones,distribution,co0475139,False
StudioCanal Home Entertainment,distribution,co0985617,False
StudioCanal Home Entertainment,distribution,co0360967,False
TF1 Vidéo,distribution,co0101929,False
Turner Classic Movies (TCM),distribution,co0011489,False
Universum Film (UFA),distribution,co0021661,False
Miramax,sales,co0022594,False
New Films International,sales,co0084783,False
Melampo Cinematografica,production,co0030298,False
Cecchi Gori Group Tiger Cinematografica,production,co0037028,False
Ditta G. Corridori,specialEffects,co0177005,False
A.N.C.A.,miscellaneous,co0173060,False
A.T.A. S.r.l. Conti Bros.,miscellaneous,co0138573,False
AVID Technology,miscellaneous,co0059739,False
Accademia Musicale Italiana (AMIT),miscellaneous,co0101675,False
Acqua Amerino,miscellaneous,co0173066,False
Agripan,miscellaneous,co0172989,False
Ars Nova,miscellaneous,co0173010,False
Associazione A.D.A.Mus.,miscellaneous,co0173001,False
Audiovisual System,miscellaneous,co0264332,False
Avid Film Composer,miscellaneous,co0015486,False
Cannes Film Festival,miscellaneous,co0034345,False
Centro Fromazione Professionale di Narni,miscellaneous,co0173104,False
Centro Multimediale Terni,miscellaneous,co0173078,False
Cine Audio Effects,miscellaneous,co0050821,False
Cinecittà,miscellaneous,co0067980,False
Comando Vigili Urbani - Arezzo,miscellaneous,co0173008,False
Comando della Regione Militare Tosco-Emiliana,miscellaneous,co0172976,False
Comune di Arezzo,miscellaneous,co0173012,False
Comune di Castiglion Fibocchi (Arezzo),miscellaneous,co0173101,False
Comune di Castiglion Fiorentino (Arezzo),miscellaneous,co0173042,False
Comune di Cortona (Arezzo),miscellaneous,co0173098,False
Comune di Ferentillo,miscellaneous,co0173009,False
Comune di Montevarchi (Arezzo),miscellaneous,co0173045,False
Comune di Ronciglione,miscellaneous,co0173050,False
Comune di Spoleto,miscellaneous,co0019032,False
Comune di Terni,miscellaneous,co0172974,False
"Cose Care, Cesena",miscellaneous,co0153026,False
Costumi d'Arte,miscellaneous,co0124104,False
De Pasquale Mariano,miscellaneous,co0173015,False
Ditta L.A.B.A.,miscellaneous,co0173056,False
Ditta Pompei,miscellaneous,co0050441,False
EMI Music Publishing,miscellaneous,co0134779,False
Ente Nazionale Energia Elettrica (ENEL),miscellaneous,co0230909,False
Fedora Company,miscellaneous,co0173107,False
Fila,miscellaneous,co0173052,False
Film Apprenticeship Program,miscellaneous,co0173086,False
Fono Roma,miscellaneous,co0068110,False
Forum Music Village,miscellaneous,co0135213,False
Garzotto Rocco e Figlio,miscellaneous,co0173030,False
German School New York,miscellaneous,co0173024,False
"Hopkins, Smith & Barden",miscellaneous,co0071105,False
Howard Schwartz Recording,miscellaneous,co0010103,False
Industrie Riunite,miscellaneous,co0172971,False
International Set Lighting,miscellaneous,co0140503,False
Intesa,miscellaneous,co0173074,False
LVT,miscellaneous,co0386335,False
"La Scuola D'Italia ""Guglielmo"" Marconi",miscellaneous,co0173044,False
Mercedes Italia,miscellaneous,co0173035,False
Ministry of Transportation,miscellaneous,co0173046,False
Mobilvetta Design,miscellaneous,co0173034,False
Molinari,miscellaneous,co0173021,False
Murray Weissman and Associates,miscellaneous,co0160895,False
Musical Band Lo Zivago,miscellaneous,co0173092,False
Musical Band of Bevagna,miscellaneous,co0173048,False
Nannini,miscellaneous,co0412743,False
Panalight,miscellaneous,co0050673,False
Panavision,miscellaneous,co0041930,False
Paoloni (Fano),miscellaneous,co0173094,False
Pentastudio,miscellaneous,co0173097,False
Peroni,miscellaneous,co0173014,False
Pompei,miscellaneous,co0245955,False
Ponteggi Dalmine,miscellaneous,co0173081,False
Province of Terni,miscellaneous,co0173095,False
Provincia di Arezzo,miscellaneous,co0172978,False
R.T.A. Frosinone,miscellaneous,co0173100,False
Regione Umbria,miscellaneous,co0173051,False
Romana Gruppi Elettrogeni,miscellaneous,co0173006,False
Romana Trasporti,miscellaneous,co0033609,False
Sapori,miscellaneous,co0172965,False
"Scuola Elementare ""Gamurrini"" (Arezzo)",miscellaneous,co0173082,False
Società per Azioni delle Acque di S. Francesco,miscellaneous,co0173023,False
Sound One Corporation,miscellaneous,co0051002,False
Soundtrack Recording,miscellaneous,co0107750,False
Strega Alberti,miscellaneous,co0172973,False
Studio Solutions Group,miscellaneous,co0284154,False
Tecno Bay,miscellaneous,co0172970,False
Toronto International Film Festival,miscellaneous,co0047102,False
Ufficio Provinciale del Lavoro - Arezzo,miscellaneous,co0173017,False
Ufficio Provinciale del Lavoro di Terni,miscellaneous,co0173038,False
