company_name,company_type,imdb_id,is_major_studio
Orion Pictures,distribution,co0001995,False
Orion Home Video,distribution,co0022845,False
Columbia TriStar Films,distribution,co0077851,False
Columbia TriStar Films,distribution,co0613324,False
Izaro Films,distribution,co0052678,False
Columbia TriStar Films de Argentina,distribution,co0003581,False
Columbia TriStar Home Video,distribution,co0001850,False
LK-TEL,distribution,co0003327,False
Columbia TriStar Home Entertainment,distribution,co0127120,False
CBS,distribution,co0070627,False
MGM Home Entertainment,distribution,co0015461,True
Pony Canyon,distribution,co0017081,False
Olive Films,distribution,co0128842,False
BFI Video,distribution,co0106328,False
20th Century Fox India,distribution,co0092296,True
MGM Networks,distribution,co0842411,True
Pluto TV,distribution,co0545791,False
SET India,distribution,co0121331,False
STAR India,distribution,co0588627,False
Showtime Networks,distribution,co0052980,False
Orion Pictures,production,co0001995,False
Robert H. Solo Productions,production,co0308540,False
American Cinema Editors (ACE),miscellaneous,co0152420,False
Warner Hollywood Studios,miscellaneous,co0087673,False
Cinema Audio Society (CAS),miscellaneous,co0565479,False
Todd-AO/Glen Glenn Studios,miscellaneous,co0037439,False
D. Bassett & Associates,miscellaneous,co0039491,False
Consolidated Film Industries (CFI),miscellaneous,co0044873,False
Albert G. Ruben and Company,miscellaneous,co0022914,False
Completion Bond Company,miscellaneous,co0073672,False
Disc Payroll Services,miscellaneous,co0098959,False
The Alabama Film Commission,miscellaneous,co0147652,False
The City of Selma Alabama,miscellaneous,co0686499,False
Florida Office of Film and Entertainment,miscellaneous,co0403144,False
"Lee County, Florida",miscellaneous,co0320007,False
"Fort Myers, Florida",miscellaneous,co0686500,False
Texas Film Commission,miscellaneous,co0070583,False
El Paso Film Commission,miscellaneous,co0091260,False
"The City of Van Horn, Texas",miscellaneous,co0237620,False
El Paso Natural Gas (EPNG),miscellaneous,co0686501,False
Beechcraft,miscellaneous,co0501645,False
"Fleming Springs Ranch, San Saba, Texas",miscellaneous,co0686502,False
Deluxe Entertainment Services,miscellaneous,co0226376,False
Otto Nemenz International,miscellaneous,co0018437,False
Arriflex,miscellaneous,co0720906,False
Lightnin' Production Rentals,miscellaneous,co0041356,False
Toronto International Film Festival,miscellaneous,co0047102,False
