company_name,company_type,imdb_id,is_major_studio
Columbia Pictures,distribution,co0050868,True
Columbia TriStar Films,distribution,co1105615,False
Medusa Communications and Marketing,distribution,co0106121,False
Ascot Elite Entertainment Group,distribution,co0102291,False
Concorde Film,distribution,co0051881,False
Egmont Film,distribution,co0371331,False
Egmont Film,distribution,co0031483,False
Elliniki Kinimatografiki Enosi (ELKE),distribution,co0001933,False
Europafilm,distribution,co0002826,False
Finnkino,distribution,co0014703,False
Jugendfilm-Verleih,distribution,co0018825,False
Roadshow Entertainment,distribution,co0152990,False
Transmundo Films,distribution,co0027133,False
Union Générale Cinématographique (UGC),distribution,co0069524,False
Nelson Entertainment,distribution,co0020346,False
New Line Home Video,distribution,co0079450,False
RCA/Columbia Pictures Home Video,distribution,co0070977,True
Sony Corporation of America,distribution,co0071829,False
Transmundo Home Video (THV),distribution,co0040022,False
Concorde Video,distribution,co0231842,False
Excalibur Benelux,distribution,co0207362,False
Highlight Video,distribution,co0069597,False
Home Video Hellas (HVH),distribution,co0048760,False
MGM Home Entertainment,distribution,co0015461,True
Video Film Express,distribution,co0068056,False
Gemini Film,distribution,co0236212,False
CBS,distribution,co0070627,False
ETD Home Video,distribution,co0158535,False
Columbia TriStar Home Video,distribution,co0001850,False
Image Entertainment,distribution,co0013585,False
Nipponherarudoeiga,distribution,co0403003,False
Pioneer,distribution,co0052747,False
Mainostelevisio (MTV3),distribution,co0069920,False
Astro Distribution,distribution,co0017313,False
PolyGram Video,distribution,co0044762,False
PolyGram Video,distribution,co0113340,False
Twentieth Century Fox Home Entertainment,distribution,co0189783,False
20th Century Fox Home Entertainment,distribution,co0918688,True
FS Film,distribution,co0363592,False
Gemini Film,distribution,co0067533,False
Nelonen,distribution,co0029644,False
Sony Pictures Home Entertainment,distribution,co0137851,True
20th Century Fox Home Entertainment,distribution,co0010224,True
Warner Bros. Domestic Television Distribution,distribution,co0056265,True
Sub,distribution,co0260673,False
Zavvi Entertainment Group,distribution,co0549466,False
Scream Factory,distribution,co0235493,False
HBO Max,distribution,co0754095,False
Nine Network Australia,distribution,co0006628,False
Kino Lorber,distribution,co0291948,False
1+1,distribution,co0532355,False
9Gem,distribution,co0781000,False
American Movie Classics (AMC),distribution,co0019701,False
British Broadcasting Corporation (BBC),distribution,co0043107,False
Capelight Pictures,distribution,co0151501,False
Castle Rock Entertainment,production,co0040620,False
Nelson Entertainment,production,co0020346,False
KNB EFX Group,specialEffects,co0015640,False
20th Century Fox Studios,miscellaneous,co0096253,True
AVI Records Productions,miscellaneous,co0185181,False
Bay Cities,miscellaneous,co0663938,False
Chapman Equipment,miscellaneous,co0044013,False
Credit Lyonnais Bank (Nederland) N.V.,miscellaneous,co0014724,False
Cynthia's Distinctive Catering,miscellaneous,co0185116,False
Dolby Stereo,miscellaneous,co0389069,False
Eric Lieber Productions,miscellaneous,co0067759,False
International Alliance of Theatrical Stage Employees (IATSE),miscellaneous,co0190210,False
JoAnn Kane Music Service,miscellaneous,co0037460,False
Mark Goodson Productions LLC,miscellaneous,co0093734,False
Nancy Seltzer & Associates,miscellaneous,co0002606,False
Pacific Studios II,miscellaneous,co0009149,False
Pacific Title,miscellaneous,co0001256,False
Sally Lear Casting,miscellaneous,co0185101,False
Sally Perle & Associates,miscellaneous,co0006706,False
Skywalker Sound,miscellaneous,co0072003,False
TAJ Soundworks,miscellaneous,co0012314,False
THX Sound System Theatre,miscellaneous,co0168818,False
"The City of Genoa, Nevada",miscellaneous,co0185204,False
The Washoe Tribe of Nevada and California,miscellaneous,co0185242,False
Unique Movie Cars,miscellaneous,co0033102,False
Variety Cinema Catering,miscellaneous,co0027392,False
