company_name,company_type,imdb_id,is_major_studio
TriStar Pictures,distribution,co0005883,False
Columbia TriStar Film,distribution,co0060005,False
Columbia TriStar Films Pty. Ltd.,distribution,co0015669,False
Columbia TriStar Films,distribution,co0077851,False
Columbia TriStar Films,distribution,co0613324,False
Columbia TriStar Films,distribution,co0003949,False
Columbia TriStar Films de Argentina,distribution,co0003581,False
Columbia TriStar Films de España,distribution,co0057443,False
Columbia TriStar Home Video,distribution,co0001850,False
Columbia Tristar Films of India,distribution,co0774471,False
Finnkino,distribution,co0014703,False
Prooptiki,distribution,co0020389,False
CBS,distribution,co0070627,False
Columbia TriStar Home Video,distribution,co1103831,False
Columbia TriStar Home Video,distribution,co0751613,False
Columbia TriStar Home Video,distribution,co0189864,False
Egmont Entertainment,distribution,co0135306,False
LK-TEL Vídeo,distribution,co0137250,False
LK-TEL,distribution,co0003327,False
Nelonen,distribution,co0029644,False
Sony Pictures Home Entertainment,distribution,co0769046,True
Sony Pictures Home Entertainment,distribution,co0185481,True
Sony Pictures Home Entertainment,distribution,co0795863,True
Twilight Time,distribution,co0478467,False
Videosonic,distribution,co0061607,False
Yleisradio (YLE),distribution,co0013526,False
TriStar Pictures,production,co0005883,False
Clinica Estetico,production,co0093046,False
C5,miscellaneous,co0007604,False
CRM Group Inc.,miscellaneous,co0056675,False
Cerruti 1881,miscellaneous,co0047528,False
Coast to Coast Catering,miscellaneous,co0076567,False
DuArt Film and Video,miscellaneous,co0019608,False
Epic Soundtrax,miscellaneous,co0129430,False
Inter Video,miscellaneous,co0009474,False
International Alliance of Theatrical Stage Employees (IATSE),miscellaneous,co0190210,False
Kathy Wickline Casting,miscellaneous,co0067165,False
Mike Lemon Casting,miscellaneous,co0063601,False
Nancy Seltzer & Associates,miscellaneous,co0002606,False
SDDS Sony Dynamic Digital Sound,miscellaneous,co0382783,False
Sound One Corporation,miscellaneous,co0051002,False
Speakeasy Lop Group,miscellaneous,co0548793,False
Technicolor,miscellaneous,co0065861,False
Title House,miscellaneous,co0035135,False
