company_name,company_type,imdb_id
Universal Pictures,distribution,co0005073
United International Pictures (UIP),distribution,co0112572
United International Pictures (UIP),distribution,co0012851
United International Pictures (UIP),distribution,co0000994
United International Pictures (UIP),distribution,co0074139
United International Pictures (UIP),distribution,co0040026
United International Pictures (UIP),distribution,co0175527
United International Pictures (UIP),distribution,co0110120
United International Pictures (UIP),distribution,co0043417
United International Pictures (UIP),distribution,co0113995
United International Pictures,distribution,co0097402
Universal Films of India,distribution,co0794561
Argentina Video Home,distribution,co0031085
CIC Video,distribution,co0021304
CIC-Taft Home Video,distribution,co0023596
FilmNet,distribution,co0558402
American Broadcasting Company (ABC),distribution,co0037052
The Film Zone,distribution,co1135824
Universal Pictures Home Entertainment,distribution,co0297627
Universal Pictures Video,distribution,co0824424
Musikservice Sweden,distribution,co0258827
Universal Pictures Home Entertainment (UPHE),distribution,co0023827
Rai Movie,distribution,co0347055
ETV 2,distribution,co0270191
7Bravo,distribution,co0979519
Shout Select,distribution,co0950058
Universal Pictures,production,co0005073
City Light Films,production,co0045196
DeLuxe Laboratories,miscellaneous,co0026998
Dolby Stereo,miscellaneous,co0389069
DuArt Film and Video,miscellaneous,co0019608
International Alliance of Theatrical Stage Employees (IATSE),miscellaneous,co0190210
Kaufman Astoria Studios,miscellaneous,co0144129
Lucasfilm THX / TAP Theater Alignment Program,miscellaneous,co0172511
MCA Records,miscellaneous,co0042246
Pacific Studios II,miscellaneous,co0009149
Pacific Title,miscellaneous,co0001256
Panavision,miscellaneous,co0041930
Sounds Great!,miscellaneous,co0094633
Sylvia Fay Casting,miscellaneous,co0119132
Sylvia Fay/Lee Genick & Associates Casting,miscellaneous,co0182812
Todd-AO/Glen Glenn Studios,miscellaneous,co0037439
Unique Catering,miscellaneous,co0024080
