company_name,company_type,imdb_id
DreamWorks Distribution,distribution,co0067641
United International Pictures (UIP),distribution,co0074139
Paramount Films of India,distribution,co0318358
United International Pictures (UIP),distribution,co0262438
United International Pictures (UIP),distribution,co0125155
United International Pictures (UIP),distribution,co0012851
United International Pictures (UIP),distribution,co0000994
United International Pictures (UIP),distribution,co0175527
United International Pictures (UIP),distribution,co0110120
United International Pictures,distribution,co0097402
DreamWorks Home Entertainment,distribution,co0299243
DreamWorks Home Entertainment,distribution,co0289670
DreamWorks Home Entertainment,distribution,co0397133
DreamWorks Home Entertainment,distribution,co0027541
Prem'er Video Fil'm,distribution,co0095832
Universal Pictures Video,distribution,co0219620
Argentina Video Home,distribution,co0031085
Universal Pictures Video,distribution,co0824421
Universal Studios Home Video,distribution,co0842674
American Broadcasting Company (ABC),distribution,co0037052
Sony Pictures Releasing,distribution,co0052145
Universal Pictures,distribution,co0137262
Paramount Home Entertainment,distribution,co0051891
Paramount Channel,distribution,co0591004
CIC Vídeo,distribution,co0080094
Filmes Lusomundo,distribution,co0012065
I Grandi Film Di Panorama,distribution,co1071104
Paramount Pictures,distribution,co0023400
Univideo,distribution,co0348974
DreamWorks Pictures,production,co0819670
Jinks/Cohen Company,production,co0021095
CFC/MVFX,specialEffects,co0005671
Pacific Title,specialEffects,co0001256
Executive Assurance,miscellaneous,co0061632
AVID Technology,miscellaneous,co0059739
American Humane Association,miscellaneous,co0069003
Chapman/Leonard Studio Equipment,miscellaneous,co0008022
D.E.S.,miscellaneous,co0087927
Deluxe Catering,miscellaneous,co0115325
Deluxe Entertainment Services,miscellaneous,co0226376
Digital DTS Sound,miscellaneous,co0655044
Dolby Digital,miscellaneous,co0369281
DreamWorks Records,miscellaneous,co0126930
DreamWorks Studios,miscellaneous,co0252576
E=mc²,miscellaneous,co0039760
Eastman Film,miscellaneous,co0186886
Falco Ink.,miscellaneous,co0081687
IVC,miscellaneous,co0061479
International Alliance of Theatrical Stage Employees (IATSE),miscellaneous,co0190210
Kona Cutting,miscellaneous,co0034884
L.A. Mad Dogs,miscellaneous,co0030925
Lucasfilm THX / TAP Theater Alignment Program,miscellaneous,co0172511
Pacific Title/Mirage,miscellaneous,co0045986
Panavision,miscellaneous,co0041930
Peter Rotter Music Services,miscellaneous,co0389895
Rockbottom Rentals,miscellaneous,co0208516
SDDS Sony Dynamic Digital Sound,miscellaneous,co0382783
Sabron Payroll Services,miscellaneous,co0109739
Signet Soundelux Studios,miscellaneous,co0011537
Technicolor,miscellaneous,co0065861
The Donmar Warehouse,miscellaneous,co0125882
Todd-AO Studios,miscellaneous,co0016792
Toronto International Film Festival,miscellaneous,co0047102
