company_name,company_type,imdb_id
Miramax,distribution,co0022594
Alliance Atlantis Communications,distribution,co0054762
Universal Pictures,distribution,co0840675
Filmes Lusomundo,distribution,co0012065
Paramount Films of India,distribution,co0318358
United International Pictures (UIP),distribution,co0012851
United International Pictures (UIP),distribution,co0016600
United International Pictures (UIP),distribution,co0000994
United International Pictures (UIP),distribution,co0074139
United International Pictures (UIP),distribution,co0043417
United International Pictures (UIP),distribution,co0113995
United International Pictures,distribution,co0097402
Argentina Video Home,distribution,co0031085
Columbia TriStar Home Video,distribution,co0001850
Egmont Entertainment,distribution,co0135306
Finnkino,distribution,co0014703
LK-TEL,distribution,co0003327
Miramax Home Entertainment,distribution,co0564364
Starz,distribution,co0000869
Universal Pictures Home Video,distribution,co0752504
Nelonen,distribution,co0029644
Cinema Foobio,distribution,co0446627
Universal Pictures,distribution,co0005073
Universal Pictures Home Entertainment,distribution,co0752505
Mainostelevisio (MTV3),distribution,co0069920
Sub,distribution,co0260673
Universal Pictures Finland,distribution,co0388514
Ava,distribution,co0640107
TV5,distribution,co0375601
Waylen Group,distribution,co0364463
Frii,distribution,co0562790
Turner Classic Movies (TCM),distribution,co0011489
Yleisradio (YLE),distribution,co0013526
La5,distribution,co0353928
7Bravo,distribution,co0979519
CIC Vídeo,distribution,co0080094
CIC-Taft Home Video,distribution,co0023596
Columbia Home Video,distribution,co0081792
Tempesta Films,sales,co0104129
Universal Pictures,production,co0005073
Miramax,production,co0022594
The Bedford Falls Company,production,co0014925
The Magic Camera Company,specialEffects,co0050003
United Special Effects,specialEffects,co0059264
Hyperactive Broadcast,miscellaneous,co0174785
AJM Systems,miscellaneous,co0042273
AON/Albert G. Ruben Insurance Services,miscellaneous,co0028976
ARRI Media,miscellaneous,co0017044
Aeroshoot Film Services,miscellaneous,co0078125
Air-Edel Associates,miscellaneous,co0003715
Angels & Bermans,miscellaneous,co0144250
Animals Okay,miscellaneous,co0049330
Anvil Post Production,miscellaneous,co0105315
BBC Wig Store,miscellaneous,co0113856
C.T.S. Studios,miscellaneous,co0055733
Cavalier Transport,miscellaneous,co0015556
Check In for Business,miscellaneous,co0057802
Cine Image Film Opticals,miscellaneous,co0051607
Costumi d'Arte,miscellaneous,co0124104
Dolby Laboratories,miscellaneous,co0047023
Feasible Films,miscellaneous,co0053456
Gamba,miscellaneous,co0010647
Gioielli L.A.B.A. Roma,miscellaneous,co0022848
Hothouse Music,miscellaneous,co0090642
Kodak,miscellaneous,co0060825
L.C.P. di Pompei,miscellaneous,co0019930
Lee Lighting,miscellaneous,co0105122
London Editing Machines Ltd.,miscellaneous,co0001364
Mad Dog 2020,miscellaneous,co0002463
Marquees Over London,miscellaneous,co0113862
Midnight Transfer,miscellaneous,co0147671
Murray Weissman and Associates,miscellaneous,co0160895
Olswang,miscellaneous,co0032687
Ray Marston Wig Studio,miscellaneous,co0113863
Sapex Scripts,miscellaneous,co0081577
Sastreria Cornejo,miscellaneous,co0045265
Set Meals,miscellaneous,co0105314
Shaun Webb Design,miscellaneous,co0076347
Shepperton Sound,miscellaneous,co0113857
Shepperton Studios,miscellaneous,co0103344
Sony Classical,miscellaneous,co0100585
Sylvia Wheeler Film Services,miscellaneous,co0105401
Telefilm Video Services,miscellaneous,co0105446
The London Session Orchestra,miscellaneous,co0105441
The Machine Room,miscellaneous,co0122588
Turk Film Services Ltd.,miscellaneous,co0105338
Witney Marquees,miscellaneous,co0035439
