company_name,company_type,imdb_id,is_major_studio
Universal Pictures,distribution,co0005073,True
Columbia TriStar Film Distributors International,distribution,co0045347,False
Columbia TriStar Film,distribution,co0382315,False
Columbia TriStar Films,distribution,co0613324,False
"Buenavista Columbia Tri Star Films de Mexico, S. de R.L. de C.V.'",distribution,co0039725,False
Columbia TriStar Egmont Film Distributors,distribution,co0035705,False
Columbia TriStar Film Distributors,distribution,co0004899,False
Columbia TriStar Films AB,distribution,co0005726,False
Columbia TriStar Films,distribution,co0077851,False
Columbia TriStar Films,distribution,co0003949,False
Columbia TriStar Films de Argentina,distribution,co0003581,False
Columbia TriStar Films de España,distribution,co0057443,False
Columbia TriStar Films of Germany,distribution,co0379620,False
Columbia TriStar Nordisk Film Distributors A/S,distribution,co0094232,False
Columbia TriStar Warner Filmes de Portugal,distribution,co0075764,False
Columbia Tristar Films of India,distribution,co0774471,False
Falcon,distribution,co0040374,False
Columbia TriStar Home Video,distribution,co1103831,False
LK-TEL,distribution,co0003327,False
Nordisk Film,distribution,co0137854,False
Universal Studios Home Video,distribution,co0021294,False
Columbia TriStar Home Video,distribution,co0189864,False
Egmont Entertainment,distribution,co0135306,False
Gaumont/Columbia TriStar Home Video,distribution,co0108034,False
Canal+,distribution,co0028557,False
National Broadcasting Company (NBC),distribution,co0072315,False
Nelonen,distribution,co0029644,False
Net5,distribution,co0115441,False
TF1,distribution,co0028766,False
Universal Pictures Video,distribution,co0824424,True
Sony Pictures Home Entertainment,distribution,co0770268,True
Sony Pictures Home Entertainment,distribution,co0769046,True
Sony Pictures Home Entertainment,distribution,co0802090,True
Sony Pictures Home Entertainment,distribution,co0852957,True
Sony Pictures Home Entertainment,distribution,co1125774,True
Sony Pictures Home Entertainment,distribution,co0795863,True
Sony Pictures Home Entertainment,distribution,co0802089,True
Musikservice Sweden,distribution,co0258827,False
Liv,distribution,co0361918,False
Kanal 11,distribution,co0237463,False
Universal Pictures Home Entertainment (UPHE),distribution,co0023827,True
5*,distribution,co0360612,False
France 2 (FR2),distribution,co0011107,False
TV Breizh,distribution,co0205203,False
Télé Monté Carlo (TMC),distribution,co0204587,False
NT1,distribution,co0223772,False
TV5,distribution,co0375601,False
Universal Sony Pictures Home Entertainment Nordic,distribution,co0533783,True
HD1,distribution,co0457292,False
LA7,distribution,co0212665,False
ARTE,distribution,co0014456,False
Chérie 25,distribution,co0595140,False
Numero 23,distribution,co0695868,False
RTL9,distribution,co0570072,False
M6,distribution,co0037417,False
Téva,distribution,co0018899,False
7flix,distribution,co0776428,False
The CW Network (The CW),distribution,co0174148,False
Novo19,distribution,co1146853,False
All Interactive Distribution,distribution,co0209353,False
I Grandi Film Di Panorama,distribution,co1071104,False
SF Studios,distribution,co0249327,False
Sony Pictures Home Entertainment,distribution,co0137851,True
Universal Studios Home Entertainment,distribution,co0443270,False
Universal Pictures,production,co0005073,True
Columbia Pictures,production,co0050868,True
Jersey Films,production,co0010434,False
Cinesite (Hollywood),specialEffects,co0052001,False
Safeguard Investigation and Security Services,miscellaneous,co0020523,False
Gourmet on Location,miscellaneous,co0111079,False
Weddington Productions,miscellaneous,co0031584,False
L.A. Mad Dogs,miscellaneous,co0030925,False
Soundelux Vine Street Studios,miscellaneous,co0069746,False
Todd-AO Studios,miscellaneous,co0016792,False
Signet Soundelux Studios,miscellaneous,co0011537,False
Howard Anderson Digital Effects,miscellaneous,co0021308,False
NT Audio Visual,miscellaneous,co0020514,False
Masterwords,miscellaneous,co0027043,False
Chapman/Leonard Studio Equipment,miscellaneous,co0008022,False
Clairmont Camera Film & Digital,miscellaneous,co0012439,False
Film Art,miscellaneous,co0036548,False
Kodak,miscellaneous,co0060825,False
Movie Movers,miscellaneous,co0204953,False
Peter Rotter Music Services,miscellaneous,co0389895,False
Sony Classical,miscellaneous,co0100585,False
Truck Brokers,miscellaneous,co0494282,False
