company_name,company_type,imdb_id,is_major_studio
Miramax,distribution,co0022594,False
Alliance Atlantis Communications,distribution,co0054762,False
Universal Pictures,distribution,co0840675,True
Filmes Lusomundo,distribution,co0012065,False
Paramount Films of India,distribution,co0318358,False
United International Pictures (UIP),distribution,co0012851,False
United International Pictures (UIP),distribution,co0016600,False
United International Pictures (UIP),distribution,co0000994,False
United International Pictures (UIP),distribution,co0074139,False
United International Pictures (UIP),distribution,co0043417,False
United International Pictures (UIP),distribution,co0113995,False
United International Pictures,distribution,co0097402,False
Argentina Video Home,distribution,co0031085,False
Columbia TriStar Home Video,distribution,co0001850,False
Egmont Entertainment,distribution,co0135306,False
Finnkino,distribution,co0014703,False
LK-TEL,distribution,co0003327,False
Miramax Home Entertainment,distribution,co0564364,False
Starz,distribution,co0000869,False
Universal Pictures Home Video,distribution,co0752504,True
Nelonen,distribution,co0029644,False
Cinema Foobio,distribution,co0446627,False
Universal Pictures,distribution,co0005073,True
Universal Pictures Home Entertainment,distribution,co0752505,True
Mainostelevisio (MTV3),distribution,co0069920,False
Sub,distribution,co0260673,False
Universal Pictures Finland,distribution,co0388514,True
Ava,distribution,co0640107,False
TV5,distribution,co0375601,False
Waylen Group,distribution,co0364463,False
Frii,distribution,co0562790,False
Turner Classic Movies (TCM),distribution,co0011489,False
Yleisradio (YLE),distribution,co0013526,False
La5,distribution,co0353928,False
7Bravo,distribution,co0979519,False
CIC Vídeo,distribution,co0080094,False
CIC-Taft Home Video,distribution,co0023596,False
Columbia Home Video,distribution,co0081792,False
Tempesta Films,sales,co0104129,False
Universal Pictures,production,co0005073,True
Miramax,production,co0022594,False
The Bedford Falls Company,production,co0014925,False
The Magic Camera Company,specialEffects,co0050003,False
United Special Effects,specialEffects,co0059264,False
Hyperactive Broadcast,miscellaneous,co0174785,False
AJM Systems,miscellaneous,co0042273,False
AON/Albert G. Ruben Insurance Services,miscellaneous,co0028976,False
ARRI Media,miscellaneous,co0017044,False
Aeroshoot Film Services,miscellaneous,co0078125,False
Air-Edel Associates,miscellaneous,co0003715,False
Angels & Bermans,miscellaneous,co0144250,False
Animals Okay,miscellaneous,co0049330,False
Anvil Post Production,miscellaneous,co0105315,False
BBC Wig Store,miscellaneous,co0113856,False
C.T.S. Studios,miscellaneous,co0055733,False
Cavalier Transport,miscellaneous,co0015556,False
Check In for Business,miscellaneous,co0057802,False
Cine Image Film Opticals,miscellaneous,co0051607,False
Costumi d'Arte,miscellaneous,co0124104,False
Dolby Laboratories,miscellaneous,co0047023,False
Feasible Films,miscellaneous,co0053456,False
Gamba,miscellaneous,co0010647,False
Gioielli L.A.B.A. Roma,miscellaneous,co0022848,False
Hothouse Music,miscellaneous,co0090642,False
Kodak,miscellaneous,co0060825,False
L.C.P. di Pompei,miscellaneous,co0019930,False
Lee Lighting,miscellaneous,co0105122,False
London Editing Machines Ltd.,miscellaneous,co0001364,False
Mad Dog 2020,miscellaneous,co0002463,False
Marquees Over London,miscellaneous,co0113862,False
Midnight Transfer,miscellaneous,co0147671,False
Murray Weissman and Associates,miscellaneous,co0160895,False
Olswang,miscellaneous,co0032687,False
Ray Marston Wig Studio,miscellaneous,co0113863,False
Sapex Scripts,miscellaneous,co0081577,False
Sastreria Cornejo,miscellaneous,co0045265,False
Set Meals,miscellaneous,co0105314,False
Shaun Webb Design,miscellaneous,co0076347,False
Shepperton Sound,miscellaneous,co0113857,False
Shepperton Studios,miscellaneous,co0103344,False
Sony Classical,miscellaneous,co0100585,False
Sylvia Wheeler Film Services,miscellaneous,co0105401,False
Telefilm Video Services,miscellaneous,co0105446,False
The London Session Orchestra,miscellaneous,co0105441,False
The Machine Room,miscellaneous,co0122588,False
Turk Film Services Ltd.,miscellaneous,co0105338,False
Witney Marquees,miscellaneous,co0035439,False
