company_name,company_type,imdb_id
Paramount Pictures,distribution,co0023400
Lucernafilm - Alfa,distribution,co0234169
Paramount Pictures,distribution,co0808354
Paramount Pictures,distribution,co0819892
United International Pictures (UIP),distribution,co0080445
United International Pictures (UIP),distribution,co0016600
United International Pictures (UIP),distribution,co0000994
United International Pictures (UIP),distribution,co0074139
United International Pictures (UIP),distribution,co0110120
United International Pictures (UIP),distribution,co0113995
United International Pictures,distribution,co0097402
Paramount Films of India,distribution,co0318358
Argentina Video Home,distribution,co0031085
CIC Video I/S,distribution,co0108051
CIC Video,distribution,co0021304
CIC Video,distribution,co0210297
CIC Video,distribution,co0106040
CIC Video,distribution,co0089182
CIC Video,distribution,co0565879
CIC-Taft Home Video,distribution,co0145658
DBC Medier,distribution,co0108152
Paramount Home Entertainment,distribution,co0051891
Paramount Home Video,distribution,co1044155
VideoVisa,distribution,co0149423
CIC-Taft Home Video,distribution,co0023596
American Broadcasting Company (ABC),distribution,co0037052
Nelonen,distribution,co0029644
Nine Network Australia,distribution,co0006628
Finnkino,distribution,co0014703
Universal Pictures Home Entertainment,distribution,co0297627
Imperial / Cinepix,distribution,co0254482
Fox-Paramount Home Entertainment,distribution,co0453999
Fox-Paramount Home Entertainment,distribution,co0565880
Imperial / Cinepix Home Entertainment,distribution,co0746854
Nu Metro Home Entertainment,distribution,co0248830
United Home Entertainment,distribution,co0212964
Universal Pictures,distribution,co0063715
Universal Pictures,distribution,co0005073
ABC Family,distribution,co0050794
Warner Home Video,distribution,co0059995
Fox-Paramount Home Entertainment,distribution,co0601119
VIVA,distribution,co0310686
Splendor Films,distribution,co0296065
Universal Pictures Home Entertainment,distribution,co0743251
Freeform,distribution,co0571670
Paramount Pictures,production,co0023400
The Steve Tisch Company,production,co0024369
Wendy Finerman Productions,production,co0004317
Industrial Light & Magic (ILM),specialEffects,co0072491
Alterian,specialEffects,co0113193
Arizona and California Railroad,miscellaneous,co0345712
Atlantic Cine Equipment,miscellaneous,co0172046
BEL.com,miscellaneous,co0170647
CBS News Archives,miscellaneous,co0034034
Capitol Studios,miscellaneous,co0035829
Central Casting (II),miscellaneous,co0228838
Chapman/Leonard Studio Equipment,miscellaneous,co0008022
Children's Television Workshop (CTW),miscellaneous,co0060192
"City of Savannah, Georgia",miscellaneous,co0081670
"City of Varnville, South Carolina",miscellaneous,co0345611
Colony Helicopters,miscellaneous,co0055407
DTS,miscellaneous,co0382601
Daphne Productions Inc.,miscellaneous,co0039366
Deluxe Entertainment Services,miscellaneous,co0226376
Descriptive Video Works,miscellaneous,co0321535
Dick Clark Productions,miscellaneous,co0061493
Digital DTS Sound,miscellaneous,co0655044
Direct Tools & Fasteners,miscellaneous,co0296111
Dolby Laboratories,miscellaneous,co0047023
Dr. Pepper Company (I),miscellaneous,co0057353
Du Art Film Laboratories,miscellaneous,co0574526
Epic Soundtrax,miscellaneous,co0129430
Film Preservation Associates,miscellaneous,co0041591
Fox Movietone News,miscellaneous,co0060257
High Output,miscellaneous,co0082453
Hope Enterprises,miscellaneous,co0008586
Houghton Mifflin Company,miscellaneous,co0043396
International Alliance of Theatrical Stage Employees (IATSE),miscellaneous,co0190210
Lightnin' Production Rentals,miscellaneous,co0041356
Lyndon Baines Johnson Presidential Library,miscellaneous,co0148314
Montana Film Office,miscellaneous,co0091856
Movie Movers,miscellaneous,co0204953
NBC News Archives,miscellaneous,co0031053
National Aeronautics and Space Administration (NASA),miscellaneous,co0031180
National Broadcasting Company (NBC),miscellaneous,co0072315
National Enquirer,miscellaneous,co0184400
Nike,miscellaneous,co0019999
Nina Saxon Film Design,miscellaneous,co0015134
"Nixon Materials Project, National Archives",miscellaneous,co0345711
Pacific Studios II,miscellaneous,co0009149
Pacific Title,miscellaneous,co0001256
Panavision,miscellaneous,co0041930
Playback Technologies,miscellaneous,co0019184
Post Logic Studios,miscellaneous,co0039621
"Recreation and Tourism, Hunting Island State Park",miscellaneous,co0345464
Reeltime Creative,miscellaneous,co0098461
Residents of the Watergate Hotel,miscellaneous,co0345505
Runner's World Magazine,miscellaneous,co0345442
Russell Stover Candy Company,miscellaneous,co0201056
Scarlet Letters,miscellaneous,co0090951
Sherman Grinberg Film Libraries,miscellaneous,co0065159
Skywalker Sound,miscellaneous,co0072003
Sony Pictures Studios,miscellaneous,co0050108
South Carolina Department of Parks,miscellaneous,co0345530
Spectral Recording Dolby Stereo Digital,miscellaneous,co0244642
"Stoney Creek Presbyterian Church in McPhersonville, South Carolina",miscellaneous,co0345729
Streamline Films,miscellaneous,co0080371
THX Ltd.,miscellaneous,co0131611
Technicolor,miscellaneous,co0065861
The Casting Group,miscellaneous,co0000356
The Historic Beaufort Society,miscellaneous,co0345479
The Los Angeles Motion Picture and Television Division,miscellaneous,co0345598
The Residents and Developers of Fripp Island,miscellaneous,co0345393
The South Carolina Film Commission,miscellaneous,co0135907
The Time Incorporated Magazine Company,miscellaneous,co0345522
"The United States Department of Interior, National Park Service",miscellaneous,co0095593
Time,miscellaneous,co0002840
Tony's Food Service,miscellaneous,co0017660
Truck Brokers,miscellaneous,co0494282
UCLA Film and Television Archive,miscellaneous,co0063528
University of South Carolina,miscellaneous,co0138797
Viacom Enterprises,miscellaneous,co0020918
Warriors,miscellaneous,co0090005
