company_name,company_type,imdb_id
Orion Pictures,distribution,co0001995
Columbia TriStar Films,distribution,co0077851
Columbia TriStar Films,distribution,co0003949
Columbia TriStar Films de Argentina,distribution,co0003581
Columbia TriStar Films of Germany,distribution,co0379620
Columbus Film,distribution,co0016688
Finnkino,distribution,co0014703
Kommunenes Filmcentral (KF),distribution,co0015327
Laurenfilm,distribution,co0080682
Orion Pictures International,distribution,co0802347
Rank Film Distributors,distribution,co0040156
Roadshow Films,distribution,co0058792
Spentzos Films,distribution,co0030651
Svensk Filmindustri (SF),distribution,co0050989
Columbia TriStar Home Video,distribution,co0045926
Columbia TriStar Home Video,distribution,co0189864
Egmont Film,distribution,co0371331
Orion Home Video,distribution,co0022845
RCA/Columbia Pictures International Video,distribution,co0128198
Orion Pictures,distribution,co0904692
Syrena Entertainment Group,distribution,co0135461
LK-TEL,distribution,co0003327
RCA/Columbia Pictures Video,distribution,co0252452
VideoVisa,distribution,co0149423
Columbia TriStar Home Video,distribution,co1103837
MTV3,distribution,co1039885
Philips,distribution,co0079136
The Criterion Collection,distribution,co0044076
CBS,distribution,co0070627
Chapel Distribution,distribution,co0258711
Image Entertainment,distribution,co0013585
Future Film,distribution,co0079555
Lifetime Network,distribution,co0124433
MGM Home Entertainment,distribution,co0015461
Warner Home Video,distribution,co0059995
MGM Home Entertainment,distribution,co1085333
Nelonen,distribution,co0029644
Alamode Film,distribution,co0028075
Cecchi Gori Home Video,distribution,co0112177
FS Film,distribution,co0363592
Columbia TriStar Home Entertainment,distribution,co0213457
Gativideo,distribution,co0044350
20th Century Fox Home Entertainment,distribution,co0751509
Sony Pictures Home Entertainment,distribution,co0137851
20th Century Fox Home Entertainment,distribution,co0010224
20th Century Fox Home Entertainment,distribution,co0280047
20th Century Fox Home Entertainment,distribution,co0063964
Sub,distribution,co0260673
Film1,distribution,co0313320
Hero,distribution,co0514158
Net5,distribution,co0115441
Fox,distribution,co0771707
Ciné-Sorbonne,distribution,co0258686
9Gem,distribution,co0781000
Warner Bros. Home Entertainment,distribution,co0200179
Metro Goldwyn Mayer,distribution,co0774691
ARTE,distribution,co0164664
ARTE,distribution,co0014456
20th Century Fox Home Entertainment,distribution,co0150813
Cinemax,distribution,co0042496
Columbia TriStar Home Video,distribution,co1103831
Gaga,distribution,co0004745
Humax Pictures,distribution,co0039797
I Grandi Film Di Panorama,distribution,co1071104
RCA/Columbia-Hoyts Home Video,distribution,co0057923
Strong Heart/Demme Production,production,co0165563
Orion Pictures,production,co0001995
"146th Tactical Airlift Wing, Channel Islands Air National Guard Base, Port Hueneme, California",miscellaneous,co0372221
"171st Air Refueling Wing, Greater Pittsburgh National Airport, Pittsburgh, PA",miscellaneous,co0372101
AON/Albert G. Ruben Insurance Services,miscellaneous,co0028976
Air National Guard,miscellaneous,co0372408
Allegheny County Soldiers and Sailors Memorial Hall,miscellaneous,co0372056
Bahamas Film Promotion Bureau,miscellaneous,co0372430
Behavorial Science Unit,miscellaneous,co0372483
Breakdown Leathers,miscellaneous,co0372229
Bufa's,miscellaneous,co0372203
C5,miscellaneous,co0007604
Carnegie Museum of Natural History,miscellaneous,co0196686
Cerruti,miscellaneous,co0296919
Cine / Exec Aviation,miscellaneous,co0372241
City of Pittsburgh,miscellaneous,co0143365
Department of Defense,miscellaneous,co0050471
Dolby Laboratories,miscellaneous,co0047023
"Driver and Officials of Teamsters Local 839, Washington, DC",miscellaneous,co0372019
Federal Bureau of Investigation (FBI),miscellaneous,co0094664
General Camera Corporation,miscellaneous,co0012863
IATSE Local 3,miscellaneous,co0372218
International Alliance of Theatrical Stage Employees (IATSE),miscellaneous,co0190210
"Island of Bimini, Bahamas",miscellaneous,co0372348
J.G. Films,miscellaneous,co0045593
Les Freres Parent,miscellaneous,co0372184
M & Co.,miscellaneous,co0072717
MCA Records,miscellaneous,co0042246
Munich Symphony Orchestra,miscellaneous,co0029466
Nikon,miscellaneous,co0071398
Orion Pictures,miscellaneous,co0001995
Panavision,miscellaneous,co0041930
Pennsylvania Film Bureau,miscellaneous,co0372406
Quartet Records,miscellaneous,co0408070
R/Greenberg Associates,miscellaneous,co0072943
Sound One Corporation,miscellaneous,co0051002
The Erickson Agency,miscellaneous,co0111075
The International Brotherhood of Teamsters,miscellaneous,co0372012
"The Mayor's Office of Television and Film Development, Washington, D.C.",miscellaneous,co0294573
"Town of Rural Valley, PA",miscellaneous,co0372162
Virginia Film Office,miscellaneous,co0041185
