company_name,company_type,imdb_id,is_major_studio
Gramercy Pictures (I),distribution,co0018555,False
Alliance,distribution,co0005584,False
Ascot Elite Entertainment Group,distribution,co0102291,False
Concorde-Castle Rock/Turner,distribution,co0134695,False
PolyGram Film Distribution,distribution,co0016346,False
PolyGram Filmed Entertainment Distribution,distribution,co0189800,False
Polygram Filmed Entertainment,distribution,co0030612,False
SF Studio,distribution,co0832342,False
Sogepaq Distribución,distribution,co0031649,False
Svensk Filmindustri (SF),distribution,co0050989,False
Vitória Filmes,distribution,co0107988,False
Finnkino,distribution,co0014703,False
PolyGram Video,distribution,co0044762,False
Becker Entertainment,distribution,co0046560,False
Chapel Distribution,distribution,co0258711,False
Elliniki Kinimatografiki Enosi (ELKE),distribution,co0001933,False
Lider Films,distribution,co0317505,False
Concorde Video,distribution,co0198993,False
Gativideo,distribution,co0044350,False
PolyGram Video,distribution,co0189842,False
Videomax,distribution,co0357598,False
20th Century Fox India,distribution,co0092296,True
Concorde Home Entertainment,distribution,co0003079,False
Home Video Hellas (HVH),distribution,co0048760,False
TNT,distribution,co0009512,False
Channel Four,distribution,co0159436,False
MGM Home Entertainment,distribution,co0015461,True
Nelonen,distribution,co0029644,False
TBS Superstation,distribution,co0183474,False
Warner Home Video,distribution,co0059995,False
20th Century Fox Home Entertainment,distribution,co0918688,True
FS Film,distribution,co0363592,False
20th Century Fox Home Entertainment,distribution,co0063964,True
20th Century Fox Home Entertainment,distribution,co0010224,True
20th Century Fox Home Entertainment,distribution,co0280047,True
De Volkskrant,distribution,co0233896,False
Film1,distribution,co0313320,False
Ciné-Sorbonne,distribution,co0258686,False
Shout! Factory,distribution,co0110208,False
Warner Bros. Home Entertainment,distribution,co0200179,True
9Go!,distribution,co0735534,False
Summer Classics,distribution,co0759562,False
Shout Select,distribution,co0950058,False
Shout! Studios,distribution,co0692223,False
20th Century Fox Home Entertainment,distribution,co0150813,True
Capelight Pictures,distribution,co0151501,False
Columbia TriStar Home Video,distribution,co0045926,False
MUBI,distribution,co0379523,False
Rizzoli Corriere della Sera Home Video (RCS),distribution,co0027130,False
Top Tape,distribution,co0001669,False
Polygram Filmed Entertainment,production,co0030612,False
Working Title Films,production,co0057311,False
Sturm's Special Effects International,specialEffects,co0011533,False
The Computer Film Company (CFC),specialEffects,co0105094,False
Albinsons,miscellaneous,co0042872,False
Arriflex,miscellaneous,co0720906,False
Balsmeyer and Everett,miscellaneous,co0007386,False
C5,miscellaneous,co0007604,False
Cannes Film Festival,miscellaneous,co0034345,False
City of Edina,miscellaneous,co0355020,False
City of St. Paul,miscellaneous,co0251544,False
Costumes and Creatures,miscellaneous,co0036693,False
Entertainment Motion Picture Catering,miscellaneous,co0018353,False
Helly-Hansen,miscellaneous,co0020971,False
International Alliance of Theatrical Stage Employees (IATSE),miscellaneous,co0190210,False
International Film Guarantors,miscellaneous,co0024538,False
Juniper Post,miscellaneous,co0058811,False
Minnesota Department of Transportation,miscellaneous,co0143903,False
Minnesota Film Board,miscellaneous,co0044560,False
Municipal Parking Inc.,miscellaneous,co0036681,False
N&D Film and Video,miscellaneous,co0016427,False
North Dakota Film Commission,miscellaneous,co0053047,False
Otto Nemenz International,miscellaneous,co0018437,False
Paskal Lighting,miscellaneous,co0068465,False
"Pembina County, North Dakota",miscellaneous,co0354969,False
Polaris Industries,miscellaneous,co0073440,False
RHH/Albert G. Ruben Insurance Services,miscellaneous,co0079457,False
Rescue Resources,miscellaneous,co0066495,False
Rollins Hudig Hall,miscellaneous,co0105410,False
Sapex Scripts,miscellaneous,co0081577,False
Sound One Corporation,miscellaneous,co0051002,False
Spectral Recording Dolby Stereo Digital,miscellaneous,co0244642,False
Sureway Air Express,miscellaneous,co0022880,False
The City of Minneapolis,miscellaneous,co0010157,False
The Computer Film Company (CFC),miscellaneous,co0105094,False
The Effects House,miscellaneous,co0064826,False
Wow & Flutter,miscellaneous,co0026730,False
