company_name,company_type,imdb_id
DreamWorks Distribution,distribution,co0067641
United International Pictures (UIP),distribution,co0074139
Universal Pictures,distribution,co0005073
Bontonfilm,distribution,co0033954
Ist-Vest,distribution,co0620013
Myndform,distribution,co0039862
Paramount Films of India,distribution,co0318358
United International Pictures (UIP),distribution,co0125155
United International Pictures (UIP),distribution,co0012851
United International Pictures (UIP),distribution,co0080445
United International Pictures (UIP),distribution,co0016600
United International Pictures (UIP),distribution,co0000994
United International Pictures (UIP),distribution,co0175527
United International Pictures (UIP),distribution,co0128218
United International Pictures (UIP),distribution,co0110120
United International Pictures (UIP),distribution,co0043417
United International Pictures (UIP),distribution,co0113995
United International Pictures,distribution,co0097402
Universal Pictures,distribution,co0840675
Argentina Video Home,distribution,co0031085
CIC Video,distribution,co0308863
Columbia TriStar Home Video,distribution,co0045926
Columbia TriStar Home Video,distribution,co0942169
Columbia TriStar Home Video,distribution,co1092031
Columbia TriStar Home Video,distribution,co0942170
Columbia TriStar Home Video,distribution,co0189864
DreamWorks Home Entertainment,distribution,co0299243
DreamWorks Home Entertainment,distribution,co0027541
Egmont Entertainment,distribution,co0135306
Gaumont/Columbia TriStar Home Video,distribution,co0108034
Nordisk Film,distribution,co0137854
Universal Home Entertainment,distribution,co0110681
Universal Pictures Home Entertainment,distribution,co0388893
Universal Pictures Home Video,distribution,co0180647
Universal Pictures Video,distribution,co0824421
Universal Studios Home Video,distribution,co0295614
United International Pictures (UIP),distribution,co0173912
Viva International Pictures,distribution,co0220551
DBC Medier,distribution,co0108152
Nordisk Film,distribution,co0060132
Universal Home Entertainment,distribution,co0121774
Universal Pictures Home Entertainment,distribution,co0752505
Universal Pictures Home Video,distribution,co0752504
Universal Pictures Video,distribution,co0117467
Warner Home Video,distribution,co0505091
Svenska Filminstitutet (SFI),distribution,co0048118
American Broadcasting Company (ABC),distribution,co0037052
Columbia TriStar Home Entertainment,distribution,co0182605
Columbia TriStar Home Entertainment,distribution,co0393411
Columbia TriStar Home Entertainment,distribution,co0213457
MTV3,distribution,co1039885
Veronica,distribution,co0023299
Universal Pictures Spain,distribution,co0055622
Universal Pictures Video,distribution,co0824435
Universal Pictures Video,distribution,co0824424
SubTV,distribution,co0102030
Universal Pictures Finland,distribution,co0388514
CBS Paramount Domestic Television,distribution,co0170466
Paramount,distribution,co0858764
Paramount Home Entertainment,distribution,co0051891
Universal Pictures Russia,distribution,co0184745
DreamWorks Pictures,production,co0819670
Universal Pictures,production,co0005073
Scott Free Productions,production,co0074212
Mill Film,production,co0105108
C & L,production,co0335516
Dawliz,production,co0335559
Lee Lighting,specialEffects,co0105122
Lola Post Production,specialEffects,co0026155
Digiscope,specialEffects,co0004771
FBFX,specialEffects,co0149164
Mill Film,specialEffects,co0105108
The Visual Effects Company,specialEffects,co0135160
Shepperton Studios,miscellaneous,co0103344
1st Unit Caterering,miscellaneous,co0031256
Aimimage / Ice Film,miscellaneous,co0331318
Air Lyndhurst Studios,miscellaneous,co0137663
Air-Edel Associates,miscellaneous,co0003715
AudioMotion,miscellaneous,co0020681
Avid,miscellaneous,co0699300
Beyond Post Production,miscellaneous,co0509172
Bluwave Audio,miscellaneous,co0158950
C.& L. Co. Limited,miscellaneous,co0064982
Camera Revolution,miscellaneous,co0008680
Carozze D'Epoca,miscellaneous,co0164842
"Dawliz S.A., Casablanca",miscellaneous,co0000054
Deluxe Digital Studios,miscellaneous,co0133840
Digiscope,miscellaneous,co0004771
Digital DTS Sound,miscellaneous,co0655044
Dolby Digital,miscellaneous,co0369281
Dolby Laboratories,miscellaneous,co0047023
Falco Ink.,miscellaneous,co0081687
Goverment of Morocco,miscellaneous,co0171519
International Alliance of Theatrical Stage Employees (IATSE),miscellaneous,co0190210
Joe Dunton & Company,miscellaneous,co0168130
Kodak,miscellaneous,co0060825
Kona Cutting,miscellaneous,co0034884
L.A. Mad Dogs,miscellaneous,co0030925
Lee Lighting,miscellaneous,co0105122
Lucasfilm THX / TAP Theater Alignment Program,miscellaneous,co0172511
Mad Dog 2020,miscellaneous,co0002463
Media Ventures,miscellaneous,co0016836
Mestiere Cinema,miscellaneous,co0123767
Midnight Transfer,miscellaneous,co0147671
Modern VideoFilm,miscellaneous,co0072759
On Set Location Services,miscellaneous,co0159973
One Step Up,miscellaneous,co0010765
Pacific Studios II,miscellaneous,co0009149
Pacific Title,miscellaneous,co0001256
Panavision,miscellaneous,co0041930
"People of Farnham, Surrey, United Kingdom",miscellaneous,co0171542
People of Morocco,miscellaneous,co0171558
Predators in Action,miscellaneous,co0072119
Representation Upson Edwards,miscellaneous,co0204666
SDDS Sony Dynamic Digital Sound,miscellaneous,co0382783
Sabron Payroll Services,miscellaneous,co0109739
Scarlet Letters,miscellaneous,co0090951
Set Meals,miscellaneous,co0105314
Soundelux,miscellaneous,co0082400
South East England Forest District,miscellaneous,co0171538
The Decca Record Company,miscellaneous,co0103697
The Movie Lot,miscellaneous,co0225866
Todd-AO Studios (West),miscellaneous,co0070092
Vine Street Studios,miscellaneous,co0005594
