company_name,company_type,imdb_id,is_major_studio
DreamWorks Distribution,distribution,co0067641,False
United International Pictures (UIP),distribution,co0074139,False
Paramount Films of India,distribution,co0318358,False
United International Pictures (UIP),distribution,co0262438,False
United International Pictures (UIP),distribution,co0125155,False
United International Pictures (UIP),distribution,co0012851,False
United International Pictures (UIP),distribution,co0000994,False
United International Pictures (UIP),distribution,co0175527,False
United International Pictures (UIP),distribution,co0110120,False
United International Pictures,distribution,co0097402,False
DreamWorks Home Entertainment,distribution,co0299243,False
DreamWorks Home Entertainment,distribution,co0289670,False
DreamWorks Home Entertainment,distribution,co0397133,False
DreamWorks Home Entertainment,distribution,co0027541,False
Prem'er Video Fil'm,distribution,co0095832,False
Universal Pictures Video,distribution,co0219620,True
Argentina Video Home,distribution,co0031085,False
Universal Pictures Video,distribution,co0824421,True
Universal Studios Home Video,distribution,co0842674,False
American Broadcasting Company (ABC),distribution,co0037052,False
Sony Pictures Releasing,distribution,co0052145,True
Universal Pictures,distribution,co0137262,True
Paramount Home Entertainment,distribution,co0051891,False
Paramount Channel,distribution,co0591004,False
CIC Vídeo,distribution,co0080094,False
Filmes Lusomundo,distribution,co0012065,False
I Grandi Film Di Panorama,distribution,co1071104,False
Paramount Pictures,distribution,co0023400,True
Univideo,distribution,co0348974,False
DreamWorks Pictures,production,co0819670,False
Jinks/Cohen Company,production,co0021095,False
CFC/MVFX,specialEffects,co0005671,False
Pacific Title,specialEffects,co0001256,False
Executive Assurance,miscellaneous,co0061632,False
AVID Technology,miscellaneous,co0059739,False
American Humane Association,miscellaneous,co0069003,False
Chapman/Leonard Studio Equipment,miscellaneous,co0008022,False
D.E.S.,miscellaneous,co0087927,False
Deluxe Catering,miscellaneous,co0115325,False
Deluxe Entertainment Services,miscellaneous,co0226376,False
Digital DTS Sound,miscellaneous,co0655044,False
Dolby Digital,miscellaneous,co0369281,False
DreamWorks Records,miscellaneous,co0126930,False
DreamWorks Studios,miscellaneous,co0252576,False
E=mc²,miscellaneous,co0039760,False
Eastman Film,miscellaneous,co0186886,False
Falco Ink.,miscellaneous,co0081687,False
IVC,miscellaneous,co0061479,False
International Alliance of Theatrical Stage Employees (IATSE),miscellaneous,co0190210,False
Kona Cutting,miscellaneous,co0034884,False
L.A. Mad Dogs,miscellaneous,co0030925,False
Lucasfilm THX / TAP Theater Alignment Program,miscellaneous,co0172511,False
Pacific Title/Mirage,miscellaneous,co0045986,False
Panavision,miscellaneous,co0041930,False
Peter Rotter Music Services,miscellaneous,co0389895,False
Rockbottom Rentals,miscellaneous,co0208516,False
SDDS Sony Dynamic Digital Sound,miscellaneous,co0382783,False
Sabron Payroll Services,miscellaneous,co0109739,False
Signet Soundelux Studios,miscellaneous,co0011537,False
Technicolor,miscellaneous,co0065861,False
The Donmar Warehouse,miscellaneous,co0125882,False
Todd-AO Studios,miscellaneous,co0016792,False
Toronto International Film Festival,miscellaneous,co0047102,False
