company_name,company_type,imdb_id,is_major_studio
Twentieth Century Fox,distribution,co0000756,False
20th Century Fox Argentina,distribution,co0007180,True
20th Century Fox Korea,distribution,co0853216,True
20th Century Fox Uruguay,distribution,co0368661,True
20th Century Fox,distribution,co0010685,True
20th Century Fox,distribution,co0931863,True
20th Century Fox de Chile,distribution,co0270675,True
Twentieth Century Fox,distribution,co0711817,False
Twentieth Century Fox,distribution,co0826899,False
20th Century Fox Australia,distribution,co0063989,True
20th Century Fox España,distribution,co0368892,True
20th Century Fox Netherlands,distribution,co0078923,True
20th Century Fox New Zealand,distribution,co0379300,True
20th Century Fox Norway,distribution,co0148451,True
20th Century Fox Sweden,distribution,co0380710,True
20th Century Fox,distribution,co0952616,True
20th Century Fox,distribution,co0943364,True
Columbia TriStar Egmont Film Distributors,distribution,co0035705,False
Columbia TriStar Fox Films,distribution,co1021830,False
Filmes Castello Lopes,distribution,co0049459,False
Gemini Film,distribution,co1028855,False
Gemini Kinomir,distribution,co0005876,False
Hispano Foxfilms S.A.E.,distribution,co0000956,False
Kommunenes Filmcentral (KF),distribution,co0015327,False
Twentieth Century Fox,distribution,co0937474,False
Twentieth Century Fox,distribution,co0937473,False
UGC-Fox Distribution (UFD),distribution,co0055795,False
20th Century Fox Home Entertainment,distribution,co0150813,True
20th Century Fox Home Entertainment,distribution,co0280047,True
20th Century Fox Home Entertainment,distribution,co0063964,True
20th Century Fox Home Entertainment,distribution,co0010224,True
20th Century Fox Home Entertainment,distribution,co0751509,True
20th Century Fox Home Entertainment,distribution,co0918688,True
Abril Vídeo,distribution,co0057299,False
Finnkino,distribution,co0014703,False
Gativideo,distribution,co0044350,False
Pay Per View,distribution,co0074433,False
Fox Network,distribution,co0070925,False
FS Film,distribution,co0363592,False
MTV3,distribution,co1039885,False
Disney Channel,distribution,co0022105,False
Gemini Film,distribution,co0067533,False
20th Century Fox CIS,distribution,co0209782,True
Gemini Distribution,distribution,co1028856,False
Movie Magic,distribution,co1098817,False
Noviy Disk,distribution,co0348042,False
Film1,distribution,co0313320,False
Splendor Films,distribution,co0296065,False
BYUtv,distribution,co0353891,False
Discovery Family Channel,distribution,co0500808,False
Disney+,distribution,co0721120,False
Walt Disney Studios,distribution,co0059516,True
HBO Max,distribution,co0754095,False
Discovery Force Channel,distribution,co0981653,False
Discovery Toons,distribution,co0981669,False
Twentieth Century Fox,production,co0000756,False
Fox Animation Studios,production,co0043064,False
Twentieth Century Fox Animation,production,co0179259,False
Fox Family Films,production,co0049229,False
The Big Gun Project,production,co0218208,False
20th Century Fox Studios,miscellaneous,co0096253,True
Air-Edel Associates,miscellaneous,co0003715,False
American Federation of Musicians (AFM),miscellaneous,co0091005,False
Atlantic Records,miscellaneous,co0136813,False
Bardel Entertainment,miscellaneous,co0111280,False
Buena Vista Sound,miscellaneous,co0060491,False
Canuck Creations,miscellaneous,co0226848,False
Cel Animation Software,miscellaneous,co0226766,False
Chanel,miscellaneous,co0097935,False
Character Builders,miscellaneous,co0007932,False
CinemaScope,miscellaneous,co0377146,False
Cinesite (Hollywood),miscellaneous,co0052001,False
Ciprico,miscellaneous,co0226841,False
Digital DTS Sound,miscellaneous,co0655044,False
Dolby Digital,miscellaneous,co0369281,False
Dynomight Cartoons,miscellaneous,co0001919,False
Fox Interactive,miscellaneous,co0009425,False
Fox Studio Lot,miscellaneous,co0907670,False
Harper Collins Publishers,miscellaneous,co0044472,False
Hollywood Film & Video,miscellaneous,co0093243,False
Hollywood Studio Symphony,miscellaneous,co0063116,False
International Alliance of Theatrical Stage Employees (IATSE),miscellaneous,co0190210,False
JoAnn Kane Music Service,miscellaneous,co0037460,False
Leppi Publications,miscellaneous,co0226855,False
Little Wolf Entertainment,miscellaneous,co0226805,False
Lucasfilm THX / TAP Theater Alignment Program,miscellaneous,co0172511,False
M5 Studios,miscellaneous,co0061449,False
Michael Mills Productions,miscellaneous,co0197568,False
Monster Productions,miscellaneous,co0296623,False
Motion Picture Sound Editors,miscellaneous,co0316577,False
Persuasiva,miscellaneous,co0150580,False
Phoenix Film Office,miscellaneous,co0091849,False
Prime Dubb,miscellaneous,co1041702,False
SDDS Sony Dynamic Digital Sound,miscellaneous,co0382783,False
Signet Soundelux Studios,miscellaneous,co0011537,False
Silicon Graphics,miscellaneous,co0031581,False
Skywalker Sound,miscellaneous,co0072003,False
Sony Pictures Studios,miscellaneous,co0050108,True
Sony Scoring Stage,miscellaneous,co0007959,False
THX Ltd.,miscellaneous,co0131611,False
Technicolor Sound Services,miscellaneous,co0080402,False
Technicolor,miscellaneous,co0065861,False
The Hit Factory,miscellaneous,co0025992,False
The Loop Group,miscellaneous,co0052012,False
The Village Recorder,miscellaneous,co0023935,False
"Twentieth Century-Fox Studios, Hollywood",miscellaneous,co0062283,False
Uli Meyer Features,miscellaneous,co0488849,False
Weddington Productions,miscellaneous,co0031584,False
