company_name,company_type,imdb_id,is_major_studio
Cascade Film,distribution,co0006894,False
Columbia TriStar Egmont Film Distributors,distribution,co0035705,False
Columbia TriStar Film,distribution,co0060005,False
Columbia TriStar Film,distribution,co0382315,False
Columbia TriStar Films AB,distribution,co0005726,False
Columbia TriStar Films Italia,distribution,co0815627,False
Columbia TriStar Films,distribution,co0077851,False
Columbia TriStar Films,distribution,co0613324,False
Columbia TriStar Films,distribution,co0152638,False
Columbia TriStar Films,distribution,co0003949,False
Columbia TriStar Films de Argentina,distribution,co0003581,False
Columbia TriStar Films de España,distribution,co0057443,False
Columbia Tristar Films of India,distribution,co0774471,False
7Mate,distribution,co0390891,False
7flix,distribution,co0776428,False
Columbia TriStar Domestic Television,distribution,co0009297,False
Columbia TriStar Home Entertainment,distribution,co0225408,False
Columbia TriStar Home Entertainment,distribution,co0720168,False
Columbia TriStar Home Video,distribution,co1103831,False
Columbia TriStar Home Video,distribution,co0942169,False
Columbia TriStar Home Video,distribution,co0189864,False
Columbia TriStar Home Video,distribution,co0001850,False
Columbia TriStar Television,distribution,co0074221,False
ETV (Eesti Televisioon),distribution,co0089382,False
Egmont Film,distribution,co0031483,False
GoldMax,distribution,co0600942,False
LK-TEL,distribution,co0003327,False
National Broadcasting Company (NBC),distribution,co0072315,False
Netflix,distribution,co0144901,True
Paramount Channel,distribution,co0591004,False
Pay Per View,distribution,co0074433,False
Seven Network,distribution,co0061229,False
Sony Pictures Home Entertainment,distribution,co1034913,True
Sony Pictures Home Entertainment,distribution,co0769046,True
Sony Pictures Home Entertainment,distribution,co0802091,True
Sony Pictures Home Entertainment,distribution,co0765733,True
Sony Pictures Home Entertainment,distribution,co0795863,True
Sony Pictures Television,distribution,co0086397,True
TBS Superstation,distribution,co0183474,False
Twilight Time,distribution,co0478467,False
TriStar Pictures,production,co0005883,False
Gracie Films,production,co0035761,False
Animal Makers,specialEffects,co0038214,False
Buena Vista Imaging,specialEffects,co0069528,False
Caliban Filmworks,specialEffects,co0078410,False
Sony Pictures Imageworks (SPI),specialEffects,co0042679,True
American Humane Association,miscellaneous,co0069003,False
Birds & Animals Unlimited,miscellaneous,co0030240,False
Central Casting,miscellaneous,co0033524,False
Cerruti 1881,miscellaneous,co0047528,False
Chapman/Leonard Studio Equipment,miscellaneous,co0008022,False
Columbia Records,miscellaneous,co0064761,False
Digital Editing Solutions Inc.,miscellaneous,co0030661,False
Direct Tools & Fasteners,miscellaneous,co0296111,False
Dolby,miscellaneous,co0658989,False
Film Art,miscellaneous,co0036548,False
JoAnn Kane Music Service,miscellaneous,co0037460,False
Lightnin' Production Rentals,miscellaneous,co0041356,False
Lucasfilm THX / TAP Theater Alignment Program,miscellaneous,co0172511,False
Media Ventures,miscellaneous,co0016836,False
Michelson Food Services,miscellaneous,co0038162,False
Music Services,miscellaneous,co0025253,False
New York Public Library,miscellaneous,co0028974,False
Pacific Title,miscellaneous,co0001256,False
Panavision,miscellaneous,co0041930,False
SDDS Sony Dynamic Digital Sound,miscellaneous,co0382783,False
Sony Digital Picture Editorial,miscellaneous,co0026328,False
Sony Pictures Releasing,miscellaneous,co0026545,True
Sound Dogs,miscellaneous,co0024360,False
Technicolor,miscellaneous,co0065861,False
The OC Foundation of California,miscellaneous,co0393928,False
The Obsessive-Compulsive Foundation of California,miscellaneous,co0387205,False
Todd-AO Studios,miscellaneous,co0016792,False
Truck Brokers,miscellaneous,co0494282,False
Video Image,miscellaneous,co0045965,False
Wescam USA,miscellaneous,co0017981,False
