company_name,company_type,imdb_id
Twentieth Century Fox,distribution,co0000756
20th Century Fox Argentina,distribution,co0007180
20th Century Fox Korea,distribution,co0853216
20th Century Fox Uruguay,distribution,co0368661
20th Century Fox,distribution,co0010685
20th Century Fox,distribution,co0931863
20th Century Fox de Chile,distribution,co0270675
Twentieth Century Fox,distribution,co0711817
Twentieth Century Fox,distribution,co0826899
20th Century Fox Australia,distribution,co0063989
20th Century Fox España,distribution,co0368892
20th Century Fox Netherlands,distribution,co0078923
20th Century Fox New Zealand,distribution,co0379300
20th Century Fox Norway,distribution,co0148451
20th Century Fox Sweden,distribution,co0380710
20th Century Fox,distribution,co0952616
20th Century Fox,distribution,co0943364
Columbia TriStar Egmont Film Distributors,distribution,co0035705
Columbia TriStar Fox Films,distribution,co1021830
Filmes Castello Lopes,distribution,co0049459
Gemini Film,distribution,co1028855
Gemini Kinomir,distribution,co0005876
Hispano Foxfilms S.A.E.,distribution,co0000956
Kommunenes Filmcentral (KF),distribution,co0015327
Twentieth Century Fox,distribution,co0937474
Twentieth Century Fox,distribution,co0937473
UGC-Fox Distribution (UFD),distribution,co0055795
20th Century Fox Home Entertainment,distribution,co0150813
20th Century Fox Home Entertainment,distribution,co0280047
20th Century Fox Home Entertainment,distribution,co0063964
20th Century Fox Home Entertainment,distribution,co0010224
20th Century Fox Home Entertainment,distribution,co0751509
20th Century Fox Home Entertainment,distribution,co0918688
Abril Vídeo,distribution,co0057299
Finnkino,distribution,co0014703
Gativideo,distribution,co0044350
Pay Per View,distribution,co0074433
Fox Network,distribution,co0070925
FS Film,distribution,co0363592
MTV3,distribution,co1039885
Disney Channel,distribution,co0022105
Gemini Film,distribution,co0067533
20th Century Fox CIS,distribution,co0209782
Gemini Distribution,distribution,co1028856
Movie Magic,distribution,co1098817
Noviy Disk,distribution,co0348042
Film1,distribution,co0313320
Splendor Films,distribution,co0296065
BYUtv,distribution,co0353891
Discovery Family Channel,distribution,co0500808
Disney+,distribution,co0721120
Walt Disney Studios,distribution,co0059516
HBO Max,distribution,co0754095
Discovery Force Channel,distribution,co0981653
Discovery Toons,distribution,co0981669
Twentieth Century Fox,production,co0000756
Fox Animation Studios,production,co0043064
Twentieth Century Fox Animation,production,co0179259
Fox Family Films,production,co0049229
The Big Gun Project,production,co0218208
20th Century Fox Studios,miscellaneous,co0096253
Air-Edel Associates,miscellaneous,co0003715
American Federation of Musicians (AFM),miscellaneous,co0091005
Atlantic Records,miscellaneous,co0136813
Bardel Entertainment,miscellaneous,co0111280
Buena Vista Sound,miscellaneous,co0060491
Canuck Creations,miscellaneous,co0226848
Cel Animation Software,miscellaneous,co0226766
Chanel,miscellaneous,co0097935
Character Builders,miscellaneous,co0007932
CinemaScope,miscellaneous,co0377146
Cinesite (Hollywood),miscellaneous,co0052001
Ciprico,miscellaneous,co0226841
Digital DTS Sound,miscellaneous,co0655044
Dolby Digital,miscellaneous,co0369281
Dynomight Cartoons,miscellaneous,co0001919
Fox Interactive,miscellaneous,co0009425
Fox Studio Lot,miscellaneous,co0907670
Harper Collins Publishers,miscellaneous,co0044472
Hollywood Film & Video,miscellaneous,co0093243
Hollywood Studio Symphony,miscellaneous,co0063116
International Alliance of Theatrical Stage Employees (IATSE),miscellaneous,co0190210
JoAnn Kane Music Service,miscellaneous,co0037460
Leppi Publications,miscellaneous,co0226855
Little Wolf Entertainment,miscellaneous,co0226805
Lucasfilm THX / TAP Theater Alignment Program,miscellaneous,co0172511
M5 Studios,miscellaneous,co0061449
Michael Mills Productions,miscellaneous,co0197568
Monster Productions,miscellaneous,co0296623
Motion Picture Sound Editors,miscellaneous,co0316577
Persuasiva,miscellaneous,co0150580
Phoenix Film Office,miscellaneous,co0091849
Prime Dubb,miscellaneous,co1041702
SDDS Sony Dynamic Digital Sound,miscellaneous,co0382783
Signet Soundelux Studios,miscellaneous,co0011537
Silicon Graphics,miscellaneous,co0031581
Skywalker Sound,miscellaneous,co0072003
Sony Pictures Studios,miscellaneous,co0050108
Sony Scoring Stage,miscellaneous,co0007959
THX Ltd.,miscellaneous,co0131611
Technicolor Sound Services,miscellaneous,co0080402
Technicolor,miscellaneous,co0065861
The Hit Factory,miscellaneous,co0025992
The Loop Group,miscellaneous,co0052012
The Village Recorder,miscellaneous,co0023935
"Twentieth Century-Fox Studios, Hollywood",miscellaneous,co0062283
Uli Meyer Features,miscellaneous,co0488849
Weddington Productions,miscellaneous,co0031584
