company_name,company_type,imdb_id
Columbia Pictures,distribution,co0050868
Sony Pictures Releasing,distribution,co0026545
Chapel Distribution,distribution,co0258711
Columbia TriStar Films AB,distribution,co0005726
Columbia TriStar Films,distribution,co0003949
Columbia TriStar Films de Argentina,distribution,co0003581
Concorde-Castle Rock/Turner,distribution,co0134695
Filmayer-Castle Rock-Turner S.A.,distribution,co0134697
Monopole-Pathé,distribution,co0004366
Rank Film Distributors,distribution,co0040156
UGC PH,distribution,co0290057
West Video,distribution,co0029548
SF Norge A/S,distribution,co0002093
Columbia TriStar Home Video,distribution,co0942169
Columbia TriStar Home Video,distribution,co0942170
Columbia TriStar Home Video,distribution,co0001850
LK-TEL,distribution,co0003327
Finnkino,distribution,co0014703
Columbia TriStar Home Video,distribution,co0189864
TBS Superstation,distribution,co0183474
TNT,distribution,co0009512
Warner Home Video,distribution,co0059995
Yleisradio (YLE),distribution,co0013526
Warner Home Video,distribution,co0918687
Warner Home Video,distribution,co1017479
HBO Max,distribution,co0754095
Castle Rock Entertainment,production,co0040620
Turner Pictures (I),production,co0045447
Fishmonger Films,production,co0078259
Carter White Effects,specialEffects,co0097745
Moving Picture Company (MPC),specialEffects,co0016492
ReelEye Company,specialEffects,co0189349
Snow Business International,specialEffects,co0127910
The Computer Film Company (CFC),specialEffects,co0105094
The Magic Camera Company,specialEffects,co0050003
Shepperton Studios,miscellaneous,co0103344
1st Unit Caterering,miscellaneous,co0031256
AIR Studios,miscellaneous,co0105248
Aerial Camera Systems,miscellaneous,co0309567
Air-Edel Associates,miscellaneous,co0003715
Angels & Bermans,miscellaneous,co0144250
Capital Ambulance & Paramedic Service,miscellaneous,co0639441
Chatto and Windus,miscellaneous,co0810771
Corbett & Keene,miscellaneous,co0105365
Corniche Travel Int,miscellaneous,co0934370
Cosprop,miscellaneous,co0105378
Costumi d'Arte,miscellaneous,co0124104
Edit Hire Post Production Services,miscellaneous,co0153037
Film Unit Drivers Guild,miscellaneous,co0217112
Head To Toe Theatre Company,miscellaneous,co0934371
Kodak,miscellaneous,co0060825
Lays International,miscellaneous,co0105453
Lee Lighting,miscellaneous,co0105122
Location Facilities,miscellaneous,co0105320
Lucasfilm THX / TAP Theater Alignment Program,miscellaneous,co0172511
Mad Dog 2020,miscellaneous,co0002463
Media Film Services,miscellaneous,co0105368
Ray Knight Casting,miscellaneous,co0057508
Reeltime Creative,miscellaneous,co0098461
SDDS Sony Dynamic Digital Sound,miscellaneous,co0382783
Sapex Scripts,miscellaneous,co0081577
Sec Fire and Rescue Ltd.,miscellaneous,co0024199
Sony Classical,miscellaneous,co0100585
Special Treats Productions,miscellaneous,co0487503
The Tanning Shop,miscellaneous,co0157511
Traders,miscellaneous,co0934372
Twickenham Film Studios,miscellaneous,co0014583
W. W. Norton & Company,miscellaneous,co0522618
