company_name,company_type,imdb_id,is_major_studio
Fox-Warner,distribution,co0125154,False
Karo Premiere,distribution,co0041079,False
Sandrew Metronome Distribution Sverige AB,distribution,co0006862,False
Sandrew Metronome Distribution,distribution,co0050310,False
Warner Bros. Pictures Germany,distribution,co0519888,True
Warner Bros. Pictures,distribution,co0498895,True
Warner Bros. Pictures,distribution,co0342489,True
Warner Bros.,distribution,co0134706,True
Warner Bros.,distribution,co0962874,True
Warner Bros.,distribution,co0870245,True
Warner Bros.,distribution,co0826866,True
Warner Bros.,distribution,co0870244,True
Warner Bros.,distribution,co0002663,True
Warner Sogefilms A.I.E.,distribution,co0081227,False
9Go!,distribution,co0735534,False
Argentina Video Home,distribution,co0031085,False
Bounce TV,distribution,co0381838,False
Cinemax,distribution,co0042496,False
Film1,distribution,co0313320,False
HBO Max,distribution,co0754095,False
Mainostelevisio (MTV3),distribution,co0069920,False
NITV,distribution,co0313754,False
Roadshow Entertainment,distribution,co0152990,False
Sandrews,distribution,co0077687,False
Studio Distribution Services (SDS),distribution,co0854530,False
Sub,distribution,co0260673,False
United Paramount Network (UPN),distribution,co0001860,False
Warner Bros. Entertainment Finland,distribution,co0011555,True
Warner Bros. Home Entertainment,distribution,co0302997,True
Warner Bros. Home Entertainment,distribution,co0705983,True
Warner Home Video,distribution,co0918687,False
Warner Home Video,distribution,co0934836,False
Warner Home Video,distribution,co0189793,False
Warner Home Video,distribution,co0077674,False
Warner Home Video,distribution,co0059995,False
Yleisradio (YLE),distribution,co0013526,False
Warner Bros.,production,co0002663,True
Village Roadshow Pictures,production,co0108864,False
NPV Entertainment,production,co0024939,False
Outlaw Productions (I),production,co0014629,False
WV Films II,production,co0146933,False
Cinesite (Hollywood),specialEffects,co0052001,False
Temptu,specialEffects,co0109725,False
The Effects Group,specialEffects,co0152567,False
310 Motors,miscellaneous,co0180034,False
Avon Studio Transportation,miscellaneous,co0086014,False
Chapman/Leonard Studio Equipment,miscellaneous,co0008022,False
Clairmont Camera Film & Digital,miscellaneous,co0012439,False
DTS,miscellaneous,co0382601,False
Dolby Digital,miscellaneous,co0369281,False
Entertainment Industry Development Corporation (EIDC),miscellaneous,co0070463,False
Film & Video Stock Shots,miscellaneous,co0007295,False
Filmtools,miscellaneous,co0244588,False
IMS Film & Media Insurance,miscellaneous,co0428163,False
International Alliance of Theatrical Stage Employees (IATSE),miscellaneous,co0190210,False
KVEA / Estrella Communications,miscellaneous,co0180020,False
Pacific Title,miscellaneous,co0001256,False
Priority Records LLC,miscellaneous,co0135182,False
Reno Dominik & Associates,miscellaneous,co0277573,False
Rockbottom Rentals,miscellaneous,co0208516,False
SDDS Sony Dynamic Digital Sound,miscellaneous,co0382783,False
Technicolor,miscellaneous,co0065861,False
Tony's Food Service,miscellaneous,co0017660,False
Toronto International Film Festival,miscellaneous,co0047102,False
Truck Brokers,miscellaneous,co0494282,False
