company_name,company_type,imdb_id
Gramercy Pictures (I),distribution,co0018555
Alliance,distribution,co0005584
Ascot Elite Entertainment Group,distribution,co0102291
Concorde-Castle Rock/Turner,distribution,co0134695
PolyGram Film Distribution,distribution,co0016346
PolyGram Filmed Entertainment Distribution,distribution,co0189800
Polygram Filmed Entertainment,distribution,co0030612
SF Studio,distribution,co0832342
Sogepaq Distribución,distribution,co0031649
Svensk Filmindustri (SF),distribution,co0050989
Vitória Filmes,distribution,co0107988
Finnkino,distribution,co0014703
PolyGram Video,distribution,co0044762
Becker Entertainment,distribution,co0046560
Chapel Distribution,distribution,co0258711
Elliniki Kinimatografiki Enosi (ELKE),distribution,co0001933
Lider Films,distribution,co0317505
Concorde Video,distribution,co0198993
Gativideo,distribution,co0044350
PolyGram Video,distribution,co0189842
Videomax,distribution,co0357598
20th Century Fox India,distribution,co0092296
Concorde Home Entertainment,distribution,co0003079
Home Video Hellas (HVH),distribution,co0048760
TNT,distribution,co0009512
Channel Four,distribution,co0159436
MGM Home Entertainment,distribution,co0015461
Nelonen,distribution,co0029644
TBS Superstation,distribution,co0183474
Warner Home Video,distribution,co0059995
20th Century Fox Home Entertainment,distribution,co0918688
FS Film,distribution,co0363592
20th Century Fox Home Entertainment,distribution,co0063964
20th Century Fox Home Entertainment,distribution,co0010224
20th Century Fox Home Entertainment,distribution,co0280047
De Volkskrant,distribution,co0233896
Film1,distribution,co0313320
Ciné-Sorbonne,distribution,co0258686
Shout! Factory,distribution,co0110208
Warner Bros. Home Entertainment,distribution,co0200179
9Go!,distribution,co0735534
Summer Classics,distribution,co0759562
Shout Select,distribution,co0950058
Shout! Studios,distribution,co0692223
20th Century Fox Home Entertainment,distribution,co0150813
Capelight Pictures,distribution,co0151501
Columbia TriStar Home Video,distribution,co0045926
MUBI,distribution,co0379523
Rizzoli Corriere della Sera Home Video (RCS),distribution,co0027130
Top Tape,distribution,co0001669
Polygram Filmed Entertainment,production,co0030612
Working Title Films,production,co0057311
Sturm's Special Effects International,specialEffects,co0011533
The Computer Film Company (CFC),specialEffects,co0105094
Albinsons,miscellaneous,co0042872
Arriflex,miscellaneous,co0720906
Balsmeyer and Everett,miscellaneous,co0007386
C5,miscellaneous,co0007604
Cannes Film Festival,miscellaneous,co0034345
City of Edina,miscellaneous,co0355020
City of St. Paul,miscellaneous,co0251544
Costumes and Creatures,miscellaneous,co0036693
Entertainment Motion Picture Catering,miscellaneous,co0018353
Helly-Hansen,miscellaneous,co0020971
International Alliance of Theatrical Stage Employees (IATSE),miscellaneous,co0190210
International Film Guarantors,miscellaneous,co0024538
Juniper Post,miscellaneous,co0058811
Minnesota Department of Transportation,miscellaneous,co0143903
Minnesota Film Board,miscellaneous,co0044560
Municipal Parking Inc.,miscellaneous,co0036681
N&D Film and Video,miscellaneous,co0016427
North Dakota Film Commission,miscellaneous,co0053047
Otto Nemenz International,miscellaneous,co0018437
Paskal Lighting,miscellaneous,co0068465
"Pembina County, North Dakota",miscellaneous,co0354969
Polaris Industries,miscellaneous,co0073440
RHH/Albert G. Ruben Insurance Services,miscellaneous,co0079457
Rescue Resources,miscellaneous,co0066495
Rollins Hudig Hall,miscellaneous,co0105410
Sapex Scripts,miscellaneous,co0081577
Sound One Corporation,miscellaneous,co0051002
Spectral Recording Dolby Stereo Digital,miscellaneous,co0244642
Sureway Air Express,miscellaneous,co0022880
The City of Minneapolis,miscellaneous,co0010157
The Computer Film Company (CFC),miscellaneous,co0105094
The Effects House,miscellaneous,co0064826
Wow & Flutter,miscellaneous,co0026730
