company_name,company_type,imdb_id
Bibliotheque,distribution,co0598720
Carlotta Films,distribution,co0037047
Eye Film Institute,distribution,co0296721
Falcon,distribution,co0040374
Finnkino,distribution,co0014703
Herald Ace,distribution,co0086452
Initial Brasil,distribution,co0275063
Manuel Salvador,distribution,co0027811
Mayfair Entertainment,distribution,co0170354
NEF 2 Filmverleih,distribution,co0304588
Pyramide Distribution,distribution,co0077553
Sony Pictures Classics,distribution,co0014453
Svensk Filmindustri (SF),distribution,co0050989
Warner Bros. Pictures,distribution,co0342489
ARTE,distribution,co0014456
Alliance Releasing Home Video,distribution,co0064452
Alliance Vivafilm Video,distribution,co0750172
Argentina Video Home,distribution,co0031085
Arthaus,distribution,co0608555
Asmik Ace Entertainment,distribution,co0023391
Canal+,distribution,co0028557
Cecchi Gori Home Video,distribution,co0112177
Channel 4 DVD,distribution,co0235537
Cohen Media Group,distribution,co0243890
Columbia TriStar Home Video,distribution,co0001850
Concorde Home Entertainment,distribution,co0003079
Elokuvapalvelu J. Suomalainen,distribution,co0629096
Europa Carat,distribution,co0050518
Home Video Hellas (HVH),distribution,co0048760
Home Vision Entertainment (HVE),distribution,co0110672
IPA Asia Pacific,distribution,co0003188
Mainostelevisio (MTV3),distribution,co0069920
Odyssey Video,distribution,co0108608
The Criterion Collection,distribution,co0044076
VCL Communications,distribution,co0048855
Warner Bros.,distribution,co0002663
Yleisradio (YLE),distribution,co0013526
Cohen Media Group,sales,co0243890
Merchant Ivory Productions,production,co0055367
Sumitomo Corporation,production,co0086475
Imagica,production,co0008740
Cinema Ten,production,co0030410
Japan Satellite Broadcasting (JBS),production,co0090301
Ide Productions,production,co0090300
Film Four International,production,co0000063
Effects Associates,specialEffects,co0105093
Optical Film Effects,specialEffects,co0105098
Peerless Camera Company,specialEffects,co0105097
Nippon Film Development and Finance,miscellaneous,co0045032
Guinness Mahon and Company,miscellaneous,co0105339
Arthur Sanderson and Sons,miscellaneous,co0105381
The Garrard Crown Jewellers,miscellaneous,co0090439
"Magdalen College, Oxford",miscellaneous,co0105382
National Railway Museum,miscellaneous,co0105383
"St. James Court Hotel, London",miscellaneous,co0105385
Simpsons-In-The-Strand,miscellaneous,co0105384
Cosprop,miscellaneous,co0105378
Twickenham Film Studios,miscellaneous,co0014583
Nimbus Records,miscellaneous,co0138644
Block-Korenbrot Public Relations,miscellaneous,co0013901
Dolby Stereo,miscellaneous,co0389069
International Alliance of Theatrical Stage Employees (IATSE),miscellaneous,co0190210
Mayflower Recording,miscellaneous,co0105207
Palmbrokers,miscellaneous,co0130216
Sapex Scripts,miscellaneous,co0081577
