company_name,company_type,imdb_id,is_major_studio
Bibliotheque,distribution,co0598720,False
Carlotta Films,distribution,co0037047,False
Eye Film Institute,distribution,co0296721,False
Falcon,distribution,co0040374,False
Finnkino,distribution,co0014703,False
Herald Ace,distribution,co0086452,False
Initial Brasil,distribution,co0275063,False
Manuel Salvador,distribution,co0027811,False
Mayfair Entertainment,distribution,co0170354,False
NEF 2 Filmverleih,distribution,co0304588,False
Pyramide Distribution,distribution,co0077553,False
Sony Pictures Classics,distribution,co0014453,True
Svensk Filmindustri (SF),distribution,co0050989,False
Warner Bros. Pictures,distribution,co0342489,True
ARTE,distribution,co0014456,False
Alliance Releasing Home Video,distribution,co0064452,False
Alliance Vivafilm Video,distribution,co0750172,False
Argentina Video Home,distribution,co0031085,False
Arthaus,distribution,co0608555,False
Asmik Ace Entertainment,distribution,co0023391,False
Canal+,distribution,co0028557,False
Cecchi Gori Home Video,distribution,co0112177,False
Channel 4 DVD,distribution,co0235537,False
Cohen Media Group,distribution,co0243890,False
Columbia TriStar Home Video,distribution,co0001850,False
Concorde Home Entertainment,distribution,co0003079,False
Elokuvapalvelu J. Suomalainen,distribution,co0629096,False
Europa Carat,distribution,co0050518,False
Home Video Hellas (HVH),distribution,co0048760,False
Home Vision Entertainment (HVE),distribution,co0110672,False
IPA Asia Pacific,distribution,co0003188,False
Mainostelevisio (MTV3),distribution,co0069920,False
Odyssey Video,distribution,co0108608,False
The Criterion Collection,distribution,co0044076,False
VCL Communications,distribution,co0048855,False
Warner Bros.,distribution,co0002663,True
Yleisradio (YLE),distribution,co0013526,False
Cohen Media Group,sales,co0243890,False
Merchant Ivory Productions,production,co0055367,False
Sumitomo Corporation,production,co0086475,False
Imagica,production,co0008740,False
Cinema Ten,production,co0030410,False
Japan Satellite Broadcasting (JBS),production,co0090301,False
Ide Productions,production,co0090300,False
Film Four International,production,co0000063,False
Effects Associates,specialEffects,co0105093,False
Optical Film Effects,specialEffects,co0105098,False
Peerless Camera Company,specialEffects,co0105097,False
Nippon Film Development and Finance,miscellaneous,co0045032,False
Guinness Mahon and Company,miscellaneous,co0105339,False
Arthur Sanderson and Sons,miscellaneous,co0105381,False
The Garrard Crown Jewellers,miscellaneous,co0090439,False
"Magdalen College, Oxford",miscellaneous,co0105382,False
National Railway Museum,miscellaneous,co0105383,False
"St. James Court Hotel, London",miscellaneous,co0105385,False
Simpsons-In-The-Strand,miscellaneous,co0105384,False
Cosprop,miscellaneous,co0105378,False
Twickenham Film Studios,miscellaneous,co0014583,False
Nimbus Records,miscellaneous,co0138644,False
Block-Korenbrot Public Relations,miscellaneous,co0013901,False
Dolby Stereo,miscellaneous,co0389069,False
International Alliance of Theatrical Stage Employees (IATSE),miscellaneous,co0190210,False
Mayflower Recording,miscellaneous,co0105207,False
Palmbrokers,miscellaneous,co0130216,False
Sapex Scripts,miscellaneous,co0081577,False
