company_name,company_type,imdb_id
Orion Pictures,distribution,co0001995
Orion Home Video,distribution,co0022845
Columbia TriStar Films,distribution,co0077851
Columbia TriStar Films,distribution,co0613324
Izaro Films,distribution,co0052678
Columbia TriStar Films de Argentina,distribution,co0003581
Columbia TriStar Home Video,distribution,co0001850
LK-TEL,distribution,co0003327
Columbia TriStar Home Entertainment,distribution,co0127120
CBS,distribution,co0070627
MGM Home Entertainment,distribution,co0015461
Pony Canyon,distribution,co0017081
Olive Films,distribution,co0128842
BFI Video,distribution,co0106328
20th Century Fox India,distribution,co0092296
MGM Networks,distribution,co0842411
Pluto TV,distribution,co0545791
SET India,distribution,co0121331
STAR India,distribution,co0588627
Showtime Networks,distribution,co0052980
Orion Pictures,production,co0001995
Robert H. Solo Productions,production,co0308540
American Cinema Editors (ACE),miscellaneous,co0152420
Warner Hollywood Studios,miscellaneous,co0087673
Cinema Audio Society (CAS),miscellaneous,co0565479
Todd-AO/Glen Glenn Studios,miscellaneous,co0037439
D. Bassett & Associates,miscellaneous,co0039491
Consolidated Film Industries (CFI),miscellaneous,co0044873
Albert G. Ruben and Company,miscellaneous,co0022914
Completion Bond Company,miscellaneous,co0073672
Disc Payroll Services,miscellaneous,co0098959
The Alabama Film Commission,miscellaneous,co0147652
The City of Selma Alabama,miscellaneous,co0686499
Florida Office of Film and Entertainment,miscellaneous,co0403144
"Lee County, Florida",miscellaneous,co0320007
"Fort Myers, Florida",miscellaneous,co0686500
Texas Film Commission,miscellaneous,co0070583
El Paso Film Commission,miscellaneous,co0091260
"The City of Van Horn, Texas",miscellaneous,co0237620
El Paso Natural Gas (EPNG),miscellaneous,co0686501
Beechcraft,miscellaneous,co0501645
"Fleming Springs Ranch, San Saba, Texas",miscellaneous,co0686502
Deluxe Entertainment Services,miscellaneous,co0226376
Otto Nemenz International,miscellaneous,co0018437
Arriflex,miscellaneous,co0720906
Lightnin' Production Rentals,miscellaneous,co0041356
Toronto International Film Festival,miscellaneous,co0047102
