company_name,company_type,imdb_id
Ronin Films,distribution,co0086057
Buena Vista International,distribution,co0000779
Fine Line Features,distribution,co0043853
Pinema,distribution,co0137855
Gaumont Buena Vista International (GBVI),distribution,co0033410
Media Asia Films,distribution,co0093755
Prooptiki,distribution,co0020389
SF Studio,distribution,co0832342
Svensk Filmindustri (SF),distribution,co0050989
Vitória Filmes,distribution,co0107988
Alliance Video,distribution,co0052213
Audio Visual Enterprises,distribution,co0006126
ERA Home Entertainment,distribution,co0120660
Gativideo,distribution,co0044350
New Line Home Video,distribution,co0079450
Roadshow Home Video,distribution,co0006451
The Criterion Collection,distribution,co0044076
Roadshow Entertainment Video,distribution,co0065990
Sky Box Office,distribution,co0217851
Starz,distribution,co0000869
British Broadcasting Corporation (BBC),distribution,co0043107
TNT,distribution,co0009512
Film Four Distributors,distribution,co0167590
Umbrella Entertainment,distribution,co0122766
GEM Entertainment,distribution,co0603957
StudioCanal,distribution,co0047476
ARTE,distribution,co0164664
ARTE,distribution,co0014456
Australian Broadcasting Corporation (ABC),distribution,co0051111
Pandora Cinema,sales,co0313508
Australian Film Finance Corporation (AFFC),production,co0023514
Film Victoria,production,co0003913
Momentum Films,production,co0722800
Soundfirm,production,co0032262
The South Australian Film Corporation,production,co0036887
AAV Australia,miscellaneous,co0041023
ARRI Lighting Rental,miscellaneous,co0105304
ARRI Media,miscellaneous,co0017044
Adelphia Studio,miscellaneous,co0078122
Allan Eaton Studios,miscellaneous,co0109726
Block-Korenbrot Public Relations,miscellaneous,co0013901
"Brashs, Adelaide",miscellaneous,co0061157
Cameraquip Australia,miscellaneous,co0037221
Colour & Movement Films,miscellaneous,co0064950
Ebony & Ivory,miscellaneous,co0052860
Esoteric Technologies P/L,miscellaneous,co0005458
Film Finances,miscellaneous,co0007445
Film Victoria,miscellaneous,co0003913
Freeway CAM B.V.,miscellaneous,co0207565
Great Scott Productions Pty. Ltd.,miscellaneous,co0082051
HW Wood,miscellaneous,co0021705
Lucasfilm THX / TAP Theater Alignment Program,miscellaneous,co0172511
Manny's Music,miscellaneous,co0070562
Marshalls & Dent,miscellaneous,co0050546
"Mayer, Glassman & Gaines",miscellaneous,co0046823
Morris Angel & Son,miscellaneous,co0105295
NSW Film & TV Office,miscellaneous,co0026311
Optical & Graphics,miscellaneous,co0098870
Philips Classics,miscellaneous,co0110159
Ray Knight Casting,miscellaneous,co0057508
Roadshow Coote & Carroll,miscellaneous,co0116535
Robert Smith Agency,miscellaneous,co0055743
Ronin Films,miscellaneous,co0017103
Soundfirm,miscellaneous,co0032262
Sundance Film Festival,miscellaneous,co0087643
The Australian Film Commission,miscellaneous,co0002712
The Royal College of Music Orchestra,miscellaneous,co0059210
The South Australian Film Corporation,miscellaneous,co0036887
Toronto International Film Festival,miscellaneous,co0047102
Traveltoo,miscellaneous,co0042326
Wood Hall Catering,miscellaneous,co0164952
Yamaha Music,miscellaneous,co0070227
