company_name,company_type,imdb_id
Fox Searchlight Pictures,distribution,co0982337
20th Century Fox Argentina,distribution,co0007180
20th Century Fox India,distribution,co0092296
20th Century Fox,distribution,co0952616
20th Century Fox,distribution,co0931863
FS Film,distribution,co0363592
Filmes Castello Lopes,distribution,co0049459
Kommunenes Filmcentral (KF),distribution,co0015327
Twentieth Century Fox,distribution,co0000756
UGC-Fox Distribution (UFD),distribution,co0055795
20th Century Fox Home Entertainment,distribution,co0280047
20th Century Fox Home Entertainment,distribution,co0010224
Gativideo,distribution,co0044350
20th Century Fox Home Entertainment,distribution,co0063964
20th Century Fox Home Entertainment,distribution,co0751509
Sub,distribution,co0260673
Mainostelevisio (MTV3),distribution,co0069920
20th Century Fox Home Entertainment,distribution,co0150813
The Criterion Channel,distribution,co0804141
Odeon,distribution,co0000689
Searchlight Pictures,production,co0028932
The Independent Film Channel Productions,production,co0164785
Killer Films,production,co0030755
Hart Sharp Entertainment,production,co0071970
Custom Film Effects,specialEffects,co0067412
AC Delco Co.,miscellaneous,co0129674
All Payments Services,miscellaneous,co0148193
American Auto Rental,miscellaneous,co0273647
Arent Fox,miscellaneous,co0273642
Automotive Fabrication,miscellaneous,co0273650
Bank of America,miscellaneous,co0038290
Broadway Skateland,miscellaneous,co0273635
Budget Rent-a-Car,miscellaneous,co0037151
C5,miscellaneous,co0007604
Candlewood Suites,miscellaneous,co0237896
Cape Cod Chips,miscellaneous,co0211675
Celis Beer,miscellaneous,co0273687
Cine Shop,miscellaneous,co0273699
"City of Crandall, Texas",miscellaneous,co0273680
"City of McKinney, Texas",miscellaneous,co0273654
Club Tassas,miscellaneous,co0273661
D.R. Reiff & Associates,miscellaneous,co0084650
DTA Tours & Travel,miscellaneous,co0157264
Dallas Peterbilt,miscellaneous,co0273645
Direct Events,miscellaneous,co0273668
Double Duece Bar,miscellaneous,co0273685
Falco Ink.,miscellaneous,co0081687
Farkas Films,miscellaneous,co0273675
Fina,miscellaneous,co0273672
Fossil,miscellaneous,co0016054
Goodedit,miscellaneous,co0008380
Hand Held Films,miscellaneous,co0073506
Hill Top Classics,miscellaneous,co0273638
Honest John's Caddy Corner,miscellaneous,co0143961
Independent Studio Services,miscellaneous,co0030207
International Alliance of Theatrical Stage Employees (IATSE),miscellaneous,co0190210
JP Morgan Chase Bank,miscellaneous,co0101799
Karaoke Capital,miscellaneous,co0273633
Koch Records,miscellaneous,co0135981
Kodak,miscellaneous,co0060825
MPS Studios,miscellaneous,co0300632
Mach II Travel,miscellaneous,co0273662
Mama's,miscellaneous,co0088724
Manhattan Transfer,miscellaneous,co0031635
McKinney Chamber of Commerce,miscellaneous,co0273652
McKinney Grain Company,miscellaneous,co0273636
Nantucket Nectars,miscellaneous,co0273677
New York Foundation for the Arts,miscellaneous,co0091977
New York State Council on the Arts,miscellaneous,co0078766
North Dallas R.V.,miscellaneous,co0273696
"Ozarka Natural Spring Water, Co.",miscellaneous,co0273690
Panavision,miscellaneous,co0041930
Paris Film Productions,miscellaneous,co0148175
Post 391,miscellaneous,co0062833
Presbyterian Hospital of Kaufman,miscellaneous,co0273698
PrimeCo Personal Communications,miscellaneous,co0273646
Reels on Wheels,miscellaneous,co0164360
Reliable Go Carts,miscellaneous,co0273656
Scarlet Letters,miscellaneous,co0090951
Slosslaw,miscellaneous,co0256068
Sound One Corporation,miscellaneous,co0051002
Spice of Life Catering,miscellaneous,co0273695
Spin Cycle Post,miscellaneous,co0150175
Sundance Film Festival,miscellaneous,co0087643
Sundance Institute,miscellaneous,co0030599
TMT,miscellaneous,co0037306
Texas Metal Industries,miscellaneous,co0273659
The Astraea Foundation,miscellaneous,co0153618
The Falls City Journal,miscellaneous,co0273629
The Health Nut,miscellaneous,co0273691
The Lesbian Herstory Archives,miscellaneous,co0273644
"The Mill - McKinney, Texas",miscellaneous,co0273666
"The New York City Mayor's Office of Film, Theatre & Broadcasting",miscellaneous,co0051113
The Red Derby Tavern,miscellaneous,co0273669
The Wilshire Stages,miscellaneous,co0047099
Thrifty Car Rental,miscellaneous,co0123350
Toronto International Film Festival,miscellaneous,co0047102
Trade Audio Visuals,miscellaneous,co0107666
Transsexual Menace,miscellaneous,co0273639
Ugly Duckling,miscellaneous,co0273693
Utility Trailer of Dallas,miscellaneous,co0273658
Women Make Movies,miscellaneous,co0075700
World Cinevision Services,miscellaneous,co0048360
