company_name,company_type,imdb_id
Ascot Elite Entertainment Group,distribution,co0102291
Asmik Ace Entertainment,distribution,co0023391
Bac Films,distribution,co0024879
Buena Vista International Mexico,distribution,co0121807
Buena Vista International,distribution,co0991889
Buena Vista International,distribution,co0916748
Cecchi Gori Distribuzione,distribution,co0001228
Film Pop,distribution,co0127142
Filmes Castello Lopes,distribution,co0049459
JL Vision Film,distribution,co0668850
Laurenfilm,distribution,co0080682
Miramax,distribution,co0022594
RCV Film Distribution,distribution,co0179583
RCV Film Distribution,distribution,co0179582
RCV Film Distribution,distribution,co0061879
Scotia International Filmverleih,distribution,co0042482
Shringar Distributors,distribution,co0108241
Spentzos Films,distribution,co0030651
United International Pictures (UIP),distribution,co0130609
West Video,distribution,co0029548
BMG Video,distribution,co0041577
Buena Vista Home Entertainment,distribution,co0989959
Buena Vista Home Entertainment,distribution,co1041397
Buena Vista Home Entertainment,distribution,co0049546
Cecchi Gori Home Video,distribution,co0112177
Gativideo,distribution,co0044350
Imagem Filmes,distribution,co0073600
Lionsgate Home Entertainment,distribution,co0292909
Paramount Home Entertainment,distribution,co0051891
Paris Vídeo,distribution,co0084801
RCV Home Entertainment,distribution,co0190332
RTL Entertainment,distribution,co0112383
Roadshow Entertainment,distribution,co0152990
SBP,distribution,co0021959
Savor Ediciones,distribution,co0475139
StudioCanal Home Entertainment,distribution,co0985617
StudioCanal Home Entertainment,distribution,co0360967
TF1 Vidéo,distribution,co0101929
Turner Classic Movies (TCM),distribution,co0011489
Universum Film (UFA),distribution,co0021661
Miramax,sales,co0022594
New Films International,sales,co0084783
Melampo Cinematografica,production,co0030298
Cecchi Gori Group Tiger Cinematografica,production,co0037028
Ditta G. Corridori,specialEffects,co0177005
A.N.C.A.,miscellaneous,co0173060
A.T.A. S.r.l. Conti Bros.,miscellaneous,co0138573
AVID Technology,miscellaneous,co0059739
Accademia Musicale Italiana (AMIT),miscellaneous,co0101675
Acqua Amerino,miscellaneous,co0173066
Agripan,miscellaneous,co0172989
Ars Nova,miscellaneous,co0173010
Associazione A.D.A.Mus.,miscellaneous,co0173001
Audiovisual System,miscellaneous,co0264332
Avid Film Composer,miscellaneous,co0015486
Cannes Film Festival,miscellaneous,co0034345
Centro Fromazione Professionale di Narni,miscellaneous,co0173104
Centro Multimediale Terni,miscellaneous,co0173078
Cine Audio Effects,miscellaneous,co0050821
Cinecittà,miscellaneous,co0067980
Comando Vigili Urbani - Arezzo,miscellaneous,co0173008
Comando della Regione Militare Tosco-Emiliana,miscellaneous,co0172976
Comune di Arezzo,miscellaneous,co0173012
Comune di Castiglion Fibocchi (Arezzo),miscellaneous,co0173101
Comune di Castiglion Fiorentino (Arezzo),miscellaneous,co0173042
Comune di Cortona (Arezzo),miscellaneous,co0173098
Comune di Ferentillo,miscellaneous,co0173009
Comune di Montevarchi (Arezzo),miscellaneous,co0173045
Comune di Ronciglione,miscellaneous,co0173050
Comune di Spoleto,miscellaneous,co0019032
Comune di Terni,miscellaneous,co0172974
"Cose Care, Cesena",miscellaneous,co0153026
Costumi d'Arte,miscellaneous,co0124104
De Pasquale Mariano,miscellaneous,co0173015
Ditta L.A.B.A.,miscellaneous,co0173056
Ditta Pompei,miscellaneous,co0050441
EMI Music Publishing,miscellaneous,co0134779
Ente Nazionale Energia Elettrica (ENEL),miscellaneous,co0230909
Fedora Company,miscellaneous,co0173107
Fila,miscellaneous,co0173052
Film Apprenticeship Program,miscellaneous,co0173086
Fono Roma,miscellaneous,co0068110
Forum Music Village,miscellaneous,co0135213
Garzotto Rocco e Figlio,miscellaneous,co0173030
German School New York,miscellaneous,co0173024
"Hopkins, Smith & Barden",miscellaneous,co0071105
Howard Schwartz Recording,miscellaneous,co0010103
Industrie Riunite,miscellaneous,co0172971
International Set Lighting,miscellaneous,co0140503
Intesa,miscellaneous,co0173074
LVT,miscellaneous,co0386335
"La Scuola D'Italia ""Guglielmo"" Marconi",miscellaneous,co0173044
Mercedes Italia,miscellaneous,co0173035
Ministry of Transportation,miscellaneous,co0173046
Mobilvetta Design,miscellaneous,co0173034
Molinari,miscellaneous,co0173021
Murray Weissman and Associates,miscellaneous,co0160895
Musical Band Lo Zivago,miscellaneous,co0173092
Musical Band of Bevagna,miscellaneous,co0173048
Nannini,miscellaneous,co0412743
Panalight,miscellaneous,co0050673
Panavision,miscellaneous,co0041930
Paoloni (Fano),miscellaneous,co0173094
Pentastudio,miscellaneous,co0173097
Peroni,miscellaneous,co0173014
Pompei,miscellaneous,co0245955
Ponteggi Dalmine,miscellaneous,co0173081
Province of Terni,miscellaneous,co0173095
Provincia di Arezzo,miscellaneous,co0172978
R.T.A. Frosinone,miscellaneous,co0173100
Regione Umbria,miscellaneous,co0173051
Romana Gruppi Elettrogeni,miscellaneous,co0173006
Romana Trasporti,miscellaneous,co0033609
Sapori,miscellaneous,co0172965
"Scuola Elementare ""Gamurrini"" (Arezzo)",miscellaneous,co0173082
Società per Azioni delle Acque di S. Francesco,miscellaneous,co0173023
Sound One Corporation,miscellaneous,co0051002
Soundtrack Recording,miscellaneous,co0107750
Strega Alberti,miscellaneous,co0172973
Studio Solutions Group,miscellaneous,co0284154
Tecno Bay,miscellaneous,co0172970
Toronto International Film Festival,miscellaneous,co0047102
Ufficio Provinciale del Lavoro - Arezzo,miscellaneous,co0173017
Ufficio Provinciale del Lavoro di Terni,miscellaneous,co0173038
