company_name,company_type,imdb_id
Fox-Warner,distribution,co0125154
Karo Premiere,distribution,co0041079
Sandrew Metronome Distribution Sverige AB,distribution,co0006862
Sandrew Metronome Distribution,distribution,co0050310
Warner Bros. Pictures Germany,distribution,co0519888
Warner Bros. Pictures,distribution,co0498895
Warner Bros. Pictures,distribution,co0342489
Warner Bros.,distribution,co0134706
Warner Bros.,distribution,co0962874
Warner Bros.,distribution,co0870245
Warner Bros.,distribution,co0826866
Warner Bros.,distribution,co0870244
Warner Bros.,distribution,co0002663
Warner Sogefilms A.I.E.,distribution,co0081227
9Go!,distribution,co0735534
Argentina Video Home,distribution,co0031085
Bounce TV,distribution,co0381838
Cinemax,distribution,co0042496
Film1,distribution,co0313320
HBO Max,distribution,co0754095
Mainostelevisio (MTV3),distribution,co0069920
NITV,distribution,co0313754
Roadshow Entertainment,distribution,co0152990
Sandrews,distribution,co0077687
Studio Distribution Services (SDS),distribution,co0854530
Sub,distribution,co0260673
United Paramount Network (UPN),distribution,co0001860
Warner Bros. Entertainment Finland,distribution,co0011555
Warner Bros. Home Entertainment,distribution,co0302997
Warner Bros. Home Entertainment,distribution,co0705983
Warner Home Video,distribution,co0918687
Warner Home Video,distribution,co0934836
Warner Home Video,distribution,co0189793
Warner Home Video,distribution,co0077674
Warner Home Video,distribution,co0059995
Yleisradio (YLE),distribution,co0013526
Warner Bros.,production,co0002663
Village Roadshow Pictures,production,co0108864
NPV Entertainment,production,co0024939
Outlaw Productions (I),production,co0014629
WV Films II,production,co0146933
Cinesite (Hollywood),specialEffects,co0052001
Temptu,specialEffects,co0109725
The Effects Group,specialEffects,co0152567
310 Motors,miscellaneous,co0180034
Avon Studio Transportation,miscellaneous,co0086014
Chapman/Leonard Studio Equipment,miscellaneous,co0008022
Clairmont Camera Film & Digital,miscellaneous,co0012439
DTS,miscellaneous,co0382601
Dolby Digital,miscellaneous,co0369281
Entertainment Industry Development Corporation (EIDC),miscellaneous,co0070463
Film & Video Stock Shots,miscellaneous,co0007295
Filmtools,miscellaneous,co0244588
IMS Film & Media Insurance,miscellaneous,co0428163
International Alliance of Theatrical Stage Employees (IATSE),miscellaneous,co0190210
KVEA / Estrella Communications,miscellaneous,co0180020
Pacific Title,miscellaneous,co0001256
Priority Records LLC,miscellaneous,co0135182
Reno Dominik & Associates,miscellaneous,co0277573
Rockbottom Rentals,miscellaneous,co0208516
SDDS Sony Dynamic Digital Sound,miscellaneous,co0382783
Technicolor,miscellaneous,co0065861
Tony's Food Service,miscellaneous,co0017660
Toronto International Film Festival,miscellaneous,co0047102
Truck Brokers,miscellaneous,co0494282
