company_name,company_type,imdb_id
TriStar Pictures,distribution,co0005883
Columbia TriStar Film,distribution,co0060005
Columbia TriStar Films Pty. Ltd.,distribution,co0015669
Columbia TriStar Films,distribution,co0077851
Columbia TriStar Films,distribution,co0613324
Columbia TriStar Films,distribution,co0003949
Columbia TriStar Films de Argentina,distribution,co0003581
Columbia TriStar Films de España,distribution,co0057443
Columbia TriStar Home Video,distribution,co0001850
Columbia Tristar Films of India,distribution,co0774471
Finnkino,distribution,co0014703
Prooptiki,distribution,co0020389
CBS,distribution,co0070627
Columbia TriStar Home Video,distribution,co1103831
Columbia TriStar Home Video,distribution,co0751613
Columbia TriStar Home Video,distribution,co0189864
Egmont Entertainment,distribution,co0135306
LK-TEL Vídeo,distribution,co0137250
LK-TEL,distribution,co0003327
Nelonen,distribution,co0029644
Sony Pictures Home Entertainment,distribution,co0769046
Sony Pictures Home Entertainment,distribution,co0185481
Sony Pictures Home Entertainment,distribution,co0795863
Twilight Time,distribution,co0478467
Videosonic,distribution,co0061607
Yleisradio (YLE),distribution,co0013526
TriStar Pictures,production,co0005883
Clinica Estetico,production,co0093046
C5,miscellaneous,co0007604
CRM Group Inc.,miscellaneous,co0056675
Cerruti 1881,miscellaneous,co0047528
Coast to Coast Catering,miscellaneous,co0076567
DuArt Film and Video,miscellaneous,co0019608
Epic Soundtrax,miscellaneous,co0129430
Inter Video,miscellaneous,co0009474
International Alliance of Theatrical Stage Employees (IATSE),miscellaneous,co0190210
Kathy Wickline Casting,miscellaneous,co0067165
Mike Lemon Casting,miscellaneous,co0063601
Nancy Seltzer & Associates,miscellaneous,co0002606
SDDS Sony Dynamic Digital Sound,miscellaneous,co0382783
Sound One Corporation,miscellaneous,co0051002
Speakeasy Lop Group,miscellaneous,co0548793
Technicolor,miscellaneous,co0065861
Title House,miscellaneous,co0035135
