company_name,company_type,imdb_id
Warner Bros.,distribution,co0002663
Solopan,distribution,co0016032
Cannon Film Distributors,distribution,co0502621
Les Films Ariane,distribution,co0042444
Rank Film Distributors,distribution,co0040156
Shochiku-Fuji Company,distribution,co0071942
Svensk Filmindustri (SF),distribution,co0050989
Svenska Filminstitutet (SFI),distribution,co0048118
Transmundo Films,distribution,co0027133
Transmundo Home Video (THV),distribution,co0040022
Warner Home Video,distribution,co0059995
MGM Home Entertainment,distribution,co0015461
PlayArte Home Vídeo,distribution,co0090517
Les Acacias,distribution,co0006405
Roadshow Films,distribution,co0058792
Spentzos Films,distribution,co0030651
ARTE,distribution,co0014456
Black Entertainment Television (BET),distribution,co0050878
CinéCinémas,distribution,co0362804
HBO Max,distribution,co0754095
LK-TEL Vídeo,distribution,co0137250
MGM Networks,distribution,co0842411
Paris Première,distribution,co0050894
RCA/Columbia Pictures International Video,distribution,co0128198
RCA/Columbia Pictures International Video,distribution,co0358260
RCA/Columbia-Hoyts Home Video,distribution,co0057923
SET India,distribution,co0121331
United Paramount Network (UPN),distribution,co0001860
Varus Video,distribution,co0091775
VideoVisa,distribution,co0149423
WWOR,distribution,co0014490
Warner Bros. Television,distribution,co0005035
Zima Entertainment,distribution,co0076262
Sovereign Pictures,production,co0087376
Reversal Films Inc.,production,co0028550
Shochiku-Fuji Company,production,co0071942
Bulgari,miscellaneous,co0022410
Cerruti 1881,miscellaneous,co0047528
Cinema Research,miscellaneous,co0058110
General Camera Corporation,miscellaneous,co0012863
Louis Nichole,miscellaneous,co0027425
Magno Sound and Video,miscellaneous,co0094054
National Association of Broadcast Employees and Technicians (NABET),miscellaneous,co0292090
Reed & Barton,miscellaneous,co0005271
Schneeman Studio,miscellaneous,co0020469
Sylvia Fay Casting,miscellaneous,co0119132
T.A.B. Inc.,miscellaneous,co0098937
Toronto International Film Festival,miscellaneous,co0047102
Waterford/Wedgewood,miscellaneous,co0035792
