company_name,company_type,imdb_id,is_major_studio
Ronin Films,distribution,co0086057,False
Buena Vista International,distribution,co0000779,False
Fine Line Features,distribution,co0043853,False
Pinema,distribution,co0137855,False
Gaumont Buena Vista International (GBVI),distribution,co0033410,False
Media Asia Films,distribution,co0093755,False
Prooptiki,distribution,co0020389,False
SF Studio,distribution,co0832342,False
Svensk Filmindustri (SF),distribution,co0050989,False
Vitória Filmes,distribution,co0107988,False
Alliance Video,distribution,co0052213,False
Audio Visual Enterprises,distribution,co0006126,False
ERA Home Entertainment,distribution,co0120660,False
Gativideo,distribution,co0044350,False
New Line Home Video,distribution,co0079450,False
Roadshow Home Video,distribution,co0006451,False
The Criterion Collection,distribution,co0044076,False
Roadshow Entertainment Video,distribution,co0065990,False
Sky Box Office,distribution,co0217851,False
Starz,distribution,co0000869,False
British Broadcasting Corporation (BBC),distribution,co0043107,False
TNT,distribution,co0009512,False
Film Four Distributors,distribution,co0167590,False
Umbrella Entertainment,distribution,co0122766,False
GEM Entertainment,distribution,co0603957,False
StudioCanal,distribution,co0047476,False
ARTE,distribution,co0164664,False
ARTE,distribution,co0014456,False
Australian Broadcasting Corporation (ABC),distribution,co0051111,False
Pandora Cinema,sales,co0313508,False
Australian Film Finance Corporation (AFFC),production,co0023514,False
Film Victoria,production,co0003913,False
Momentum Films,production,co0722800,False
Soundfirm,production,co0032262,False
The South Australian Film Corporation,production,co0036887,False
AAV Australia,miscellaneous,co0041023,False
ARRI Lighting Rental,miscellaneous,co0105304,False
ARRI Media,miscellaneous,co0017044,False
Adelphia Studio,miscellaneous,co0078122,False
Allan Eaton Studios,miscellaneous,co0109726,False
Block-Korenbrot Public Relations,miscellaneous,co0013901,False
"Brashs, Adelaide",miscellaneous,co0061157,False
Cameraquip Australia,miscellaneous,co0037221,False
Colour & Movement Films,miscellaneous,co0064950,False
Ebony & Ivory,miscellaneous,co0052860,False
Esoteric Technologies P/L,miscellaneous,co0005458,False
Film Finances,miscellaneous,co0007445,False
Film Victoria,miscellaneous,co0003913,False
Freeway CAM B.V.,miscellaneous,co0207565,False
Great Scott Productions Pty. Ltd.,miscellaneous,co0082051,False
HW Wood,miscellaneous,co0021705,False
Lucasfilm THX / TAP Theater Alignment Program,miscellaneous,co0172511,False
Manny's Music,miscellaneous,co0070562,False
Marshalls & Dent,miscellaneous,co0050546,False
"Mayer, Glassman & Gaines",miscellaneous,co0046823,False
Morris Angel & Son,miscellaneous,co0105295,False
NSW Film & TV Office,miscellaneous,co0026311,False
Optical & Graphics,miscellaneous,co0098870,False
Philips Classics,miscellaneous,co0110159,False
Ray Knight Casting,miscellaneous,co0057508,False
Roadshow Coote & Carroll,miscellaneous,co0116535,False
Robert Smith Agency,miscellaneous,co0055743,False
Ronin Films,miscellaneous,co0017103,False
Soundfirm,miscellaneous,co0032262,False
Sundance Film Festival,miscellaneous,co0087643,False
The Australian Film Commission,miscellaneous,co0002712,False
The Royal College of Music Orchestra,miscellaneous,co0059210,False
The South Australian Film Corporation,miscellaneous,co0036887,False
Toronto International Film Festival,miscellaneous,co0047102,False
Traveltoo,miscellaneous,co0042326,False
Wood Hall Catering,miscellaneous,co0164952,False
Yamaha Music,miscellaneous,co0070227,False
