company_name,company_type,imdb_id
Columbia Pictures,distribution,co0050868
Columbia TriStar Films,distribution,co1105615
Medusa Communications and Marketing,distribution,co0106121
Ascot Elite Entertainment Group,distribution,co0102291
Concorde Film,distribution,co0051881
Egmont Film,distribution,co0371331
Egmont Film,distribution,co0031483
Elliniki Kinimatografiki Enosi (ELKE),distribution,co0001933
Europafilm,distribution,co0002826
Finnkino,distribution,co0014703
Jugendfilm-Verleih,distribution,co0018825
Roadshow Entertainment,distribution,co0152990
Transmundo Films,distribution,co0027133
Union Générale Cinématographique (UGC),distribution,co0069524
Nelson Entertainment,distribution,co0020346
New Line Home Video,distribution,co0079450
RCA/Columbia Pictures Home Video,distribution,co0070977
Sony Corporation of America,distribution,co0071829
Transmundo Home Video (THV),distribution,co0040022
Concorde Video,distribution,co0231842
Excalibur Benelux,distribution,co0207362
Highlight Video,distribution,co0069597
Home Video Hellas (HVH),distribution,co0048760
MGM Home Entertainment,distribution,co0015461
Video Film Express,distribution,co0068056
Gemini Film,distribution,co0236212
CBS,distribution,co0070627
ETD Home Video,distribution,co0158535
Columbia TriStar Home Video,distribution,co0001850
Image Entertainment,distribution,co0013585
Nipponherarudoeiga,distribution,co0403003
Pioneer,distribution,co0052747
Mainostelevisio (MTV3),distribution,co0069920
Astro Distribution,distribution,co0017313
PolyGram Video,distribution,co0044762
PolyGram Video,distribution,co0113340
Twentieth Century Fox Home Entertainment,distribution,co0189783
20th Century Fox Home Entertainment,distribution,co0918688
FS Film,distribution,co0363592
Gemini Film,distribution,co0067533
Nelonen,distribution,co0029644
Sony Pictures Home Entertainment,distribution,co0137851
20th Century Fox Home Entertainment,distribution,co0010224
Warner Bros. Domestic Television Distribution,distribution,co0056265
Sub,distribution,co0260673
Zavvi Entertainment Group,distribution,co0549466
Scream Factory,distribution,co0235493
HBO Max,distribution,co0754095
Nine Network Australia,distribution,co0006628
Kino Lorber,distribution,co0291948
1+1,distribution,co0532355
9Gem,distribution,co0781000
American Movie Classics (AMC),distribution,co0019701
British Broadcasting Corporation (BBC),distribution,co0043107
Capelight Pictures,distribution,co0151501
Castle Rock Entertainment,production,co0040620
Nelson Entertainment,production,co0020346
KNB EFX Group,specialEffects,co0015640
20th Century Fox Studios,miscellaneous,co0096253
AVI Records Productions,miscellaneous,co0185181
Bay Cities,miscellaneous,co0663938
Chapman Equipment,miscellaneous,co0044013
Credit Lyonnais Bank (Nederland) N.V.,miscellaneous,co0014724
Cynthia's Distinctive Catering,miscellaneous,co0185116
Dolby Stereo,miscellaneous,co0389069
Eric Lieber Productions,miscellaneous,co0067759
International Alliance of Theatrical Stage Employees (IATSE),miscellaneous,co0190210
JoAnn Kane Music Service,miscellaneous,co0037460
Mark Goodson Productions LLC,miscellaneous,co0093734
Nancy Seltzer & Associates,miscellaneous,co0002606
Pacific Studios II,miscellaneous,co0009149
Pacific Title,miscellaneous,co0001256
Sally Lear Casting,miscellaneous,co0185101
Sally Perle & Associates,miscellaneous,co0006706
Skywalker Sound,miscellaneous,co0072003
TAJ Soundworks,miscellaneous,co0012314
THX Sound System Theatre,miscellaneous,co0168818
"The City of Genoa, Nevada",miscellaneous,co0185204
The Washoe Tribe of Nevada and California,miscellaneous,co0185242
Unique Movie Cars,miscellaneous,co0033102
Variety Cinema Catering,miscellaneous,co0027392
