company_name,company_type,imdb_id
Everard Films,distribution,co0006636
Miramax,distribution,co0022594
Roadshow Films,distribution,co0058792
Concorde Film,distribution,co0051881
Finnkino,distribution,co0014703
Shibata Organisation,distribution,co0000552
Svenska Filminstitutet (SFI),distribution,co0048118
Bac Films,distribution,co0024879
Cinemussy,distribution,co0013341
Cinepix / Famous Players Distribution (C/FP),distribution,co0326810
Solopan,distribution,co0016032
Transmundo Films,distribution,co0027133
Live Home Video,distribution,co0090510
Teleview International,distribution,co0286501
Buena Vista International,distribution,co0000779
Transmundo Home Video (THV),distribution,co0040022
Yleisradio (YLE),distribution,co0013526
Avid Home Entertainment,distribution,co0158272
National Broadcasting Company (NBC),distribution,co0072315
MTV3,distribution,co1039885
Atlantic Film,distribution,co0182772
Future Film,distribution,co0079555
Kinowelt Home Entertainment,distribution,co0019532
Gativideo,distribution,co0044350
IPA Asia Pacific,distribution,co0003188
Belga Films,distribution,co0055078
Carlotta Films,distribution,co0037047
Arthaus,distribution,co0608555
Artisan Home Entertainment,distribution,co0098779
Atlantic Film,distribution,co0291961
BigStar.TV,distribution,co0249679
Buena Vista Television,distribution,co0078478
C/FP Video,distribution,co0089174
Canvas,distribution,co0136706
Culture Publishers (CP),distribution,co0093673
Kinokuniya,distribution,co0002084
Leda Filmes,distribution,co0848996
Lionsgate Home Entertainment,distribution,co0292909
Lumière Home Entertainment,distribution,co0267142
NITV,distribution,co0313754
Nitrato Filmes,distribution,co0482144
Paris Vídeo,distribution,co0084801
The Criterion Channel,distribution,co0804141
The Criterion Collection,distribution,co0044076
Touchstone Home Video,distribution,co1002359
United Video,distribution,co0151294
Videomax,distribution,co0357598
Zima Entertainment,distribution,co0076262
Zweitausendeins,distribution,co0295619
CiBy 2000,production,co0008195
Jan Chapman Productions,production,co0000915
The Australian Film Commission,production,co0002712
New South Wales Film & Television Office,production,co0055470
Arco Studios,miscellaneous,co0058852
Atlab,miscellaneous,co0058571
Blue Efficience,miscellaneous,co0623862
Cannes Film Festival,miscellaneous,co0034345
Flying Trestles,miscellaneous,co0074777
HW Wood,miscellaneous,co0021705
Murray Weissman and Associates,miscellaneous,co0160895
Optical & Graphics,miscellaneous,co0098870
Spectrum Films,miscellaneous,co0017733
Toronto International Film Festival,miscellaneous,co0047102
