company_name,company_type,imdb_id,is_major_studio
Lionsgate,distribution,co0006881,False
Ascot Elite Entertainment Group,distribution,co0102291,False
Central Partnership,distribution,co0020442,False
Metropolitan Filmexport,distribution,co0013658,False
Hoyts Distribution,distribution,co0050640,False
Spentzos Films,distribution,co0030651,False
01 Distribution,distribution,co0066477,False
Vértigo Films,distribution,co0016296,False
Independent Films,distribution,co0003210,False
Alfa Films,distribution,co0015030,False
Entertainment Film Distributors,distribution,co0103790,False
Tobis StudioCanal,distribution,co0044827,False
Prorom Media-Trade,distribution,co0191119,False
Finnkino,distribution,co0014703,False
Scanbox Sweden AB,distribution,co0614369,False
Columbia TriStar Home Entertainment,distribution,co0225408,False
DeAPlaneta,distribution,co0081237,False
Dutch FilmWorks (DFW),distribution,co0024325,False
E Stars Films,distribution,co0140082,False
Front Row Filmed Entertainment,distribution,co0238173,False
Imagem Filmes,distribution,co0073600,False
Kanal 11,distribution,co0237463,False
Lions Gate Home Entertainment,distribution,co1020766,False
Lionsgate Home Entertainment,distribution,co0292909,False
NITV,distribution,co0313754,False
Nelonen,distribution,co0029644,False
Scanbox Entertainment,distribution,co0019016,False
Transeuropa Video Entertainment (TVE),distribution,co0002974,False
Universum Film (UFA),distribution,co0021661,False
Videomax,distribution,co0357598,False
Yleisradio (YLE),distribution,co0013526,False
Lionsgate,production,co0006881,False
Lee Daniels Entertainment,production,co0048235,False
Sol Design FX,specialEffects,co0012349,False
AON/Albert G. Ruben Insurance Services,miscellaneous,co0028976,False
Air Core 1 Generic,miscellaneous,co0117095,False
American Heart Association,miscellaneous,co0188378,False
Arriflex,miscellaneous,co0720906,False
Axium/Avalon Entertainment Services,miscellaneous,co0048257,False
Bacardi.,miscellaneous,co0052475,False
Blockbuster Video,miscellaneous,co0044671,False
Blue Bunny Ice Cream,miscellaneous,co0117096,False
Bolle Sunglasses,miscellaneous,co0117097,False
Braun Coffeemaker,miscellaneous,co0117098,False
Carhart,miscellaneous,co0094637,False
Casio Electronics,miscellaneous,co0133857,False
Cat Footware,miscellaneous,co0117099,False
Cherry Marketing Institute,miscellaneous,co0117100,False
Club Magazine,miscellaneous,co0117101,False
Coastal Grip,miscellaneous,co0117102,False
Coleman Coolers,miscellaneous,co0117103,False
Crew Cuts,miscellaneous,co0024274,False
Daily Herald,miscellaneous,co0117104,False
Dewar's,miscellaneous,co0117105,False
Dickies,miscellaneous,co0117106,False
Entertainment Post,miscellaneous,co0078314,False
Executive Cutting Service,miscellaneous,co0011890,False
Fix-A-Flat,miscellaneous,co0117109,False
Francis Ford Coppola's House,miscellaneous,co0117110,False
Frito-Lay,miscellaneous,co0003128,False
Gumout/Outlaw,miscellaneous,co0117111,False
Hatco,miscellaneous,co0117112,False
Hunt's Ketchup,miscellaneous,co0117113,False
Jack Daniels,miscellaneous,co0101662,False
Jeremy Walker + Associates,miscellaneous,co0035624,False
Juiceman,miscellaneous,co0117114,False
Katoo,miscellaneous,co0117115,False
Keslow Camera,miscellaneous,co0067193,False
Lagniappe's Craft Service,miscellaneous,co0117116,False
Lightnin' Production Rentals,miscellaneous,co0041356,False
Lions Gate Records,miscellaneous,co0144495,False
Location Catering Service,miscellaneous,co0072342,False
Maker's Mark,miscellaneous,co0117117,False
Miller Brewing Company,miscellaneous,co0019040,False
Molly McButter,miscellaneous,co0117118,False
Moon Pies,miscellaneous,co0117119,False
Motorola,miscellaneous,co0073368,False
Mrs. Dash Seasonings,miscellaneous,co0117120,False
Nabisco,miscellaneous,co0095608,False
New York Speech Improvement Services,miscellaneous,co0036173,False
Paskal Lighting,miscellaneous,co0068465,False
Pennzoil Product Company,miscellaneous,co0092823,False
PrismSound,miscellaneous,co0044893,False
Procter & Gamble Productions (PGP),miscellaneous,co0089239,False
Quaker Oats,miscellaneous,co0019688,False
Raybanre/Max,miscellaneous,co0117121,False
Rejuvenique,miscellaneous,co0117122,False
Serengeti,miscellaneous,co0117123,False
Soundelux,miscellaneous,co0082400,False
Sports Illustrated,miscellaneous,co0067088,False
The Camera House,miscellaneous,co0117124,False
The Coca-Cola Company,miscellaneous,co0130419,False
The Coffee Beanery,miscellaneous,co0117125,False
The Motion Picture Bond Company,miscellaneous,co0091640,False
Title House Digital,miscellaneous,co0057408,False
Todd Studios,miscellaneous,co0082477,False
Visual Icon,miscellaneous,co0443461,False
WildTurkey,miscellaneous,co0117126,False
