company_name,company_type,imdb_id
Focus Features,distribution,co0042399
Bac Films,distribution,co0024879
Frenetic Films,distribution,co0020098
Megarama Distribution,distribution,co0225993
Panasia Films,distribution,co0108139
Pathé Distribution,distribution,co0106142
TVA Films,distribution,co0114012
Tobis StudioCanal,distribution,co0044827
United King Films,distribution,co0037930
DeAPlaneta,distribution,co0081237
01 Distribution,distribution,co0066477
A-Film Distribution,distribution,co0059453
Alfa Films,distribution,co0015030
CCV,distribution,co0015571
Camera Film,distribution,co0095840
Cascade Film,distribution,co0006894
Cinema Mondo,distribution,co0051199
Cines Unidos,distribution,co0154305
Cinéart,distribution,co0084832
Falcon,distribution,co0040374
Prooptiki,distribution,co0020389
Triangelfilm,distribution,co0023836
Videocine,distribution,co0013650
Özen Film,distribution,co0040224
A-Film Home Entertainment,distribution,co0113335
Amuse Pictures,distribution,co0064228
Bergvik,distribution,co0053336
Gateno Films,distribution,co0125998
Impuls Home Entertainment,distribution,co0107339
Panorama Distributions,distribution,co0108153
Transeuropa Video Entertainment (TVE),distribution,co0002974
UFA Video,distribution,co0048514
Universal Studios Home Video,distribution,co0021294
Wild Side Vidéo,distribution,co0107983
China Film Group Corporation (CFGC),distribution,co0049799
Universal Pictures Finland,distribution,co0388514
StudioCanal,distribution,co0047476
Yleisradio (YLE),distribution,co0013526
TV5,distribution,co0375601
Broadmedia Studios,distribution,co0167177
Arthaus,distribution,co0608555
Shout Select,distribution,co0950058
Dutch FilmWorks (DFW),distribution,co0024325
Rialto Pictures,distribution,co0049592
Europa Filmes,distribution,co0008247
StudioCanal International,sales,co0282780
StudioCanal,sales,co0047476
R.P. Productions,production,co0024473
Heritage Films,production,co0030304
Studio Babelsberg,production,co0053177
Runteam,production,co0104170
Canal+,production,co0028557
StudioCanal,production,co0047476
Bac Films,production,co0024879
Canal+ Polska,production,co0043688
Telewizja Polska (TVP),production,co0023778
Agencja Produkcji Filmowej,production,co0086499
Filmboard Berlin-Brandenburg (FBB),production,co0086504
FilmFernsehFonds Bayern,production,co0031229
Filmförderungsanstalt (FFA),production,co0002254
Beverly Detroit,production,co0058058
Interscope Communications,production,co0031772
Mainstream S.A.,production,co0078675
Das Werk,specialEffects,co0017789
MagicMove GmbH,specialEffects,co0032821
Magicon,specialEffects,co0038719
Sparks Filmtechnik GmbH,specialEffects,co0097938
Éclair Numérique,specialEffects,co0145537
Pandora International,specialEffects,co0156340
AON/Albert G. Ruben Insurance Services,miscellaneous,co0231793
Air France,miscellaneous,co0054251
"Assurances Continentales, Les",miscellaneous,co0014884
Audi,miscellaneous,co0230048
Audio 24/25,miscellaneous,co0042150
Cannes Film Festival,miscellaneous,co0034345
Cinemontage,miscellaneous,co0137696
Cinéstéréo,miscellaneous,co0120624
Coficiné,miscellaneous,co0048713
Davenport Lyons,miscellaneous,co0122034
Filharmonia Narodowa,miscellaneous,co0132651
Filminger,miscellaneous,co0121486
Goldcrest Post Production London,miscellaneous,co0064741
Keith Sherman & Associates,miscellaneous,co0197137
Kodak,miscellaneous,co0158576
Malde & Co.,miscellaneous,co0105709
Matrix Film Finance,miscellaneous,co0105929
SIS TV,miscellaneous,co0201224
Scanlab Saint Cloud,miscellaneous,co0151225
Sony Classical,miscellaneous,co0100585
The Jewish Historical Institute in Warsaw,miscellaneous,co0291653
The People of Warsaw,miscellaneous,co0291682
The Sound Design Company,miscellaneous,co0105428
The Travel Company,miscellaneous,co0040309
Theaterkunst,miscellaneous,co0061638
Theatre Kunz,miscellaneous,co0291720
Transit Film,miscellaneous,co0041018
Wfdir Archiwum Filmowe Warszawa,miscellaneous,co0201229
Witold Lutowslawski Polish Radio Studio,miscellaneous,co0201115
