company_name,company_type,imdb_id,is_major_studio
Focus Features,distribution,co0042399,False
Bac Films,distribution,co0024879,False
Frenetic Films,distribution,co0020098,False
Megarama Distribution,distribution,co0225993,False
Panasia Films,distribution,co0108139,False
Pathé Distribution,distribution,co0106142,False
TVA Films,distribution,co0114012,False
Tobis StudioCanal,distribution,co0044827,False
United King Films,distribution,co0037930,False
DeAPlaneta,distribution,co0081237,False
01 Distribution,distribution,co0066477,False
A-Film Distribution,distribution,co0059453,False
Alfa Films,distribution,co0015030,False
CCV,distribution,co0015571,False
Camera Film,distribution,co0095840,False
Cascade Film,distribution,co0006894,False
Cinema Mondo,distribution,co0051199,False
Cines Unidos,distribution,co0154305,False
Cinéart,distribution,co0084832,False
Falcon,distribution,co0040374,False
Prooptiki,distribution,co0020389,False
Triangelfilm,distribution,co0023836,False
Videocine,distribution,co0013650,False
Özen Film,distribution,co0040224,False
A-Film Home Entertainment,distribution,co0113335,False
Amuse Pictures,distribution,co0064228,False
Bergvik,distribution,co0053336,False
Gateno Films,distribution,co0125998,False
Impuls Home Entertainment,distribution,co0107339,False
Panorama Distributions,distribution,co0108153,False
Transeuropa Video Entertainment (TVE),distribution,co0002974,False
UFA Video,distribution,co0048514,False
Universal Studios Home Video,distribution,co0021294,False
Wild Side Vidéo,distribution,co0107983,False
China Film Group Corporation (CFGC),distribution,co0049799,False
Universal Pictures Finland,distribution,co0388514,True
StudioCanal,distribution,co0047476,False
Yleisradio (YLE),distribution,co0013526,False
TV5,distribution,co0375601,False
Broadmedia Studios,distribution,co0167177,False
Arthaus,distribution,co0608555,False
Shout Select,distribution,co0950058,False
Dutch FilmWorks (DFW),distribution,co0024325,False
Rialto Pictures,distribution,co0049592,False
Europa Filmes,distribution,co0008247,False
StudioCanal International,sales,co0282780,False
StudioCanal,sales,co0047476,False
R.P. Productions,production,co0024473,False
Heritage Films,production,co0030304,False
Studio Babelsberg,production,co0053177,False
Runteam,production,co0104170,False
Canal+,production,co0028557,False
StudioCanal,production,co0047476,False
Bac Films,production,co0024879,False
Canal+ Polska,production,co0043688,False
Telewizja Polska (TVP),production,co0023778,False
Agencja Produkcji Filmowej,production,co0086499,False
Filmboard Berlin-Brandenburg (FBB),production,co0086504,False
FilmFernsehFonds Bayern,production,co0031229,False
Filmförderungsanstalt (FFA),production,co0002254,False
Beverly Detroit,production,co0058058,False
Interscope Communications,production,co0031772,False
Mainstream S.A.,production,co0078675,False
Das Werk,specialEffects,co0017789,False
MagicMove GmbH,specialEffects,co0032821,False
Magicon,specialEffects,co0038719,False
Sparks Filmtechnik GmbH,specialEffects,co0097938,False
Éclair Numérique,specialEffects,co0145537,False
Pandora International,specialEffects,co0156340,False
AON/Albert G. Ruben Insurance Services,miscellaneous,co0231793,False
Air France,miscellaneous,co0054251,False
"Assurances Continentales, Les",miscellaneous,co0014884,False
Audi,miscellaneous,co0230048,False
Audio 24/25,miscellaneous,co0042150,False
Cannes Film Festival,miscellaneous,co0034345,False
Cinemontage,miscellaneous,co0137696,False
Cinéstéréo,miscellaneous,co0120624,False
Coficiné,miscellaneous,co0048713,False
Davenport Lyons,miscellaneous,co0122034,False
Filharmonia Narodowa,miscellaneous,co0132651,False
Filminger,miscellaneous,co0121486,False
Goldcrest Post Production London,miscellaneous,co0064741,False
Keith Sherman & Associates,miscellaneous,co0197137,False
Kodak,miscellaneous,co0158576,False
Malde & Co.,miscellaneous,co0105709,False
Matrix Film Finance,miscellaneous,co0105929,False
SIS TV,miscellaneous,co0201224,False
Scanlab Saint Cloud,miscellaneous,co0151225,False
Sony Classical,miscellaneous,co0100585,False
The Jewish Historical Institute in Warsaw,miscellaneous,co0291653,False
The People of Warsaw,miscellaneous,co0291682,False
The Sound Design Company,miscellaneous,co0105428,False
The Travel Company,miscellaneous,co0040309,False
Theaterkunst,miscellaneous,co0061638,False
Theatre Kunz,miscellaneous,co0291720,False
Transit Film,miscellaneous,co0041018,False
Wfdir Archiwum Filmowe Warszawa,miscellaneous,co0201229,False
Witold Lutowslawski Polish Radio Studio,miscellaneous,co0201115,False
