company_name,company_type,imdb_id
Paramount Pictures,distribution,co0023400
Miramax International,distribution,co0681704
Asmik Ace Entertainment,distribution,co0023391
Buena Vista International (Australia),distribution,co0133895
Buena Vista International,distribution,co0000779
Film Pop,distribution,co0127142
Highlight Film,distribution,co0001547
Imagem Filmes,distribution,co0073600
Laurenfilm,distribution,co0080682
RCV Film Distribution,distribution,co0179583
RCV Film Distribution,distribution,co0179582
RCV Film Distribution,distribution,co0061879
SPI International,distribution,co0086923
Scanbox Entertainment,distribution,co0003833
Scanbox Entertainment,distribution,co1003969
Sunny Films,distribution,co0164068
TFM Distribution,distribution,co0016056
United International Pictures (UIP),distribution,co0130609
Village Films,distribution,co0127131
West,distribution,co0051739
Audio Visual Enterprises,distribution,co0006126
Gativideo,distribution,co0044350
Highlight Video,distribution,co0069597
LNK Video,distribution,co0128220
Paramount Home Entertainment,distribution,co0051891
RCV Home Entertainment,distribution,co0190332
Ster-Kinekor Home Entertainment,distribution,co0125970
TF1 Vidéo,distribution,co0101929
Universe Laser & Video Co. Ltd.,distribution,co0070089
Buena Vista Home Entertainment,distribution,co0049546
CBS Paramount Domestic Television,distribution,co0170466
CBS Media Ventures,distribution,co0213710
Eagle Home Video,distribution,co0362407
The Criterion Channel,distribution,co0804141
Pluto TV,distribution,co0545791
Miramax International,sales,co0681704
Paramount Pictures,production,co0023400
Miramax,production,co0022594
Scott Rudin Productions,production,co0093765
Double Negative (DNEG),specialEffects,co0105115
AVC Catering,miscellaneous,co0109833
Abbey Road Studios,miscellaneous,co0105292
Casting Collective,miscellaneous,co0105319
Cecil B. DeMeals,miscellaneous,co0002506
Cine Image Film Opticals,miscellaneous,co0051607
Cutting Edge,miscellaneous,co0105875
David Deane Associates,miscellaneous,co0109771
DeLuxe Laboratories,miscellaneous,co0026998
Digital Cinema,miscellaneous,co0024974
Ellen Jacoby Casting,miscellaneous,co0026631
Funn,miscellaneous,co0431057
Gearbox Sound and Vision,miscellaneous,co0137703
Gewandhausorchester Leipzig,miscellaneous,co0091740
Global Music Service,miscellaneous,co0087594
Goldcrest Post Production London,miscellaneous,co0064741
Helen Uffner Vintage Clothing,miscellaneous,co0087225
International Alliance of Theatrical Stage Employees (IATSE),miscellaneous,co0190210
Joe Dunton & Company,miscellaneous,co0168130
Lee Lighting,miscellaneous,co0105122
Liberator Productions,miscellaneous,co0057902
McDonald and Rutter,miscellaneous,co0105433
Momoco,miscellaneous,co0499006
Momoco/Maguffin,miscellaneous,co0109898
Nonesuch Records,miscellaneous,co0101857
PMK / HBH,miscellaneous,co0186355
Panavision,miscellaneous,co0041930
Pinewood Studios,miscellaneous,co0041067
Premier Caterers Ltd.,miscellaneous,co0156970
Salon,miscellaneous,co0109828
Sapex Scripts,miscellaneous,co0081577
Shepperton Studios,miscellaneous,co0103344
Sound One,miscellaneous,co0002195
Sylvia Fay/Lee Genick & Associates Casting,miscellaneous,co0182812
T.V. Dinners,miscellaneous,co0101772
The Estate of Duncan Grant,miscellaneous,co0194510
The Estate of Vanessa Bell,miscellaneous,co0194501
The Estate of Virginia Woolf,miscellaneous,co0194502
The London Session Orchestra,miscellaneous,co0105441
The Sound Design Company,miscellaneous,co0105428
