company_name,company_type,imdb_id
Lionsgate,distribution,co0006881
Ascot Elite Entertainment Group,distribution,co0102291
Central Partnership,distribution,co0020442
Metropolitan Filmexport,distribution,co0013658
Hoyts Distribution,distribution,co0050640
Spentzos Films,distribution,co0030651
01 Distribution,distribution,co0066477
Vértigo Films,distribution,co0016296
Independent Films,distribution,co0003210
Alfa Films,distribution,co0015030
Entertainment Film Distributors,distribution,co0103790
Tobis StudioCanal,distribution,co0044827
Prorom Media-Trade,distribution,co0191119
Finnkino,distribution,co0014703
Scanbox Sweden AB,distribution,co0614369
Columbia TriStar Home Entertainment,distribution,co0225408
DeAPlaneta,distribution,co0081237
Dutch FilmWorks (DFW),distribution,co0024325
E Stars Films,distribution,co0140082
Front Row Filmed Entertainment,distribution,co0238173
Imagem Filmes,distribution,co0073600
Kanal 11,distribution,co0237463
Lions Gate Home Entertainment,distribution,co1020766
Lionsgate Home Entertainment,distribution,co0292909
NITV,distribution,co0313754
Nelonen,distribution,co0029644
Scanbox Entertainment,distribution,co0019016
Transeuropa Video Entertainment (TVE),distribution,co0002974
Universum Film (UFA),distribution,co0021661
Videomax,distribution,co0357598
Yleisradio (YLE),distribution,co0013526
Lionsgate,production,co0006881
Lee Daniels Entertainment,production,co0048235
Sol Design FX,specialEffects,co0012349
AON/Albert G. Ruben Insurance Services,miscellaneous,co0028976
Air Core 1 Generic,miscellaneous,co0117095
American Heart Association,miscellaneous,co0188378
Arriflex,miscellaneous,co0720906
Axium/Avalon Entertainment Services,miscellaneous,co0048257
Bacardi.,miscellaneous,co0052475
Blockbuster Video,miscellaneous,co0044671
Blue Bunny Ice Cream,miscellaneous,co0117096
Bolle Sunglasses,miscellaneous,co0117097
Braun Coffeemaker,miscellaneous,co0117098
Carhart,miscellaneous,co0094637
Casio Electronics,miscellaneous,co0133857
Cat Footware,miscellaneous,co0117099
Cherry Marketing Institute,miscellaneous,co0117100
Club Magazine,miscellaneous,co0117101
Coastal Grip,miscellaneous,co0117102
Coleman Coolers,miscellaneous,co0117103
Crew Cuts,miscellaneous,co0024274
Daily Herald,miscellaneous,co0117104
Dewar's,miscellaneous,co0117105
Dickies,miscellaneous,co0117106
Entertainment Post,miscellaneous,co0078314
Executive Cutting Service,miscellaneous,co0011890
Fix-A-Flat,miscellaneous,co0117109
Francis Ford Coppola's House,miscellaneous,co0117110
Frito-Lay,miscellaneous,co0003128
Gumout/Outlaw,miscellaneous,co0117111
Hatco,miscellaneous,co0117112
Hunt's Ketchup,miscellaneous,co0117113
Jack Daniels,miscellaneous,co0101662
Jeremy Walker + Associates,miscellaneous,co0035624
Juiceman,miscellaneous,co0117114
Katoo,miscellaneous,co0117115
Keslow Camera,miscellaneous,co0067193
Lagniappe's Craft Service,miscellaneous,co0117116
Lightnin' Production Rentals,miscellaneous,co0041356
Lions Gate Records,miscellaneous,co0144495
Location Catering Service,miscellaneous,co0072342
Maker's Mark,miscellaneous,co0117117
Miller Brewing Company,miscellaneous,co0019040
Molly McButter,miscellaneous,co0117118
Moon Pies,miscellaneous,co0117119
Motorola,miscellaneous,co0073368
Mrs. Dash Seasonings,miscellaneous,co0117120
Nabisco,miscellaneous,co0095608
New York Speech Improvement Services,miscellaneous,co0036173
Paskal Lighting,miscellaneous,co0068465
Pennzoil Product Company,miscellaneous,co0092823
PrismSound,miscellaneous,co0044893
Procter & Gamble Productions (PGP),miscellaneous,co0089239
Quaker Oats,miscellaneous,co0019688
Raybanre/Max,miscellaneous,co0117121
Rejuvenique,miscellaneous,co0117122
Serengeti,miscellaneous,co0117123
Soundelux,miscellaneous,co0082400
Sports Illustrated,miscellaneous,co0067088
The Camera House,miscellaneous,co0117124
The Coca-Cola Company,miscellaneous,co0130419
The Coffee Beanery,miscellaneous,co0117125
The Motion Picture Bond Company,miscellaneous,co0091640
Title House Digital,miscellaneous,co0057408
Todd Studios,miscellaneous,co0082477
Visual Icon,miscellaneous,co0443461
WildTurkey,miscellaneous,co0117126
