company_name,company_type,imdb_id,is_major_studio
Paramount Pictures,distribution,co0023400,True
Miramax International,distribution,co0681704,False
Asmik Ace Entertainment,distribution,co0023391,False
Buena Vista International (Australia),distribution,co0133895,False
Buena Vista International,distribution,co0000779,False
Film Pop,distribution,co0127142,False
Highlight Film,distribution,co0001547,False
Imagem Filmes,distribution,co0073600,False
Laurenfilm,distribution,co0080682,False
RCV Film Distribution,distribution,co0179583,False
RCV Film Distribution,distribution,co0179582,False
RCV Film Distribution,distribution,co0061879,False
SPI International,distribution,co0086923,False
Scanbox Entertainment,distribution,co0003833,False
Scanbox Entertainment,distribution,co1003969,False
Sunny Films,distribution,co0164068,False
TFM Distribution,distribution,co0016056,False
United International Pictures (UIP),distribution,co0130609,False
Village Films,distribution,co0127131,False
West,distribution,co0051739,False
Audio Visual Enterprises,distribution,co0006126,False
Gativideo,distribution,co0044350,False
Highlight Video,distribution,co0069597,False
LNK Video,distribution,co0128220,False
Paramount Home Entertainment,distribution,co0051891,False
RCV Home Entertainment,distribution,co0190332,False
Ster-Kinekor Home Entertainment,distribution,co0125970,False
TF1 Vidéo,distribution,co0101929,False
Universe Laser & Video Co. Ltd.,distribution,co0070089,False
Buena Vista Home Entertainment,distribution,co0049546,False
CBS Paramount Domestic Television,distribution,co0170466,False
CBS Media Ventures,distribution,co0213710,False
Eagle Home Video,distribution,co0362407,False
The Criterion Channel,distribution,co0804141,False
Pluto TV,distribution,co0545791,False
Miramax International,sales,co0681704,False
Paramount Pictures,production,co0023400,True
Miramax,production,co0022594,False
Scott Rudin Productions,production,co0093765,False
Double Negative (DNEG),specialEffects,co0105115,False
AVC Catering,miscellaneous,co0109833,False
Abbey Road Studios,miscellaneous,co0105292,False
Casting Collective,miscellaneous,co0105319,False
Cecil B. DeMeals,miscellaneous,co0002506,False
Cine Image Film Opticals,miscellaneous,co0051607,False
Cutting Edge,miscellaneous,co0105875,False
David Deane Associates,miscellaneous,co0109771,False
DeLuxe Laboratories,miscellaneous,co0026998,False
Digital Cinema,miscellaneous,co0024974,False
Ellen Jacoby Casting,miscellaneous,co0026631,False
Funn,miscellaneous,co0431057,False
Gearbox Sound and Vision,miscellaneous,co0137703,False
Gewandhausorchester Leipzig,miscellaneous,co0091740,False
Global Music Service,miscellaneous,co0087594,False
Goldcrest Post Production London,miscellaneous,co0064741,False
Helen Uffner Vintage Clothing,miscellaneous,co0087225,False
International Alliance of Theatrical Stage Employees (IATSE),miscellaneous,co0190210,False
Joe Dunton & Company,miscellaneous,co0168130,False
Lee Lighting,miscellaneous,co0105122,False
Liberator Productions,miscellaneous,co0057902,False
McDonald and Rutter,miscellaneous,co0105433,False
Momoco,miscellaneous,co0499006,False
Momoco/Maguffin,miscellaneous,co0109898,False
Nonesuch Records,miscellaneous,co0101857,False
PMK / HBH,miscellaneous,co0186355,False
Panavision,miscellaneous,co0041930,False
Pinewood Studios,miscellaneous,co0041067,False
Premier Caterers Ltd.,miscellaneous,co0156970,False
Salon,miscellaneous,co0109828,False
Sapex Scripts,miscellaneous,co0081577,False
Shepperton Studios,miscellaneous,co0103344,False
Sound One,miscellaneous,co0002195,False
Sylvia Fay/Lee Genick & Associates Casting,miscellaneous,co0182812,False
T.V. Dinners,miscellaneous,co0101772,False
The Estate of Duncan Grant,miscellaneous,co0194510,False
The Estate of Vanessa Bell,miscellaneous,co0194501,False
The Estate of Virginia Woolf,miscellaneous,co0194502,False
The London Session Orchestra,miscellaneous,co0105441,False
The Sound Design Company,miscellaneous,co0105428,False
