company_name,company_type,imdb_id
Twentieth Century Fox,distribution,co0000756
Bontonfilm,distribution,co0033954
FS Film,distribution,co0363592
Fox-Warner,distribution,co0125154
20th Century Fox Argentina,distribution,co0007180
Warner Bros. F.E.,distribution,co0135321
20th Century Fox Home Entertainment,distribution,co0280047
20th Century Fox Home Entertainment,distribution,co0010224
Fox Pathé Europa,distribution,co0107998
Gativideo,distribution,co0044350
Twentieth Century Fox Home Entertainment,distribution,co0189783
RTL Entertainment,distribution,co0112383
CBS,distribution,co0070627
Vrijzinnig Protestantse Radio Omroep (VPRO),distribution,co0018439
HBO Max,distribution,co0754095
Fox Home Entertainment,distribution,co0496965
Fox 2000 Pictures,production,co0017497
Tree Line Film,production,co0131022
Konrad Pictures,production,co0010901
Catfish Productions,production,co0076925
Major Studio Partners,production,co0174362
Mars Media Beteiligungs,production,co0216918
Digital Backlot,specialEffects,co0062100
Modern VideoFilm,specialEffects,co0072759
Crazy Horse Effects,specialEffects,co0266642
20th Century Fox Studios,miscellaneous,co0096253
Capitol Studios,miscellaneous,co0035829
Chapman/Leonard Studio Equipment,miscellaneous,co0008022
Columbia Records,miscellaneous,co0064761
DeLuxe Laboratories,miscellaneous,co0026998
Deluxe Catering,miscellaneous,co0115325
Electromagnetic Studio,miscellaneous,co0178024
Executive Assurance,miscellaneous,co0061632
FotoKem,miscellaneous,co0038383
InSync Plus,miscellaneous,co0586472
Lightnin' Production Rentals,miscellaneous,co0041356
Modern VideoFilm,miscellaneous,co0072759
Panavision,miscellaneous,co0041930
Runway,miscellaneous,co0001233
Sony Pictures Television,miscellaneous,co0086397
Sound Emporium and Ocean Way Nashville,miscellaneous,co0037690
Sun Entertainment,miscellaneous,co0943717
Tai Audio,miscellaneous,co0096965
"Tennessee Film, Entertainment and Music Commission",miscellaneous,co0091252
The Village Recorder,miscellaneous,co0023935
Toronto International Film Festival,miscellaneous,co0047102
Warner Bros. Entertainment,miscellaneous,co0080422
Whacko Inc.,miscellaneous,co0073686
Wind-Up Records,miscellaneous,co0134560
