company_name,company_type,imdb_id,is_major_studio
Universal Pictures,distribution,co0005073,True
Bontonfilm,distribution,co0033954,False
Solar Entertainment,distribution,co0197574,False
United International Pictures (UIP),distribution,co0125155,False
United International Pictures (UIP),distribution,co0012851,False
United International Pictures (UIP),distribution,co0000994,False
United International Pictures (UIP),distribution,co0074139,False
United International Pictures (UIP),distribution,co0040026,False
United International Pictures (UIP),distribution,co0175527,False
United International Pictures (UIP),distribution,co0110120,False
United International Pictures (UIP),distribution,co0043417,False
United International Pictures (UIP),distribution,co0173912,False
United International Pictures (UIP),distribution,co0113995,False
United International Pictures (UIP),distribution,co0015307,False
United International Pictures,distribution,co0097402,False
Argentina Video Home,distribution,co0031085,False
Universal Home Video,distribution,co0035519,False
Universal Pictures Home Entertainment,distribution,co0297627,True
Universal Pictures Video,distribution,co0219620,True
Film1,distribution,co0313320,False
RTL Entertainment,distribution,co0112383,False
Universal Pictures Home Entertainment (UPHE),distribution,co0023827,True
ION Television,distribution,co0200391,False
Fabulous Films,distribution,co0118313,False
HBO Max,distribution,co0754095,False
Umbrella Entertainment,distribution,co0122766,False
Paramount Channel,distribution,co0796240,False
7Bravo,distribution,co0979519,False
Crusader Entertainment,distribution,co0030023,False
Universal Pictures,production,co0005073,True
Bristol Bay Productions,production,co0129170,False
Anvil Films,production,co0112879,False
Baldwin Entertainment Group,production,co0145519,False
Walden Media,production,co0073388,False
KNB EFX Group,specialEffects,co0015640,False
Cinesite (Hollywood),specialEffects,co0052001,False
Luma Pictures,specialEffects,co0116745,False
ABC-Paramount,miscellaneous,co0327798,False
AM Stock-Cameo Film Library,miscellaneous,co0185562,False
AON/Albert G. Ruben Insurance Services,miscellaneous,co0028976,False
Air Lyndhurst Studios,miscellaneous,co0137663,False
American Humane Association,miscellaneous,co0069003,False
"Arts and Entertainment Department, City of New Orleans",miscellaneous,co0327743,False
Atlantic Records,miscellaneous,co0136813,False
Billboard Magazine,miscellaneous,co0094065,False
Boston Light & Sound,miscellaneous,co0079884,False
CBS News Archives,miscellaneous,co0034034,False
Chalmette High School,miscellaneous,co0327758,False
Chapman/Leonard Studio Equipment,miscellaneous,co0008022,False
Chez Casting,miscellaneous,co0327727,False
"City of Hammond, Louisiana",miscellaneous,co0327689,False
City of Los Angeles,miscellaneous,co0001759,False
Clairmont Camera Film & Digital,miscellaneous,co0012439,False
Coulon Casting,miscellaneous,co0177166,False
Dakota Music Services,miscellaneous,co0054779,False
Deluxe Catering,miscellaneous,co0115325,False
Ebeneezer Baptist Church,miscellaneous,co0327860,False
Entertainment Industry Development Corporation (EIDC),miscellaneous,co0070463,False
FBT Film and Entertainment,miscellaneous,co0302560,False
Film Production Capital,miscellaneous,co0258092,False
Fincannon & Associates,miscellaneous,co0081156,False
Fine Arts Center of New Orleans,miscellaneous,co0327905,False
"First Bank and Trust, New Orleans",miscellaneous,co0327921,False
Fish Films Footage World,miscellaneous,co0046327,False
Footage World,miscellaneous,co0327970,False
Fourth Phase,miscellaneous,co0128084,False
Getty Images,miscellaneous,co0065137,False
Gibson Guitars,miscellaneous,co0135921,False
Greenbelt Protection Service,miscellaneous,co0194848,False
Hollywood Rentals Productions Services,miscellaneous,co0125029,False
Imaginary Forces,miscellaneous,co0030991,False
Infinity Broadcasting Inc.,miscellaneous,co0020665,False
International Film Guarantors,miscellaneous,co0024538,False
J.L. Fisher,miscellaneous,co0046487,False
Jefferson Parish Schools,miscellaneous,co0328018,False
Johnson Publishing,miscellaneous,co0260248,False
Kodak,miscellaneous,co0060825,False
Lapinegrip,miscellaneous,co0141992,False
LaserPacific,miscellaneous,co0022178,False
Laurel Valley,miscellaneous,co0328033,False
Location Catering Service,miscellaneous,co0072342,False
Louisiana Casting Database,miscellaneous,co0117222,False
Louisiana Department of Economic Development,miscellaneous,co0263985,False
Lousiana Governor's Office of Film and TV Development,miscellaneous,co0194859,False
Metro Voices,miscellaneous,co0036809,False
Michael Ochs Archive,miscellaneous,co0085835,False
NFL Films,miscellaneous,co0001577,False
New Orleans Metropolitan Convention and Visitors Bureau,miscellaneous,co0328978,False
New Orleans Office of Film and Video,miscellaneous,co0328677,False
"Nims Center Studio, New Orleans",miscellaneous,co0328874,False
Non-Stop Security,miscellaneous,co0119177,False
Oddball Films,miscellaneous,co0766268,False
Pacific Title,miscellaneous,co0001256,False
Panavision Remote Systems,miscellaneous,co0002792,False
Panther Library,miscellaneous,co0151243,False
Paramount Pictures Stock Footage Library,miscellaneous,co0295590,True
Pivotal Post,miscellaneous,co0014704,False
Producer's Library Service,miscellaneous,co0009220,False
Proskauer Rose,miscellaneous,co0253932,False
Ray Charles Enterprises,miscellaneous,co0329056,False
Rhino Records,miscellaneous,co0136708,False
Riverdale High school,miscellaneous,co0982054,False
Smith & Webster-Davis Casting,miscellaneous,co0157715,False
Solters & Digney,miscellaneous,co0130701,False
Sony Pictures Studios William Holden Theatre,miscellaneous,co0127982,True
Soundelux,miscellaneous,co0082400,False
Spectrasonics,miscellaneous,co0059897,False
St. Bernard Parish Schools,miscellaneous,co0329076,False
Stage Right Productions,miscellaneous,co0141993,False
State of Louisiana,miscellaneous,co0329036,False
The Baldwin Piano Company,miscellaneous,co0196910,False
The City of New Orleans,miscellaneous,co0188633,False
The Domain Group,miscellaneous,co0136851,False
The London Session Orchestra,miscellaneous,co0105441,False
The New Orleans Film Commission,miscellaneous,co0091295,False
The New Orleans Police Department,miscellaneous,co0241202,False
"The Oregon Historical Society, Moving Image Archives",miscellaneous,co0328815,False
Toronto International Film Festival,miscellaneous,co0047102,False
University of New Orleans Department of Drama Communications,miscellaneous,co0329242,False
VNU Business Media Inc.,miscellaneous,co0166709,False
Visual Icon,miscellaneous,co0443461,False
WMG Soundtracks,miscellaneous,co0129450,False
WPA Film Library,miscellaneous,co0065006,False
Warner / Chappell Music,miscellaneous,co0001323,False
Warner Bros. Music,miscellaneous,co0247555,True
