company_name,company_type,imdb_id
Newmarket Films,distribution,co0129644
ArtAffects Entertainment,distribution,co0374685
Filmax,distribution,co0027719
Media 8 Entertainment,distribution,co0051264
Remstar Films,distribution,co0364075
3L Filmverleih,distribution,co0125167
Ascot Elite Entertainment Group,distribution,co0102291
Bontonfilm,distribution,co0033954
Gaga,distribution,co0004745
Imovision,distribution,co0120674
Metrodome Distribution,distribution,co0076345
Metropolitan Filmexport,distribution,co0013658
Moonlight Films,distribution,co0114922
Nexo,distribution,co0073712
Quasar Films,distribution,co0124394
Scanbox Entertainment,distribution,co0003833
Scanbox Norge,distribution,co0125198
West Video,distribution,co0029548
With Cinema,distribution,co0127127
California Filmes,distribution,co0095837
Columbia TriStar Home Entertainment,distribution,co0098048
Dutch FilmWorks (DFW),distribution,co0024325
Scanbox Entertainment,distribution,co0019016
Transeuropa Video Entertainment (TVE),distribution,co0002974
e-m-s the DVD-Company,distribution,co0053697
Sony Pictures Home Entertainment,distribution,co0137851
AXN,distribution,co0186281
First Look International,distribution,co0010508
Red Apollo Group,distribution,co0519145
Universum Film (UFA),distribution,co0021661
Divisa Home Video,distribution,co0117434
Art Mood Entertainment,distribution,co0126006
Uncork'd Entertainment,distribution,co0412767
Media 8 Entertainment,production,co0051264
Newmarket Films,production,co0129644
DEJ Productions,production,co0068448
K/W Productions,production,co0116501
Denver and Delilah Productions,production,co0116500
VIP 2 Medienfonds,production,co0114363
MDP Worldwide,production,co0086487
Zodiac Productions Inc.,production,co0087472
Law Offices of Alan Abrams,miscellaneous,co0090964
Axium Payroll Services,miscellaneous,co0053404
Barebones 24,miscellaneous,co0128080
Carhart,miscellaneous,co0094637
Catering by Valentinos,miscellaneous,co0144455
Chapman/Leonard Studio Equipment,miscellaneous,co0008022
City National Bank New York,miscellaneous,co0084635
DTS Entertainment,miscellaneous,co0144456
Dickies Girl,miscellaneous,co0144457
Dickies,miscellaneous,co0117106
Digital Cut Post Inc.,miscellaneous,co0031177
Film Finances,miscellaneous,co0007445
FotoKem,miscellaneous,co0038383
Fun Spot,miscellaneous,co0144458
Guess,miscellaneous,co0144459
Handprint Productions,miscellaneous,co0144460
Hollywood Rental Company,miscellaneous,co0056323
Hombre d'Oro,miscellaneous,co0059851
HypoVereins Bank,miscellaneous,co0117300
International Alliance of Theatrical Stage Employees (IATSE),miscellaneous,co0190210
Isis Pictures,miscellaneous,co0118884
Ivey Grove Ltd.,miscellaneous,co0144461
Joan Pearce Research Associates,miscellaneous,co0085876
KNB EFX Group,miscellaneous,co0015640
KO Creative,miscellaneous,co0353187
Kelly Lytton & Vann LLP,miscellaneous,co0144462
Lantern Lane Entertainment,miscellaneous,co0029201
"Leopold, Petrich & Smith",miscellaneous,co0144463
Lightnin' Production Rentals,miscellaneous,co0041356
Magic Film and Video Works,miscellaneous,co0012067
Metro Orlando Film and Television Office,miscellaneous,co0074658
Mystic Demons Inc.,miscellaneous,co0144464
Out of the Closet Thrift Stores,miscellaneous,co0144465
RPM Studios,miscellaneous,co0128081
Renaissance Orlando Resort,miscellaneous,co0144466
Seminole County Court,miscellaneous,co0144467
Soundelux,miscellaneous,co0082400
Speare & Company,miscellaneous,co0081591
Tai Audio,miscellaneous,co0096965
The Audit Trail,miscellaneous,co0085884
The Christensen Group,miscellaneous,co0031929
The Governor's Office of Film & Entertainment,miscellaneous,co0144469
The Last Resort,miscellaneous,co0029883
The Law Offices of Greg Bernstein,miscellaneous,co0096397
The Lewis Horwitz Organization,miscellaneous,co0085636
Title House Digital,miscellaneous,co0057408
Todd-AO Radford,miscellaneous,co0128082
"Universal Cineplex 20, Orlando",miscellaneous,co0144471
Visual Data Media Services,miscellaneous,co0140626
Volusia County Film Office,miscellaneous,co0144472
Wachovia Bank,miscellaneous,co0144473
