company_name,company_type,imdb_id,is_major_studio
Twentieth Century Fox,distribution,co0000756,False
Bontonfilm,distribution,co0033954,False
FS Film,distribution,co0363592,False
Fox-Warner,distribution,co0125154,False
20th Century Fox Argentina,distribution,co0007180,True
Warner Bros. F.E.,distribution,co0135321,True
20th Century Fox Home Entertainment,distribution,co0280047,True
20th Century Fox Home Entertainment,distribution,co0010224,True
Fox Pathé Europa,distribution,co0107998,False
Gativideo,distribution,co0044350,False
Twentieth Century Fox Home Entertainment,distribution,co0189783,False
RTL Entertainment,distribution,co0112383,False
CBS,distribution,co0070627,False
Vrijzinnig Protestantse Radio Omroep (VPRO),distribution,co0018439,False
HBO Max,distribution,co0754095,False
Fox Home Entertainment,distribution,co0496965,False
Fox 2000 Pictures,production,co0017497,False
Tree Line Film,production,co0131022,False
Konrad Pictures,production,co0010901,False
Catfish Productions,production,co0076925,False
Major Studio Partners,production,co0174362,False
Mars Media Beteiligungs,production,co0216918,False
Digital Backlot,specialEffects,co0062100,False
Modern VideoFilm,specialEffects,co0072759,False
Crazy Horse Effects,specialEffects,co0266642,False
20th Century Fox Studios,miscellaneous,co0096253,True
Capitol Studios,miscellaneous,co0035829,False
Chapman/Leonard Studio Equipment,miscellaneous,co0008022,False
Columbia Records,miscellaneous,co0064761,False
DeLuxe Laboratories,miscellaneous,co0026998,False
Deluxe Catering,miscellaneous,co0115325,False
Electromagnetic Studio,miscellaneous,co0178024,False
Executive Assurance,miscellaneous,co0061632,False
FotoKem,miscellaneous,co0038383,False
InSync Plus,miscellaneous,co0586472,False
Lightnin' Production Rentals,miscellaneous,co0041356,False
Modern VideoFilm,miscellaneous,co0072759,False
Panavision,miscellaneous,co0041930,False
Runway,miscellaneous,co0001233,False
Sony Pictures Television,miscellaneous,co0086397,True
Sound Emporium and Ocean Way Nashville,miscellaneous,co0037690,False
Sun Entertainment,miscellaneous,co0943717,False
Tai Audio,miscellaneous,co0096965,False
"Tennessee Film, Entertainment and Music Commission",miscellaneous,co0091252,False
The Village Recorder,miscellaneous,co0023935,False
Toronto International Film Festival,miscellaneous,co0047102,False
Warner Bros. Entertainment,miscellaneous,co0080422,True
Whacko Inc.,miscellaneous,co0073686,False
Wind-Up Records,miscellaneous,co0134560,False
