company_name,company_type,imdb_id,is_major_studio
Warner Bros.,distribution,co0002663,True
Cinergia,distribution,co0086132,False
Fox-Warner,distribution,co0125154,False
Norsk Filmdistribusjon,distribution,co0054056,False
Sandrew Metronome Distribution Sverige AB,distribution,co0006862,False
Sandrew Metronome Distribution,distribution,co0050310,False
Warner Sogefilms S.A.,distribution,co0040785,False
Warner Home Video,distribution,co0059995,False
Karo Premiere,distribution,co0041079,False
Time Warner,distribution,co0187668,False
Warner Bros. Pictures,distribution,co0342489,True
Argentina Video Home,distribution,co0031085,False
Audio Visual Enterprises,distribution,co0006126,False
Sandrews,distribution,co0077687,False
Warner Home Video,distribution,co0142160,False
Warner Home Video,distribution,co0189793,False
Warner Home Vidéo,distribution,co0101941,False
Net5,distribution,co0115441,False
Mainostelevisio (MTV3),distribution,co0069920,False
Sub,distribution,co0260673,False
Warner Bros. Entertainment Finland,distribution,co0011555,True
Warner Home Video,distribution,co0077674,False
SBS9,distribution,co0511271,False
HBO Max,distribution,co0754095,False
Warner Bros. F.E.,distribution,co0135321,True
ARTE,distribution,co0164664,False
ARTE,distribution,co0014456,False
Audio Visual Entertainment,distribution,co0233372,False
Ppro Video,distribution,co1096344,False
Warner Bros.,production,co0002663,True
Village Roadshow Pictures,production,co0108864,False
NPV Entertainment,production,co0024939,False
Malpaso Productions,production,co0010258,False
Avid Film Composer,miscellaneous,co0015486,False
Avon Studio Transportation,miscellaneous,co0086014,False
BT Industrial Supply,miscellaneous,co0300363,False
Boston Fire Department,miscellaneous,co0220794,False
Boston Red Sox,miscellaneous,co0087058,False
Cannes Film Festival,miscellaneous,co0034345,False
Chapman/Leonard Studio Equipment,miscellaneous,co0008022,False
City of Boston,miscellaneous,co0220735,False
"City of Canton, Massachusetts",miscellaneous,co0413464,False
City of Chelsea,miscellaneous,co0220721,False
Columbia TriStar Home Video,miscellaneous,co0001850,False
"Curtis Publishing Co.,",miscellaneous,co0318652,False
High Output,miscellaneous,co0082453,False
Intermedia,miscellaneous,co0040675,False
International Alliance of Theatrical Stage Employees (IATSE),miscellaneous,co0190210,False
Kodak,miscellaneous,co0060825,False
Lightnin' Production Rentals,miscellaneous,co0041356,False
Location Lodging Worldwide,miscellaneous,co0277227,False
Major League Baseball Properties,miscellaneous,co0014694,False
Malpaso Records,miscellaneous,co0130576,False
Massachusetts Film Office,miscellaneous,co0010971,False
Massachusetts State Police,miscellaneous,co0149005,False
Massachussetts Port Authority,miscellaneous,co0220825,False
One Step Up,miscellaneous,co0010765,False
Pacific Title,miscellaneous,co0001256,False
Panavision,miscellaneous,co0041930,False
"Ritz-Carlton, Boston Common",miscellaneous,co0220720,False
Sequoia Illumination,miscellaneous,co0033835,False
Sheraton Boston Hotel,miscellaneous,co0220749,False
Skywalker Sound,miscellaneous,co0072003,False
"Symphony Hall, Boston",miscellaneous,co0007817,False
Tanglewood Festival Chorus,miscellaneous,co0208448,False
The Boston Police Department,miscellaneous,co0290409,False
Tony's Food Service,miscellaneous,co0017660,False
Vista Group,miscellaneous,co0032934,False
WEEI Radio Network,miscellaneous,co0318694,False
WV Films III,miscellaneous,co0146938,False
Warner Bros. Records,miscellaneous,co0006819,True
