company_name,company_type,imdb_id,is_major_studio
Metro-Goldwyn-Mayer Distributing Corporation (MGM),distribution,co0108601,True
United Artists,distribution,co0026841,False
Mongrel Media,distribution,co0075477,False
Sony Pictures Classics,distribution,co0014453,True
Columbia TriStar Film Distributors International,distribution,co0045347,False
United International Pictures (UIP),distribution,co0150829,False
Columbia TriStar Film,distribution,co0728184,False
Columbia TriStar Films de Argentina,distribution,co0003581,False
Columbia Tristar Films of India,distribution,co0774471,False
Sony Pictures Filmverleih,distribution,co0402495,True
Sony Pictures Releasing Italia,distribution,co0865164,True
Sony Pictures Releasing,distribution,co0110101,True
Sony Pictures Releasing,distribution,co0145664,True
Sony Pictures Releasing,distribution,co0026545,True
LK-TEL,distribution,co0003327,False
Sony Pictures Home Entertainment,distribution,co0185481,True
Sony Pictures Home Entertainment,distribution,co0137851,True
Falcon,distribution,co0040374,False
Nordisk Film,distribution,co0114003,False
Gaumont/Columbia TriStar Films,distribution,co0135317,False
InterCom,distribution,co0156851,False
Sony Pictures Releasing,distribution,co0052145,True
Gateno Films,distribution,co0125998,False
Buena Vista International,distribution,co0000779,False
Columbia TriStar Home Video,distribution,co0001850,False
Net5,distribution,co0115441,False
The CW Network (The CW),distribution,co0174148,False
Film1,distribution,co0313320,False
20th Century Fox Home Entertainment,distribution,co0280047,True
Rai 1,distribution,co0042527,False
Rai Movie,distribution,co0347055,False
Pidax Film,distribution,co0239092,False
Yleisradio (YLE),distribution,co0013526,False
The Criterion Channel,distribution,co0804141,False
United Artists,production,co0026841,False
Sony Pictures Classics,production,co0014453,True
A-Line Pictures,production,co0156447,False
Cooper's Town Productions,production,co0132168,False
Infinity Media,production,co0119072,False
Eagle Vision,production,co0121071,False
Capital Arts Entertainment,production,co0009722,False
Capote Productions,production,co0233371,False
Technicolor Creative Services Toronto,specialEffects,co0594931,False
Technicolor,specialEffects,co0065861,False
"Alliance of Canadian Cinema, Television and Radio Artists (ACTRA)",miscellaneous,co0026861,False
American Cinema Editors (ACE),miscellaneous,co0152420,False
Block-Korenbrot Public Relations,miscellaneous,co0013901,False
C5,miscellaneous,co0007604,False
Canadian Broadcasting Corporation (CBC),miscellaneous,co0045850,False
Chapman/Leonard Studio Equipment,miscellaneous,co0008022,False
Clairmont Camera Film & Digital,miscellaneous,co0012439,False
DBC Sound,miscellaneous,co0128697,False
Deluxe Entertainment Services,miscellaneous,co0226376,False
Directors Guild of Canada (DGC),miscellaneous,co0125207,False
Directors Guild of Canada - Manitoba,miscellaneous,co0657798,False
Dolby Digital,miscellaneous,co0369281,False
Donna Daniels Public Relations,miscellaneous,co0127380,False
Empire Entertainment,miscellaneous,co0014937,False
"Epstein, Levinsohn, Bodine, Hurwitz & Weinstein",miscellaneous,co0106465,False
Glenn Horowitz Bookseller,miscellaneous,co0220679,False
Heenan Blaikie,miscellaneous,co0030034,False
Helen Uffner Vintage Clothing,miscellaneous,co0087225,False
Hungry Man,miscellaneous,co0094982,False
International Alliance of Theatrical Stage Employees (IATSE),miscellaneous,co0190210,False
Kodak,miscellaneous,co0060825,False
Lightnin' Production Rentals,miscellaneous,co0041356,False
Manitoba Film & Sound,miscellaneous,co0138990,False
Manitoba Film and Video Production Tax Credit,miscellaneous,co0202346,False
Music Package,miscellaneous,co0284141,False
NT Audio Visual,miscellaneous,co0020514,False
Original Conforming Services,miscellaneous,co0089576,False
Pivotal Post,miscellaneous,co0014704,False
Province of British Columbia Production Services Tax Credit,miscellaneous,co0026937,False
Province of Manitoba,miscellaneous,co0298018,False
Soundtrack New York,miscellaneous,co0075800,False
Stony Mountain Institution,miscellaneous,co0220649,False
Technicolor Creative Services East Coast,miscellaneous,co0707859,False
Technicolor Creative Services Toronto,miscellaneous,co0594931,False
Technicolor,miscellaneous,co0065861,False
Toronto International Film Festival,miscellaneous,co0047102,False
Trollback & Company,miscellaneous,co0060045,False
"Women's Film Preservation Fund, New York Women in Film and Television",miscellaneous,co0220604,False
