company_name,company_type,imdb_id
Metro-Goldwyn-Mayer Distributing Corporation (MGM),distribution,co0108601
United Artists,distribution,co0026841
Mongrel Media,distribution,co0075477
Sony Pictures Classics,distribution,co0014453
Columbia TriStar Film Distributors International,distribution,co0045347
United International Pictures (UIP),distribution,co0150829
Columbia TriStar Film,distribution,co0728184
Columbia TriStar Films de Argentina,distribution,co0003581
Columbia Tristar Films of India,distribution,co0774471
Sony Pictures Filmverleih,distribution,co0402495
Sony Pictures Releasing Italia,distribution,co0865164
Sony Pictures Releasing,distribution,co0110101
Sony Pictures Releasing,distribution,co0145664
Sony Pictures Releasing,distribution,co0026545
LK-TEL,distribution,co0003327
Sony Pictures Home Entertainment,distribution,co0185481
Sony Pictures Home Entertainment,distribution,co0137851
Falcon,distribution,co0040374
Nordisk Film,distribution,co0114003
Gaumont/Columbia TriStar Films,distribution,co0135317
InterCom,distribution,co0156851
Sony Pictures Releasing,distribution,co0052145
Gateno Films,distribution,co0125998
Buena Vista International,distribution,co0000779
Columbia TriStar Home Video,distribution,co0001850
Net5,distribution,co0115441
The CW Network (The CW),distribution,co0174148
Film1,distribution,co0313320
20th Century Fox Home Entertainment,distribution,co0280047
Rai 1,distribution,co0042527
Rai Movie,distribution,co0347055
Pidax Film,distribution,co0239092
Yleisradio (YLE),distribution,co0013526
The Criterion Channel,distribution,co0804141
United Artists,production,co0026841
Sony Pictures Classics,production,co0014453
A-Line Pictures,production,co0156447
Cooper's Town Productions,production,co0132168
Infinity Media,production,co0119072
Eagle Vision,production,co0121071
Capital Arts Entertainment,production,co0009722
Capote Productions,production,co0233371
Technicolor Creative Services Toronto,specialEffects,co0594931
Technicolor,specialEffects,co0065861
"Alliance of Canadian Cinema, Television and Radio Artists (ACTRA)",miscellaneous,co0026861
American Cinema Editors (ACE),miscellaneous,co0152420
Block-Korenbrot Public Relations,miscellaneous,co0013901
C5,miscellaneous,co0007604
Canadian Broadcasting Corporation (CBC),miscellaneous,co0045850
Chapman/Leonard Studio Equipment,miscellaneous,co0008022
Clairmont Camera Film & Digital,miscellaneous,co0012439
DBC Sound,miscellaneous,co0128697
Deluxe Entertainment Services,miscellaneous,co0226376
Directors Guild of Canada (DGC),miscellaneous,co0125207
Directors Guild of Canada - Manitoba,miscellaneous,co0657798
Dolby Digital,miscellaneous,co0369281
Donna Daniels Public Relations,miscellaneous,co0127380
Empire Entertainment,miscellaneous,co0014937
"Epstein, Levinsohn, Bodine, Hurwitz & Weinstein",miscellaneous,co0106465
Glenn Horowitz Bookseller,miscellaneous,co0220679
Heenan Blaikie,miscellaneous,co0030034
Helen Uffner Vintage Clothing,miscellaneous,co0087225
Hungry Man,miscellaneous,co0094982
International Alliance of Theatrical Stage Employees (IATSE),miscellaneous,co0190210
Kodak,miscellaneous,co0060825
Lightnin' Production Rentals,miscellaneous,co0041356
Manitoba Film & Sound,miscellaneous,co0138990
Manitoba Film and Video Production Tax Credit,miscellaneous,co0202346
Music Package,miscellaneous,co0284141
NT Audio Visual,miscellaneous,co0020514
Original Conforming Services,miscellaneous,co0089576
Pivotal Post,miscellaneous,co0014704
Province of British Columbia Production Services Tax Credit,miscellaneous,co0026937
Province of Manitoba,miscellaneous,co0298018
Soundtrack New York,miscellaneous,co0075800
Stony Mountain Institution,miscellaneous,co0220649
Technicolor Creative Services East Coast,miscellaneous,co0707859
Technicolor Creative Services Toronto,miscellaneous,co0594931
Technicolor,miscellaneous,co0065861
Toronto International Film Festival,miscellaneous,co0047102
Trollback & Company,miscellaneous,co0060045
"Women's Film Preservation Fund, New York Women in Film and Television",miscellaneous,co0220604
