company_name,company_type,imdb_id,is_major_studio
Newmarket Films,distribution,co0129644,False
ArtAffects Entertainment,distribution,co0374685,False
Filmax,distribution,co0027719,False
Media 8 Entertainment,distribution,co0051264,False
Remstar Films,distribution,co0364075,False
3L Filmverleih,distribution,co0125167,False
Ascot Elite Entertainment Group,distribution,co0102291,False
Bontonfilm,distribution,co0033954,False
Gaga,distribution,co0004745,False
Imovision,distribution,co0120674,False
Metrodome Distribution,distribution,co0076345,False
Metropolitan Filmexport,distribution,co0013658,False
Moonlight Films,distribution,co0114922,False
Nexo,distribution,co0073712,False
Quasar Films,distribution,co0124394,False
Scanbox Entertainment,distribution,co0003833,False
Scanbox Norge,distribution,co0125198,False
West Video,distribution,co0029548,False
With Cinema,distribution,co0127127,False
California Filmes,distribution,co0095837,False
Columbia TriStar Home Entertainment,distribution,co0098048,False
Dutch FilmWorks (DFW),distribution,co0024325,False
Scanbox Entertainment,distribution,co0019016,False
Transeuropa Video Entertainment (TVE),distribution,co0002974,False
e-m-s the DVD-Company,distribution,co0053697,False
Sony Pictures Home Entertainment,distribution,co0137851,True
AXN,distribution,co0186281,False
First Look International,distribution,co0010508,False
Red Apollo Group,distribution,co0519145,False
Universum Film (UFA),distribution,co0021661,False
Divisa Home Video,distribution,co0117434,False
Art Mood Entertainment,distribution,co0126006,False
Uncork'd Entertainment,distribution,co0412767,False
Media 8 Entertainment,production,co0051264,False
Newmarket Films,production,co0129644,False
DEJ Productions,production,co0068448,False
K/W Productions,production,co0116501,False
Denver and Delilah Productions,production,co0116500,False
VIP 2 Medienfonds,production,co0114363,False
MDP Worldwide,production,co0086487,False
Zodiac Productions Inc.,production,co0087472,False
Law Offices of Alan Abrams,miscellaneous,co0090964,False
Axium Payroll Services,miscellaneous,co0053404,False
Barebones 24,miscellaneous,co0128080,False
Carhart,miscellaneous,co0094637,False
Catering by Valentinos,miscellaneous,co0144455,False
Chapman/Leonard Studio Equipment,miscellaneous,co0008022,False
City National Bank New York,miscellaneous,co0084635,False
DTS Entertainment,miscellaneous,co0144456,False
Dickies Girl,miscellaneous,co0144457,False
Dickies,miscellaneous,co0117106,False
Digital Cut Post Inc.,miscellaneous,co0031177,False
Film Finances,miscellaneous,co0007445,False
FotoKem,miscellaneous,co0038383,False
Fun Spot,miscellaneous,co0144458,False
Guess,miscellaneous,co0144459,False
Handprint Productions,miscellaneous,co0144460,False
Hollywood Rental Company,miscellaneous,co0056323,False
Hombre d'Oro,miscellaneous,co0059851,False
HypoVereins Bank,miscellaneous,co0117300,False
International Alliance of Theatrical Stage Employees (IATSE),miscellaneous,co0190210,False
Isis Pictures,miscellaneous,co0118884,False
Ivey Grove Ltd.,miscellaneous,co0144461,False
Joan Pearce Research Associates,miscellaneous,co0085876,False
KNB EFX Group,miscellaneous,co0015640,False
KO Creative,miscellaneous,co0353187,False
Kelly Lytton & Vann LLP,miscellaneous,co0144462,False
Lantern Lane Entertainment,miscellaneous,co0029201,False
"Leopold, Petrich & Smith",miscellaneous,co0144463,False
Lightnin' Production Rentals,miscellaneous,co0041356,False
Magic Film and Video Works,miscellaneous,co0012067,False
Metro Orlando Film and Television Office,miscellaneous,co0074658,False
Mystic Demons Inc.,miscellaneous,co0144464,False
Out of the Closet Thrift Stores,miscellaneous,co0144465,False
RPM Studios,miscellaneous,co0128081,False
Renaissance Orlando Resort,miscellaneous,co0144466,False
Seminole County Court,miscellaneous,co0144467,False
Soundelux,miscellaneous,co0082400,False
Speare & Company,miscellaneous,co0081591,False
Tai Audio,miscellaneous,co0096965,False
The Audit Trail,miscellaneous,co0085884,False
The Christensen Group,miscellaneous,co0031929,False
The Governor's Office of Film & Entertainment,miscellaneous,co0144469,False
The Last Resort,miscellaneous,co0029883,False
The Law Offices of Greg Bernstein,miscellaneous,co0096397,False
The Lewis Horwitz Organization,miscellaneous,co0085636,False
Title House Digital,miscellaneous,co0057408,False
Todd-AO Radford,miscellaneous,co0128082,False
"Universal Cineplex 20, Orlando",miscellaneous,co0144471,False
Visual Data Media Services,miscellaneous,co0140626,False
Volusia County Film Office,miscellaneous,co0144472,False
Wachovia Bank,miscellaneous,co0144473,False
