company_name,company_type,imdb_id
Universal Pictures,distribution,co0005073
Bontonfilm,distribution,co0033954
Solar Entertainment,distribution,co0197574
United International Pictures (UIP),distribution,co0125155
United International Pictures (UIP),distribution,co0012851
United International Pictures (UIP),distribution,co0000994
United International Pictures (UIP),distribution,co0074139
United International Pictures (UIP),distribution,co0040026
United International Pictures (UIP),distribution,co0175527
United International Pictures (UIP),distribution,co0110120
United International Pictures (UIP),distribution,co0043417
United International Pictures (UIP),distribution,co0173912
United International Pictures (UIP),distribution,co0113995
United International Pictures (UIP),distribution,co0015307
United International Pictures,distribution,co0097402
Argentina Video Home,distribution,co0031085
Universal Home Video,distribution,co0035519
Universal Pictures Home Entertainment,distribution,co0297627
Universal Pictures Video,distribution,co0219620
Film1,distribution,co0313320
RTL Entertainment,distribution,co0112383
Universal Pictures Home Entertainment (UPHE),distribution,co0023827
ION Television,distribution,co0200391
Fabulous Films,distribution,co0118313
HBO Max,distribution,co0754095
Umbrella Entertainment,distribution,co0122766
Paramount Channel,distribution,co0796240
7Bravo,distribution,co0979519
Crusader Entertainment,distribution,co0030023
Universal Pictures,production,co0005073
Bristol Bay Productions,production,co0129170
Anvil Films,production,co0112879
Baldwin Entertainment Group,production,co0145519
Walden Media,production,co0073388
KNB EFX Group,specialEffects,co0015640
Cinesite (Hollywood),specialEffects,co0052001
Luma Pictures,specialEffects,co0116745
ABC-Paramount,miscellaneous,co0327798
AM Stock-Cameo Film Library,miscellaneous,co0185562
AON/Albert G. Ruben Insurance Services,miscellaneous,co0028976
Air Lyndhurst Studios,miscellaneous,co0137663
American Humane Association,miscellaneous,co0069003
"Arts and Entertainment Department, City of New Orleans",miscellaneous,co0327743
Atlantic Records,miscellaneous,co0136813
Billboard Magazine,miscellaneous,co0094065
Boston Light & Sound,miscellaneous,co0079884
CBS News Archives,miscellaneous,co0034034
Chalmette High School,miscellaneous,co0327758
Chapman/Leonard Studio Equipment,miscellaneous,co0008022
Chez Casting,miscellaneous,co0327727
"City of Hammond, Louisiana",miscellaneous,co0327689
City of Los Angeles,miscellaneous,co0001759
Clairmont Camera Film & Digital,miscellaneous,co0012439
Coulon Casting,miscellaneous,co0177166
Dakota Music Services,miscellaneous,co0054779
Deluxe Catering,miscellaneous,co0115325
Ebeneezer Baptist Church,miscellaneous,co0327860
Entertainment Industry Development Corporation (EIDC),miscellaneous,co0070463
FBT Film and Entertainment,miscellaneous,co0302560
Film Production Capital,miscellaneous,co0258092
Fincannon & Associates,miscellaneous,co0081156
Fine Arts Center of New Orleans,miscellaneous,co0327905
"First Bank and Trust, New Orleans",miscellaneous,co0327921
Fish Films Footage World,miscellaneous,co0046327
Footage World,miscellaneous,co0327970
Fourth Phase,miscellaneous,co0128084
Getty Images,miscellaneous,co0065137
Gibson Guitars,miscellaneous,co0135921
Greenbelt Protection Service,miscellaneous,co0194848
Hollywood Rentals Productions Services,miscellaneous,co0125029
Imaginary Forces,miscellaneous,co0030991
Infinity Broadcasting Inc.,miscellaneous,co0020665
International Film Guarantors,miscellaneous,co0024538
J.L. Fisher,miscellaneous,co0046487
Jefferson Parish Schools,miscellaneous,co0328018
Johnson Publishing,miscellaneous,co0260248
Kodak,miscellaneous,co0060825
Lapinegrip,miscellaneous,co0141992
LaserPacific,miscellaneous,co0022178
Laurel Valley,miscellaneous,co0328033
Location Catering Service,miscellaneous,co0072342
Louisiana Casting Database,miscellaneous,co0117222
Louisiana Department of Economic Development,miscellaneous,co0263985
Lousiana Governor's Office of Film and TV Development,miscellaneous,co0194859
Metro Voices,miscellaneous,co0036809
Michael Ochs Archive,miscellaneous,co0085835
NFL Films,miscellaneous,co0001577
New Orleans Metropolitan Convention and Visitors Bureau,miscellaneous,co0328978
New Orleans Office of Film and Video,miscellaneous,co0328677
"Nims Center Studio, New Orleans",miscellaneous,co0328874
Non-Stop Security,miscellaneous,co0119177
Oddball Films,miscellaneous,co0766268
Pacific Title,miscellaneous,co0001256
Panavision Remote Systems,miscellaneous,co0002792
Panther Library,miscellaneous,co0151243
Paramount Pictures Stock Footage Library,miscellaneous,co0295590
Pivotal Post,miscellaneous,co0014704
Producer's Library Service,miscellaneous,co0009220
Proskauer Rose,miscellaneous,co0253932
Ray Charles Enterprises,miscellaneous,co0329056
Rhino Records,miscellaneous,co0136708
Riverdale High school,miscellaneous,co0982054
Smith & Webster-Davis Casting,miscellaneous,co0157715
Solters & Digney,miscellaneous,co0130701
Sony Pictures Studios William Holden Theatre,miscellaneous,co0127982
Soundelux,miscellaneous,co0082400
Spectrasonics,miscellaneous,co0059897
St. Bernard Parish Schools,miscellaneous,co0329076
Stage Right Productions,miscellaneous,co0141993
State of Louisiana,miscellaneous,co0329036
The Baldwin Piano Company,miscellaneous,co0196910
The City of New Orleans,miscellaneous,co0188633
The Domain Group,miscellaneous,co0136851
The London Session Orchestra,miscellaneous,co0105441
The New Orleans Film Commission,miscellaneous,co0091295
The New Orleans Police Department,miscellaneous,co0241202
"The Oregon Historical Society, Moving Image Archives",miscellaneous,co0328815
Toronto International Film Festival,miscellaneous,co0047102
University of New Orleans Department of Drama Communications,miscellaneous,co0329242
VNU Business Media Inc.,miscellaneous,co0166709
Visual Icon,miscellaneous,co0443461
WMG Soundtracks,miscellaneous,co0129450
WPA Film Library,miscellaneous,co0065006
Warner / Chappell Music,miscellaneous,co0001323
Warner Bros. Music,miscellaneous,co0247555
