company_name,company_type,imdb_id
Warner Bros.,distribution,co0002663
Cinergia,distribution,co0086132
Fox-Warner,distribution,co0125154
Norsk Filmdistribusjon,distribution,co0054056
Sandrew Metronome Distribution Sverige AB,distribution,co0006862
Sandrew Metronome Distribution,distribution,co0050310
Warner Sogefilms S.A.,distribution,co0040785
Warner Home Video,distribution,co0059995
Karo Premiere,distribution,co0041079
Time Warner,distribution,co0187668
Warner Bros. Pictures,distribution,co0342489
Argentina Video Home,distribution,co0031085
Audio Visual Enterprises,distribution,co0006126
Sandrews,distribution,co0077687
Warner Home Video,distribution,co0142160
Warner Home Video,distribution,co0189793
Warner Home Vidéo,distribution,co0101941
Net5,distribution,co0115441
Mainostelevisio (MTV3),distribution,co0069920
Sub,distribution,co0260673
Warner Bros. Entertainment Finland,distribution,co0011555
Warner Home Video,distribution,co0077674
SBS9,distribution,co0511271
HBO Max,distribution,co0754095
Warner Bros. F.E.,distribution,co0135321
ARTE,distribution,co0164664
ARTE,distribution,co0014456
Audio Visual Entertainment,distribution,co0233372
Ppro Video,distribution,co1096344
Warner Bros.,production,co0002663
Village Roadshow Pictures,production,co0108864
NPV Entertainment,production,co0024939
Malpaso Productions,production,co0010258
Avid Film Composer,miscellaneous,co0015486
Avon Studio Transportation,miscellaneous,co0086014
BT Industrial Supply,miscellaneous,co0300363
Boston Fire Department,miscellaneous,co0220794
Boston Red Sox,miscellaneous,co0087058
Cannes Film Festival,miscellaneous,co0034345
Chapman/Leonard Studio Equipment,miscellaneous,co0008022
City of Boston,miscellaneous,co0220735
"City of Canton, Massachusetts",miscellaneous,co0413464
City of Chelsea,miscellaneous,co0220721
Columbia TriStar Home Video,miscellaneous,co0001850
"Curtis Publishing Co.,",miscellaneous,co0318652
High Output,miscellaneous,co0082453
Intermedia,miscellaneous,co0040675
International Alliance of Theatrical Stage Employees (IATSE),miscellaneous,co0190210
Kodak,miscellaneous,co0060825
Lightnin' Production Rentals,miscellaneous,co0041356
Location Lodging Worldwide,miscellaneous,co0277227
Major League Baseball Properties,miscellaneous,co0014694
Malpaso Records,miscellaneous,co0130576
Massachusetts Film Office,miscellaneous,co0010971
Massachusetts State Police,miscellaneous,co0149005
Massachussetts Port Authority,miscellaneous,co0220825
One Step Up,miscellaneous,co0010765
Pacific Title,miscellaneous,co0001256
Panavision,miscellaneous,co0041930
"Ritz-Carlton, Boston Common",miscellaneous,co0220720
Sequoia Illumination,miscellaneous,co0033835
Sheraton Boston Hotel,miscellaneous,co0220749
Skywalker Sound,miscellaneous,co0072003
"Symphony Hall, Boston",miscellaneous,co0007817
Tanglewood Festival Chorus,miscellaneous,co0208448
The Boston Police Department,miscellaneous,co0290409
Tony's Food Service,miscellaneous,co0017660
Vista Group,miscellaneous,co0032934
WEEI Radio Network,miscellaneous,co0318694
WV Films III,miscellaneous,co0146938
Warner Bros. Records,miscellaneous,co0006819
