company_name,company_type,imdb_id
Walt Disney Studios Motion Pictures,distribution,co0226183
Walt Disney Studios Motion Pictures,distribution,co0817785
Reliance Entertainment,distribution,co0336601
20th Century Fox,distribution,co0931863
Twentieth Century Fox,distribution,co0937473
20th Century Fox Norway,distribution,co0148451
20th Century Fox Sweden,distribution,co0380710
20th Century Fox,distribution,co0952616
FS Film,distribution,co0363592
Twentieth Century Fox,distribution,co0826899
20th Century Fox Netherlands,distribution,co0078923
Twentieth Century Fox,distribution,co0000756
20th Century Fox Argentina,distribution,co0007180
20th Century Fox CIS,distribution,co0209782
Big Picture 2 Films,distribution,co0357632
InterCom,distribution,co0156851
Odeon,distribution,co0000689
Warner Bros. F.E.,distribution,co0135321
Warner Bros.,distribution,co0826866
20th Century Fox Home Entertainment,distribution,co0280047
20th Century Fox Home Entertainment,distribution,co0751509
20th Century Fox Home Entertainment,distribution,co0918688
Buena Vista Home Entertainment,distribution,co0049546
KVH Media Group,distribution,co0488997
SF Film Finland,distribution,co0421459
Touchstone Home Entertainment,distribution,co0477440
Twentieth Century Fox Home Entertainment,distribution,co0296943
Film1,distribution,co0313320
Sub,distribution,co0260673
HBO Max,distribution,co0754095
DreamWorks Pictures,production,co0819670
Twentieth Century Fox,production,co0000756
Reliance Entertainment,production,co0336601
Participant,production,co0132772
Dune Entertainment,production,co0174373
Amblin Entertainment,production,co0009119
The Kennedy/Marshall Company,production,co0013175
Touchstone Pictures,production,co0049348
Framestore,specialEffects,co0103818
The Garage VFX,specialEffects,co0410057
Murph's Media,specialEffects,co0310340
Tony's Food Service,miscellaneous,co0017660
JoAnn Kane Music Service,miscellaneous,co0037460
Symphony Center,miscellaneous,co0410058
Sony Scoring Stage,miscellaneous,co0007959
"The Newman Scoring Stage, Twentieth Century Fox Studios",miscellaneous,co0003378
Cleared by Ashley,miscellaneous,co0241699
Skywalker Sound,miscellaneous,co0072003
20th Century Fox Studios,miscellaneous,co0096253
Warner Bros. Post Production Services,miscellaneous,co0022896
Sound One,miscellaneous,co0002195
The Audio Suite,miscellaneous,co0266257
Keith Harter Music,miscellaneous,co0213970
Deluxe Toronto,miscellaneous,co0018472
Crawford Media Services,miscellaneous,co0355595
Technicolor,miscellaneous,co0065861
Technicolor Postworks New York,miscellaneous,co0379302
Scarlet Letters,miscellaneous,co0090951
Custom Film Effects,miscellaneous,co0067412
Abraham Lincoln Presidential Library and Museum,miscellaneous,co0410059
"Lincoln Financial Collection, Allen County Public Library",miscellaneous,co0410060
The Commonwealth of Virginia,miscellaneous,co0117023
"Commonwealth of Virgina, Department of General Services",miscellaneous,co0131574
Virginia House of Delegates,miscellaneous,co0410043
Senate of Commonwealth of Virgina,miscellaneous,co0410044
"Division of Capitol Police, Commonwealth of Virginia",miscellaneous,co0410045
Virginia Department of Corrections,miscellaneous,co0394437
"Cook Collection, Valentine Richmond History Center",miscellaneous,co0410046
Duke University Libraries,miscellaneous,co0410047
Indiana Historical Society,miscellaneous,co0237302
Kentucky Historical Society,miscellaneous,co0410048
"Lincoln Studies Center, Knox College",miscellaneous,co0410049
"Prints and Photographs Reading Room and Rare Book and Special Collections Division, Library of Congress",miscellaneous,co0410050
Library of Virginia,miscellaneous,co0205340
Museum of the Confederacy,miscellaneous,co0149240
"City and People of Petersburg, Virginia",miscellaneous,co0410051
"Powhatan Correctional Center, Virginia",miscellaneous,co0410052
"City and People of Powhatan, Virginia",miscellaneous,co0410053
"City of Richmond, Virginia",miscellaneous,co0410054
Stanford University Archives,miscellaneous,co0410055
"Special Collections Research Center, University of Chicago Library",miscellaneous,co0254998
University of Illinois at Urbana-Champaign,miscellaneous,co0410056
University of North Carolina at Chapel Hill,miscellaneous,co0410061
Virginia Film Office,miscellaneous,co0041185
Virginia Governor's Mansion,miscellaneous,co0410062
Virginia Historical Society,miscellaneous,co0205257
Virginia State Capitol,miscellaneous,co0410063
White House Historical Association,miscellaneous,co0074869
Sony Classical,miscellaneous,co0100585
Chapman/Leonard Studio Equipment,miscellaneous,co0008022
Paskal Lighting,miscellaneous,co0068465
Deluxe Entertainment Services,miscellaneous,co0226376
Panavision,miscellaneous,co0041930
Kodak,miscellaneous,co0060825
Dolby Digital,miscellaneous,co0369281
SDDS Sony Dynamic Digital Sound,miscellaneous,co0382783
Datasat Digital Sound,miscellaneous,co0655065
International Alliance of Theatrical Stage Employees (IATSE),miscellaneous,co0190210
Bender ET,miscellaneous,co0184542
DeCrescent Zimmitti Music Contracting,miscellaneous,co0451819
Funn,miscellaneous,co0431057
Harbor Picture Company,miscellaneous,co0383574
Lightnin' Production Rentals,miscellaneous,co0041356
Packair Airfreight,miscellaneous,co0071284
Pivotal Post,miscellaneous,co0014704
Sabron Payroll Services,miscellaneous,co0109739
Sands Films,miscellaneous,co0002760
Transportation Resources,miscellaneous,co0254521
Truck Brokers,miscellaneous,co0494282
Virginia Film Commission,miscellaneous,co0160504
