company_name,company_type,imdb_id
Sony Pictures Releasing,distribution,co0026545
Sony Pictures Releasing,distribution,co0847351
Buena Vista International,distribution,co1011371
Sony Pictures Releasing International,distribution,co0655055
Columbia Pictures of Philippines,distribution,co0215095
Sony Pictures Releasing Argentina,distribution,co0811162
Sony Pictures Home Entertainment,distribution,co0137851
Falcon,distribution,co0040374
Sony Pictures Releasing,distribution,co0873390
Sony Pictures Releasing,distribution,co0052145
Sony Pictures Releasing,distribution,co1003784
Sony Pictures Home Entertainment,distribution,co0769046
Sony Pictures Home Entertainment,distribution,co1125774
Sony Pictures Home Entertainment,distribution,co0795863
Universal Pictures Finland,distribution,co0388514
BBC Two,distribution,co0234496
Mill Creek Entertainment,distribution,co0172129
Columbia Pictures,production,co0050868
Relativity Media,production,co0142678
Phoenix Pictures,production,co0029574
VIP 3 Medienfonds,production,co0116514
VIP 4 Medienfonds,production,co0139788
Rising Star,production,co0142412
Gray Matter FX,specialEffects,co0087090
Modern VideoFilm,specialEffects,co0072759
Amalgamated Dynamics,specialEffects,co0021289
Animal Actors Sweet Sunshine,miscellaneous,co0304377
Atlantic Cine Equipment,miscellaneous,co0172046
CSC,miscellaneous,co0140465
Castle Oaks Productions,miscellaneous,co0021641
Event Rental,miscellaneous,co0307867
Exchange Communications,miscellaneous,co0594011
Hanna Brothers Catering,miscellaneous,co0143385
Imaginary Forces,miscellaneous,co0030991
Movie Movers,miscellaneous,co0204953
Panavision,miscellaneous,co0041930
Sabron Payroll Services,miscellaneous,co0109739
Scarlet Letters,miscellaneous,co0090951
Sony Pictures Studios,miscellaneous,co0050108
Technicolor,miscellaneous,co0065861
The New Orleans Film Commission,miscellaneous,co0091295
Todd-AO Scoring Stage,miscellaneous,co0058999
"Unicredit, HVB Media Group",miscellaneous,co0295043
Varèse Sarabande,miscellaneous,co0017459
William F. White International,miscellaneous,co0020238
