company_name,company_type,imdb_id,is_major_studio
Paramount Vantage,distribution,co0179341,False
Audio Visual Enterprises,distribution,co0006126,False
Buena Vista International,distribution,co0126002,False
Falcon,distribution,co0040374,False
Forum Hungary,distribution,co0314034,False
Sony Pictures Releasing,distribution,co0145664,True
Walt Disney Studios Motion Pictures Argentina,distribution,co0811166,True
Walt Disney Studios Motion Pictures Finland,distribution,co0239645,True
Walt Disney Studios Motion Pictures Germany,distribution,co0234296,True
Walt Disney Studios Motion Pictures Japan,distribution,co0225392,True
Walt Disney Studios Motion Pictures Norway,distribution,co0238690,True
Walt Disney Studios Motion Pictures,distribution,co0813447,True
Walt Disney Studios Motion Pictures,distribution,co1125778,True
Walt Disney Studios Motion Pictures,distribution,co1125777,True
Walt Disney Studios Motion Pictures,distribution,co0226183,True
Walt Disney Studios Sony Pictures Releasing (WDSSPR),distribution,co0209825,True
Miramax,distribution,co0022594,False
Paramount Home Entertainment,distribution,co0051891,False
Walt Disney Studios Home Entertainment,distribution,co0244024,True
Walt Disney Studios Home Entertainment,distribution,co0229306,True
Walt Disney Studios Home Entertainment,distribution,co0248598,True
Walt Disney Studios Home Entertainment,distribution,co0244964,True
Film1,distribution,co0313320,False
BBC2,distribution,co0308047,False
Nelonen,distribution,co0029644,False
Canvas,distribution,co0136706,False
Nordisk Film,distribution,co0114003,False
Fantasy Film,distribution,co0477701,False
Sub,distribution,co0260673,False
The Criterion Channel,distribution,co0804141,False
Paramount Vantage,production,co0179341,False
Miramax,production,co0022594,False
Ghoulardi Film Company,production,co0027686,False
Digital Backlot,specialEffects,co0062100,False
Industrial Light & Magic (ILM),specialEffects,co0072491,False
Crazy Horse Effects,specialEffects,co0266642,False
Abbey Road Studios,miscellaneous,co0105292,False
Hook End Manor,miscellaneous,co0238154,False
Skywalker Sound,miscellaneous,co0072003,False
Sande Alessi Casting,miscellaneous,co0117227,False
Mario's Motion Picture Catering,miscellaneous,co0078262,False
M&H Type,miscellaneous,co0237916,False
Pacific Title and Art Studio,miscellaneous,co0090950,False
The Domain Group,miscellaneous,co0136851,False
Chapman/Leonard Studio Equipment,miscellaneous,co0008022,False
J.L. Fisher,miscellaneous,co0046487,False
Panavision Remote Systems,miscellaneous,co0002792,False
"Marfa, Texas",miscellaneous,co0564066,False
"Alpine, Texas",miscellaneous,co0564067,False
"Fort Davis, Texas",miscellaneous,co0564068,False
MacGuire Ranch,miscellaneous,co0564069,False
Marfa Fire Department,miscellaneous,co0564070,False
Rio Grande Mining Company,miscellaneous,co0564071,False
"Presidio County, Texas",miscellaneous,co0237638,False
Presidio County Sheriff's Department,miscellaneous,co0564072,False
Texas Pacífico Transportation,miscellaneous,co0564073,False
Texas Department of Transportation,miscellaneous,co0205667,False
Reader Railroad,miscellaneous,co0272082,False
Petroleum Museum,miscellaneous,co0564074,False
East Texas Oil Museum,miscellaneous,co0564075,False
Spindletop-Gladys City Boomtown Museum,miscellaneous,co0471567,False
California Oil Museum,miscellaneous,co0564076,False
West Kern Oil Museum,miscellaneous,co0564077,False
Kern County Museum,miscellaneous,co0564078,False
United States Border Control (USBC),miscellaneous,co0564079,False
Texas Film Commission,miscellaneous,co0070583,False
Greystone Park & Mansion,miscellaneous,co0441594,False
Thornewood Castle,miscellaneous,co0564065,False
National Baseball Hall of Fame Library,miscellaneous,co0058021,False
Marathon Funding,miscellaneous,co0504031,False
Berlin Film Festival,miscellaneous,co0163805,False
Direct Tools & Fasteners,miscellaneous,co0296111,False
Filmtools,miscellaneous,co0244588,False
Helen Uffner Vintage Clothing,miscellaneous,co0087225,False
International Alliance of Theatrical Stage Employees (IATSE),miscellaneous,co0190210,False
Kallista Marketing & PR,miscellaneous,co0256004,False
Mary Nelson-Fraser & Associates,miscellaneous,co0109885,False
Murray Weissman and Associates,miscellaneous,co0160895,False
Nonesuch Records,miscellaneous,co0101857,False
Panavision,miscellaneous,co0041930,False
Pivotal Post,miscellaneous,co0014704,False
Sony Pictures Studios,miscellaneous,co0050108,True
Star Waggons,miscellaneous,co0084670,False
Studio Solutions Group,miscellaneous,co0284154,False
Truck Brokers,miscellaneous,co0494282,False
Warner Bros. Post Production CreativeServices,miscellaneous,co0733330,True
