company_name,company_type,imdb_id
TFM Distribution,distribution,co0016056
TF1 Vidéo,distribution,co0101929
35 milim,distribution,co0223119
ACME,distribution,co0200181
Alexandra Films,distribution,co0080473
Alfa Films,distribution,co0015030
Alta Films,distribution,co0014821
Babilla Ciné,distribution,co0139468
Best Film,distribution,co0005353
Bioscop,distribution,co0127137
Cathay-Keris Films,distribution,co0042829
Cines Unidos,distribution,co0154305
Cinéart,distribution,co0084832
Constantin Film Verleih,distribution,co0504319
Constantin Film,distribution,co0002257
D Productions,distribution,co0165183
Festive Films,distribution,co0131812
Fivia/Cenex,distribution,co0447070
Hoyts,distribution,co0584423
Icon Film Distribution Australia,distribution,co0145667
Icon Film Distribution,distribution,co0106133
Italia Film,distribution,co0225966
Italia Films,distribution,co0188578
Kino Sõprus,distribution,co1058868
Magic Box,distribution,co0186910
MediaPro Distribution,distribution,co0271099
Mikado Film,distribution,co0025719
Monopole-Pathé,distribution,co0004366
Movie-Eye Media,distribution,co0272873
Paradise Group,distribution,co0060308
Picturehouse,distribution,co0133535
Quality Films,distribution,co0022609
RCV Film Distribution,distribution,co0061879
Sandrew Metronome Distribution Sverige AB,distribution,co0006862
Sandrew Metronome Distribution,distribution,co0050310
Sandrew Metronome International,distribution,co0095392
Ster-Kinekor Pictures,distribution,co0091066
TVA Films,distribution,co0114012
Europa Filmes,distribution,co0008247
Home Box Office Home Video (HBO),distribution,co0077623
RCV Home Entertainment,distribution,co0190332
Sandrews,distribution,co0077687
Telepool,distribution,co0006290
Toho,distribution,co0002219
Warner Bros. Entertainment Finland,distribution,co0011555
Yleisradio (YLE),distribution,co0013526
TF1 International,sales,co0020779
Légende Films,production,co0011185
TF1 International,production,co0020779
TF1 Films Production,production,co0079764
Okko Productions,production,co0147982
Songbird Pictures,production,co0197531
Canal+,production,co0028557
TPS Star,production,co0093477
Scotts Atlantic,production,co0220745
Sofica Valor 7,production,co0188685
Bain VFX,specialEffects,co0230967
Breakthru Films,specialEffects,co0160127
Moving Picture Company (MPC),specialEffects,co0016492
Rainmaker,specialEffects,co0207461
ARRI Rental,miscellaneous,co0001776
Air Lyndhurst Studios,miscellaneous,co0137663
Airstar,miscellaneous,co0137695
CE VideoAssist Rental,miscellaneous,co0224584
Duran Duboi,miscellaneous,co0145387
EMI Records,miscellaneous,co0104935
EXTRAfilms S.r.o.,miscellaneous,co0089626
Fuji Photo Film,miscellaneous,co0145561
Hothouse Music,miscellaneous,co0090642
Isobel Griffiths Limited,miscellaneous,co0110617
KO Creative,miscellaneous,co0353187
Lansdowne Studios,miscellaneous,co0114630
Macwell,miscellaneous,co0277559
Malde & Co.,miscellaneous,co0105709
Panavision,miscellaneous,co0041930
Prague Studios,miscellaneous,co0314148
