company_name,company_type,imdb_id
Paramount Vantage,distribution,co0179341
Audio Visual Enterprises,distribution,co0006126
Buena Vista International,distribution,co0126002
Falcon,distribution,co0040374
Forum Hungary,distribution,co0314034
Sony Pictures Releasing,distribution,co0145664
Walt Disney Studios Motion Pictures Argentina,distribution,co0811166
Walt Disney Studios Motion Pictures Finland,distribution,co0239645
Walt Disney Studios Motion Pictures Germany,distribution,co0234296
Walt Disney Studios Motion Pictures Japan,distribution,co0225392
Walt Disney Studios Motion Pictures Norway,distribution,co0238690
Walt Disney Studios Motion Pictures,distribution,co0813447
Walt Disney Studios Motion Pictures,distribution,co1125778
Walt Disney Studios Motion Pictures,distribution,co1125777
Walt Disney Studios Motion Pictures,distribution,co0226183
Walt Disney Studios Sony Pictures Releasing (WDSSPR),distribution,co0209825
Miramax,distribution,co0022594
Paramount Home Entertainment,distribution,co0051891
Walt Disney Studios Home Entertainment,distribution,co0244024
Walt Disney Studios Home Entertainment,distribution,co0229306
Walt Disney Studios Home Entertainment,distribution,co0248598
Walt Disney Studios Home Entertainment,distribution,co0244964
Film1,distribution,co0313320
BBC2,distribution,co0308047
Nelonen,distribution,co0029644
Canvas,distribution,co0136706
Nordisk Film,distribution,co0114003
Fantasy Film,distribution,co0477701
Sub,distribution,co0260673
The Criterion Channel,distribution,co0804141
Paramount Vantage,production,co0179341
Miramax,production,co0022594
Ghoulardi Film Company,production,co0027686
Digital Backlot,specialEffects,co0062100
Industrial Light & Magic (ILM),specialEffects,co0072491
Crazy Horse Effects,specialEffects,co0266642
Abbey Road Studios,miscellaneous,co0105292
Hook End Manor,miscellaneous,co0238154
Skywalker Sound,miscellaneous,co0072003
Sande Alessi Casting,miscellaneous,co0117227
Mario's Motion Picture Catering,miscellaneous,co0078262
M&H Type,miscellaneous,co0237916
Pacific Title and Art Studio,miscellaneous,co0090950
The Domain Group,miscellaneous,co0136851
Chapman/Leonard Studio Equipment,miscellaneous,co0008022
J.L. Fisher,miscellaneous,co0046487
Panavision Remote Systems,miscellaneous,co0002792
"Marfa, Texas",miscellaneous,co0564066
"Alpine, Texas",miscellaneous,co0564067
"Fort Davis, Texas",miscellaneous,co0564068
MacGuire Ranch,miscellaneous,co0564069
Marfa Fire Department,miscellaneous,co0564070
Rio Grande Mining Company,miscellaneous,co0564071
"Presidio County, Texas",miscellaneous,co0237638
Presidio County Sheriff's Department,miscellaneous,co0564072
Texas Pacífico Transportation,miscellaneous,co0564073
Texas Department of Transportation,miscellaneous,co0205667
Reader Railroad,miscellaneous,co0272082
Petroleum Museum,miscellaneous,co0564074
East Texas Oil Museum,miscellaneous,co0564075
Spindletop-Gladys City Boomtown Museum,miscellaneous,co0471567
California Oil Museum,miscellaneous,co0564076
West Kern Oil Museum,miscellaneous,co0564077
Kern County Museum,miscellaneous,co0564078
United States Border Control (USBC),miscellaneous,co0564079
Texas Film Commission,miscellaneous,co0070583
Greystone Park & Mansion,miscellaneous,co0441594
Thornewood Castle,miscellaneous,co0564065
National Baseball Hall of Fame Library,miscellaneous,co0058021
Marathon Funding,miscellaneous,co0504031
Berlin Film Festival,miscellaneous,co0163805
Direct Tools & Fasteners,miscellaneous,co0296111
Filmtools,miscellaneous,co0244588
Helen Uffner Vintage Clothing,miscellaneous,co0087225
International Alliance of Theatrical Stage Employees (IATSE),miscellaneous,co0190210
Kallista Marketing & PR,miscellaneous,co0256004
Mary Nelson-Fraser & Associates,miscellaneous,co0109885
Murray Weissman and Associates,miscellaneous,co0160895
Nonesuch Records,miscellaneous,co0101857
Panavision,miscellaneous,co0041930
Pivotal Post,miscellaneous,co0014704
Sony Pictures Studios,miscellaneous,co0050108
Star Waggons,miscellaneous,co0084670
Studio Solutions Group,miscellaneous,co0284154
Truck Brokers,miscellaneous,co0494282
Warner Bros. Post Production CreativeServices,miscellaneous,co0733330
