company_name,company_type,imdb_id
A-Film Distribution,distribution,co0059453
Applause Entertainment,distribution,co0238767
Avex Entertainment,distribution,co0179653
BIM Distribuzione,distribution,co0008399
Cinergia,distribution,co0086132
Concorde Filmverleih,distribution,co0012770
Distribution Company,distribution,co0059064
Festive Films,distribution,co0131812
Golden Scene,distribution,co0121860
Golden Village Pictures,distribution,co0061162
Icon Film Distribution Australia,distribution,co0145667
Kino Sõprus,distribution,co1058868
Miramax,distribution,co0022594
Monopole-Pathé,distribution,co0004366
Myndform,distribution,co0039862
Pathé Distribution,distribution,co0384006
Pathé Distribution,distribution,co0106142
Pathé,distribution,co0022869
Prime Entertainment,distribution,co0182859
Prooptiki,distribution,co0020389
Sandrew Metronome Distribution Sverige AB,distribution,co0006862
Sandrew Metronome Distribution,distribution,co0050310
WEG Entertainment,distribution,co0328859
Zazie Films,distribution,co0081764
20th Century Fox Home Entertainment,distribution,co0063964
7flix,distribution,co0776428
A-Film Home Entertainment,distribution,co0113335
Alliance Atlantis Home Video,distribution,co0090512
Argentina Video Home,distribution,co0031085
BBC America,distribution,co0118334
Bazuca Films,distribution,co0169969
Canvas,distribution,co0136706
DeAPlaneta,distribution,co0081237
Evangelische Omroep (EO),distribution,co0002171
Front Row Filmed Entertainment,distribution,co0238173
ITV3,distribution,co0262036
Icon Home Entertainment,distribution,co0229542
Rai 1,distribution,co0042527
Sandrews,distribution,co0077687
Turner Classic Movies (TCM),distribution,co0011489
W9,distribution,co0231204
Warner Home Video,distribution,co0059995
Yleisradio (YLE),distribution,co0013526
Pathé International,sales,co0108804
ITV Plc,sales,co0836808
Pathé International,production,co0108804
Pathé,production,co0022869
Granada Film Productions,production,co0103414
Pathé Renn Productions,production,co0086691
BIM Distribuzione,production,co0008399
France 3 Cinéma,production,co0044140
Canal+,production,co0028557
Future Films,production,co0100769
Granada Productions,production,co0104227
Scott Rudin Productions,production,co0093765
Framestore CFC,specialEffects,co0014175
Emergency House Special Effects,specialEffects,co0105104
AP Archive,miscellaneous,co0209394
ARRI Lighting Rental,miscellaneous,co0105304
Abbey Road Studios,miscellaneous,co0105292
Alex Rose Wig Company,miscellaneous,co0218216
All England Caterers,miscellaneous,co0193397
Alpha Press,miscellaneous,co0218200
Angels the Costumiers,miscellaneous,co0109823
BBC Motion Gallery,miscellaneous,co0148408
Brook Lapping Productions,miscellaneous,co0103913
CNN,miscellaneous,co0165168
Carlo Manzi Rentals,miscellaneous,co0054519
Clarity Post Production Sound,miscellaneous,co0112148
Compuhire,miscellaneous,co0061295
Corbis,miscellaneous,co0089590
Firstep Productions,miscellaneous,co0139015
Flying Pictures,miscellaneous,co0071971
Foreign Office,miscellaneous,co0193384
Framestore CFC,miscellaneous,co0014175
Freeway CAM B.V.,miscellaneous,co0207565
GMTV,miscellaneous,co0104456
Hothouse Music,miscellaneous,co0090642
ITN Source,miscellaneous,co0186651
Kodak,miscellaneous,co0105348
Lofty's Lab,miscellaneous,co0139016
Milan Records,miscellaneous,co0069496
Mr. Youngs Preview Theatre,miscellaneous,co0105756
Murray Weissman and Associates,miscellaneous,co0160895
PD Sound Design,miscellaneous,co0218355
Panavision,miscellaneous,co0041930
Paris Musique Service,miscellaneous,co0218273
REX Features,miscellaneous,co0105782
Representation Upson Edwards,miscellaneous,co0204666
SA19,miscellaneous,co0128694
Sapex Scripts,miscellaneous,co0081577
Soho Images,miscellaneous,co0105494
The Business,miscellaneous,co0121321
The London Symphony Orchestra (LSO),miscellaneous,co0105176
The Offline Editing Company (II),miscellaneous,co0131289
Translux,miscellaneous,co0003062
UK Computamatch,miscellaneous,co0139066
United Casting,miscellaneous,co0075326
Universal Combat Limited,miscellaneous,co0166085
Visual Icon,miscellaneous,co0443461
Warner Bros. De Lane Lea,miscellaneous,co0128657
Wavevend Communications,miscellaneous,co0107871
