company_name,company_type,imdb_id,is_major_studio
Twentieth Century Fox,distribution,co0000756,False
Fox Searchlight Pictures,distribution,co0982337,False
20th Century Fox Argentina,distribution,co0007180,True
Fox-Warner,distribution,co0125154,False
Hispano Foxfilms S.A.E.,distribution,co0000956,False
Odeon,distribution,co0000689,False
20th Century Fox Home Entertainment,distribution,co0280047,True
20th Century Fox Home Entertainment,distribution,co0010224,True
Gativideo,distribution,co0044350,False
Twentieth Century Fox Home Entertainment,distribution,co0189783,False
My Network TV,distribution,co0176403,False
RTL Entertainment,distribution,co0112383,False
Searchlight Pictures,sales,co0028932,False
Fox Searchlight Pictures,production,co0982337,False
DNA Films,production,co0103974,False
FilmFour,production,co0002948,False
UK Film Council,production,co0104092,False
Scottish Screen,production,co0026228,False
Cowboy Films,production,co0104135,False
Slate Films,production,co0075464,False
Tatfilm,production,co0069314,False
Machine,specialEffects,co0123290,False
Artem,specialEffects,co0111061,False
FBFX,specialEffects,co0149164,False
Hyperactive Broadcast,miscellaneous,co0174785,False
Air Lyndhurst Studios,miscellaneous,co0137663,False
Argyll Catering,miscellaneous,co0156536,False
Audiolink Radio Communications,miscellaneous,co0029274,False
BBC Motion Gallery,miscellaneous,co0148408,False
Buick Productions,miscellaneous,co0188151,False
Camerapix,miscellaneous,co0185912,False
CinePostproduction,miscellaneous,co0121616,False
Cutting Edge,miscellaneous,co0105875,False
Dynamic International,miscellaneous,co0225436,False
Elektrofilm,miscellaneous,co0087294,False
FGV Schmidle,miscellaneous,co0125796,False
Film Finances,miscellaneous,co0007445,False
Framestore CFC,miscellaneous,co0014175,False
Freud Communications,miscellaneous,co0050881,False
ITN Archive,miscellaneous,co0105666,False
JM Freight,miscellaneous,co0225470,False
Lee & Thompson,miscellaneous,co0107866,False
Mayflower Studios,miscellaneous,co0149321,False
Media Insurance Brokers (MIB),miscellaneous,co0070106,False
Mediacom 24-7,miscellaneous,co0240445,False
Multi Logistics,miscellaneous,co0148347,False
Oxford Scientific Films,miscellaneous,co0049775,False
Panavision,miscellaneous,co0041930,False
Rounder Records,miscellaneous,co0118549,False
Sapex Scripts,miscellaneous,co0081577,False
Toronto International Film Festival,miscellaneous,co0047102,False
