company_name,company_type,imdb_id
01 Distribution,distribution,co0066477
A-Film Distribution,distribution,co0059453
Ascot Elite Entertainment Group,distribution,co0102291
Barton Films,distribution,co0077719
Bazuca Films,distribution,co0169969
Best Film,distribution,co0005353
Continental Film,distribution,co0119905
Distribution Company,distribution,co0059064
E-City Films,distribution,co0804183
Entertainment Film Distributors,distribution,co0103790
FF Film & Music,distribution,co0144573
FS Film,distribution,co0363592
Filmax,distribution,co0027719
Gemini Film,distribution,co0067533
Hollywood Classic Entertainment,distribution,co0071218
Kinowelt Filmverleih,distribution,co0035496
Lusomundo,distribution,co0029173
Mars Distribution,distribution,co0016464
Roadshow Films,distribution,co0058792
Shapira Films,distribution,co0035801
Shaw Organisation,distribution,co0147162
Shochiku,distribution,co0007001
Svensk Filmindustri (SF),distribution,co0050989
Warner Bros.,distribution,co0002663
102 Distribution,distribution,co0569948
A-Film Home Entertainment,distribution,co0113335
Argentina Video Home,distribution,co0031085
CBS,distribution,co0070627
Entertainment in Video,distribution,co0106063
Europa Filmes,distribution,co0008247
HBO Max,distribution,co0754095
Hero,distribution,co0514158
Kinowelt Home Entertainment,distribution,co0019532
Lakeshore International,distribution,co0054031
Movie Bank,distribution,co0207023
NITV,distribution,co0313754
Nelonen,distribution,co0029644
PlazaVista Entertainment,distribution,co0128853
Rai Movie,distribution,co0347055
Red Apollo Group,distribution,co0519145
Selecta Visión,distribution,co0084815
Superfine Films,distribution,co0242742
Transeuropa Video Entertainment (TVE),distribution,co0002974
Warner Home Video,distribution,co0059995
Yleisradio (YLE),distribution,co0013526
Ultimate Media Group,sales,co1119400
Warner Bros.,production,co0002663
Lakeshore Entertainment,production,co0005323
Malpaso Productions,production,co0010258
Ruddy Productions,production,co0008087
Epsilon Motion Pictures,production,co0166202
StudioCanal,production,co0047476
Avid Film Composer,miscellaneous,co0015486
Avon Studio Transportation,miscellaneous,co0086014
BT Industrial Supply,miscellaneous,co0300363
Chapman/Leonard Studio Equipment,miscellaneous,co0008022
Dolby Digital,miscellaneous,co0369281
Dolby Laboratories,miscellaneous,co0047023
Everlast Sporting Goods,miscellaneous,co0124892
Film Permits Unlimited,miscellaneous,co0033278
International Alliance of Theatrical Stage Employees (IATSE),miscellaneous,co0190210
Juniper Post,miscellaneous,co0058811
Kodak,miscellaneous,co0060825
Location Lodging Worldwide,miscellaneous,co0277227
Nintendo Entertainment,miscellaneous,co1027891
One Step Up,miscellaneous,co0010765
Pacific Title,miscellaneous,co0001256
Panavision,miscellaneous,co0041930
SDDS Sony Dynamic Digital Sound,miscellaneous,co0382783
Sabron Payroll Services,miscellaneous,co0109739
Sequoia Illumination,miscellaneous,co0033835
Skywalker Sound,miscellaneous,co0072003
Sportsrobe,miscellaneous,co0053840
Technicolor,miscellaneous,co0065861
The Inflatable Crowd Company,miscellaneous,co0138488
Tom's Food Service,miscellaneous,co0146116
Tube Entertainment (E Tube Entertainment),miscellaneous,co0025718
Varèse Sarabande,miscellaneous,co0017459
Warner Bros.,miscellaneous,co0002663
World Boxing Council,miscellaneous,co0292691
