company_name,company_type,imdb_id,is_major_studio
A-Film Distribution,distribution,co0059453,False
Applause Entertainment,distribution,co0238767,False
Avex Entertainment,distribution,co0179653,False
BIM Distribuzione,distribution,co0008399,False
Cinergia,distribution,co0086132,False
Concorde Filmverleih,distribution,co0012770,False
Distribution Company,distribution,co0059064,False
Festive Films,distribution,co0131812,False
Golden Scene,distribution,co0121860,False
Golden Village Pictures,distribution,co0061162,False
Icon Film Distribution Australia,distribution,co0145667,False
Kino Sõprus,distribution,co1058868,False
Miramax,distribution,co0022594,False
Monopole-Pathé,distribution,co0004366,False
Myndform,distribution,co0039862,False
Pathé Distribution,distribution,co0384006,False
Pathé Distribution,distribution,co0106142,False
Pathé,distribution,co0022869,False
Prime Entertainment,distribution,co0182859,False
Prooptiki,distribution,co0020389,False
Sandrew Metronome Distribution Sverige AB,distribution,co0006862,False
Sandrew Metronome Distribution,distribution,co0050310,False
WEG Entertainment,distribution,co0328859,False
Zazie Films,distribution,co0081764,False
20th Century Fox Home Entertainment,distribution,co0063964,True
7flix,distribution,co0776428,False
A-Film Home Entertainment,distribution,co0113335,False
Alliance Atlantis Home Video,distribution,co0090512,False
Argentina Video Home,distribution,co0031085,False
BBC America,distribution,co0118334,False
Bazuca Films,distribution,co0169969,False
Canvas,distribution,co0136706,False
DeAPlaneta,distribution,co0081237,False
Evangelische Omroep (EO),distribution,co0002171,False
Front Row Filmed Entertainment,distribution,co0238173,False
ITV3,distribution,co0262036,False
Icon Home Entertainment,distribution,co0229542,False
Rai 1,distribution,co0042527,False
Sandrews,distribution,co0077687,False
Turner Classic Movies (TCM),distribution,co0011489,False
W9,distribution,co0231204,False
Warner Home Video,distribution,co0059995,False
Yleisradio (YLE),distribution,co0013526,False
Pathé International,sales,co0108804,False
ITV Plc,sales,co0836808,False
Pathé International,production,co0108804,False
Pathé,production,co0022869,False
Granada Film Productions,production,co0103414,False
Pathé Renn Productions,production,co0086691,False
BIM Distribuzione,production,co0008399,False
France 3 Cinéma,production,co0044140,False
Canal+,production,co0028557,False
Future Films,production,co0100769,False
Granada Productions,production,co0104227,False
Scott Rudin Productions,production,co0093765,False
Framestore CFC,specialEffects,co0014175,False
Emergency House Special Effects,specialEffects,co0105104,False
AP Archive,miscellaneous,co0209394,False
ARRI Lighting Rental,miscellaneous,co0105304,False
Abbey Road Studios,miscellaneous,co0105292,False
Alex Rose Wig Company,miscellaneous,co0218216,False
All England Caterers,miscellaneous,co0193397,False
Alpha Press,miscellaneous,co0218200,False
Angels the Costumiers,miscellaneous,co0109823,False
BBC Motion Gallery,miscellaneous,co0148408,False
Brook Lapping Productions,miscellaneous,co0103913,False
CNN,miscellaneous,co0165168,False
Carlo Manzi Rentals,miscellaneous,co0054519,False
Clarity Post Production Sound,miscellaneous,co0112148,False
Compuhire,miscellaneous,co0061295,False
Corbis,miscellaneous,co0089590,False
Firstep Productions,miscellaneous,co0139015,False
Flying Pictures,miscellaneous,co0071971,False
Foreign Office,miscellaneous,co0193384,False
Framestore CFC,miscellaneous,co0014175,False
Freeway CAM B.V.,miscellaneous,co0207565,False
GMTV,miscellaneous,co0104456,False
Hothouse Music,miscellaneous,co0090642,False
ITN Source,miscellaneous,co0186651,False
Kodak,miscellaneous,co0105348,False
Lofty's Lab,miscellaneous,co0139016,False
Milan Records,miscellaneous,co0069496,False
Mr. Youngs Preview Theatre,miscellaneous,co0105756,False
Murray Weissman and Associates,miscellaneous,co0160895,False
PD Sound Design,miscellaneous,co0218355,False
Panavision,miscellaneous,co0041930,False
Paris Musique Service,miscellaneous,co0218273,False
REX Features,miscellaneous,co0105782,False
Representation Upson Edwards,miscellaneous,co0204666,False
SA19,miscellaneous,co0128694,False
Sapex Scripts,miscellaneous,co0081577,False
Soho Images,miscellaneous,co0105494,False
The Business,miscellaneous,co0121321,False
The London Symphony Orchestra (LSO),miscellaneous,co0105176,False
The Offline Editing Company (II),miscellaneous,co0131289,False
Translux,miscellaneous,co0003062,False
UK Computamatch,miscellaneous,co0139066,False
United Casting,miscellaneous,co0075326,False
Universal Combat Limited,miscellaneous,co0166085,False
Visual Icon,miscellaneous,co0443461,False
Warner Bros. De Lane Lea,miscellaneous,co0128657,True
Wavevend Communications,miscellaneous,co0107871,False
