company_name,company_type,imdb_id,is_major_studio
TFM Distribution,distribution,co0016056,False
TF1 Vidéo,distribution,co0101929,False
35 milim,distribution,co0223119,False
ACME,distribution,co0200181,False
Alexandra Films,distribution,co0080473,False
Alfa Films,distribution,co0015030,False
Alta Films,distribution,co0014821,False
Babilla Ciné,distribution,co0139468,False
Best Film,distribution,co0005353,False
Bioscop,distribution,co0127137,False
Cathay-Keris Films,distribution,co0042829,False
Cines Unidos,distribution,co0154305,False
Cinéart,distribution,co0084832,False
Constantin Film Verleih,distribution,co0504319,False
Constantin Film,distribution,co0002257,False
D Productions,distribution,co0165183,False
Festive Films,distribution,co0131812,False
Fivia/Cenex,distribution,co0447070,False
Hoyts,distribution,co0584423,False
Icon Film Distribution Australia,distribution,co0145667,False
Icon Film Distribution,distribution,co0106133,False
Italia Film,distribution,co0225966,False
Italia Films,distribution,co0188578,False
Kino Sõprus,distribution,co1058868,False
Magic Box,distribution,co0186910,False
MediaPro Distribution,distribution,co0271099,False
Mikado Film,distribution,co0025719,False
Monopole-Pathé,distribution,co0004366,False
Movie-Eye Media,distribution,co0272873,False
Paradise Group,distribution,co0060308,False
Picturehouse,distribution,co0133535,False
Quality Films,distribution,co0022609,False
RCV Film Distribution,distribution,co0061879,False
Sandrew Metronome Distribution Sverige AB,distribution,co0006862,False
Sandrew Metronome Distribution,distribution,co0050310,False
Sandrew Metronome International,distribution,co0095392,False
Ster-Kinekor Pictures,distribution,co0091066,False
TVA Films,distribution,co0114012,False
Europa Filmes,distribution,co0008247,False
Home Box Office Home Video (HBO),distribution,co0077623,False
RCV Home Entertainment,distribution,co0190332,False
Sandrews,distribution,co0077687,False
Telepool,distribution,co0006290,False
Toho,distribution,co0002219,False
Warner Bros. Entertainment Finland,distribution,co0011555,True
Yleisradio (YLE),distribution,co0013526,False
TF1 International,sales,co0020779,False
Légende Films,production,co0011185,False
TF1 International,production,co0020779,False
TF1 Films Production,production,co0079764,False
Okko Productions,production,co0147982,False
Songbird Pictures,production,co0197531,False
Canal+,production,co0028557,False
TPS Star,production,co0093477,False
Scotts Atlantic,production,co0220745,False
Sofica Valor 7,production,co0188685,False
Bain VFX,specialEffects,co0230967,False
Breakthru Films,specialEffects,co0160127,False
Moving Picture Company (MPC),specialEffects,co0016492,False
Rainmaker,specialEffects,co0207461,False
ARRI Rental,miscellaneous,co0001776,False
Air Lyndhurst Studios,miscellaneous,co0137663,False
Airstar,miscellaneous,co0137695,False
CE VideoAssist Rental,miscellaneous,co0224584,False
Duran Duboi,miscellaneous,co0145387,False
EMI Records,miscellaneous,co0104935,False
EXTRAfilms S.r.o.,miscellaneous,co0089626,False
Fuji Photo Film,miscellaneous,co0145561,False
Hothouse Music,miscellaneous,co0090642,False
Isobel Griffiths Limited,miscellaneous,co0110617,False
KO Creative,miscellaneous,co0353187,False
Lansdowne Studios,miscellaneous,co0114630,False
Macwell,miscellaneous,co0277559,False
Malde & Co.,miscellaneous,co0105709,False
Panavision,miscellaneous,co0041930,False
Prague Studios,miscellaneous,co0314148,False
