company_name,company_type,imdb_id
Twentieth Century Fox,distribution,co0000756
Fox Searchlight Pictures,distribution,co0982337
20th Century Fox Argentina,distribution,co0007180
Fox-Warner,distribution,co0125154
Hispano Foxfilms S.A.E.,distribution,co0000956
Odeon,distribution,co0000689
20th Century Fox Home Entertainment,distribution,co0280047
20th Century Fox Home Entertainment,distribution,co0010224
Gativideo,distribution,co0044350
Twentieth Century Fox Home Entertainment,distribution,co0189783
My Network TV,distribution,co0176403
RTL Entertainment,distribution,co0112383
Searchlight Pictures,sales,co0028932
Fox Searchlight Pictures,production,co0982337
DNA Films,production,co0103974
FilmFour,production,co0002948
UK Film Council,production,co0104092
Scottish Screen,production,co0026228
Cowboy Films,production,co0104135
Slate Films,production,co0075464
Tatfilm,production,co0069314
Machine,specialEffects,co0123290
Artem,specialEffects,co0111061
FBFX,specialEffects,co0149164
Hyperactive Broadcast,miscellaneous,co0174785
Air Lyndhurst Studios,miscellaneous,co0137663
Argyll Catering,miscellaneous,co0156536
Audiolink Radio Communications,miscellaneous,co0029274
BBC Motion Gallery,miscellaneous,co0148408
Buick Productions,miscellaneous,co0188151
Camerapix,miscellaneous,co0185912
CinePostproduction,miscellaneous,co0121616
Cutting Edge,miscellaneous,co0105875
Dynamic International,miscellaneous,co0225436
Elektrofilm,miscellaneous,co0087294
FGV Schmidle,miscellaneous,co0125796
Film Finances,miscellaneous,co0007445
Framestore CFC,miscellaneous,co0014175
Freud Communications,miscellaneous,co0050881
ITN Archive,miscellaneous,co0105666
JM Freight,miscellaneous,co0225470
Lee & Thompson,miscellaneous,co0107866
Mayflower Studios,miscellaneous,co0149321
Media Insurance Brokers (MIB),miscellaneous,co0070106
Mediacom 24-7,miscellaneous,co0240445
Multi Logistics,miscellaneous,co0148347
Oxford Scientific Films,miscellaneous,co0049775
Panavision,miscellaneous,co0041930
Rounder Records,miscellaneous,co0118549
Sapex Scripts,miscellaneous,co0081577
Toronto International Film Festival,miscellaneous,co0047102
