company_name,company_type,imdb_id,is_major_studio
01 Distribution,distribution,co0066477,False
A-Film Distribution,distribution,co0059453,False
Ascot Elite Entertainment Group,distribution,co0102291,False
Barton Films,distribution,co0077719,False
Bazuca Films,distribution,co0169969,False
Best Film,distribution,co0005353,False
Continental Film,distribution,co0119905,False
Distribution Company,distribution,co0059064,False
E-City Films,distribution,co0804183,False
Entertainment Film Distributors,distribution,co0103790,False
FF Film & Music,distribution,co0144573,False
FS Film,distribution,co0363592,False
Filmax,distribution,co0027719,False
Gemini Film,distribution,co0067533,False
Hollywood Classic Entertainment,distribution,co0071218,False
Kinowelt Filmverleih,distribution,co0035496,False
Lusomundo,distribution,co0029173,False
Mars Distribution,distribution,co0016464,False
Roadshow Films,distribution,co0058792,False
Shapira Films,distribution,co0035801,False
Shaw Organisation,distribution,co0147162,False
Shochiku,distribution,co0007001,False
Svensk Filmindustri (SF),distribution,co0050989,False
Warner Bros.,distribution,co0002663,True
102 Distribution,distribution,co0569948,False
A-Film Home Entertainment,distribution,co0113335,False
Argentina Video Home,distribution,co0031085,False
CBS,distribution,co0070627,False
Entertainment in Video,distribution,co0106063,False
Europa Filmes,distribution,co0008247,False
HBO Max,distribution,co0754095,False
Hero,distribution,co0514158,False
Kinowelt Home Entertainment,distribution,co0019532,False
Lakeshore International,distribution,co0054031,False
Movie Bank,distribution,co0207023,False
NITV,distribution,co0313754,False
Nelonen,distribution,co0029644,False
PlazaVista Entertainment,distribution,co0128853,False
Rai Movie,distribution,co0347055,False
Red Apollo Group,distribution,co0519145,False
Selecta Visión,distribution,co0084815,False
Superfine Films,distribution,co0242742,False
Transeuropa Video Entertainment (TVE),distribution,co0002974,False
Warner Home Video,distribution,co0059995,False
Yleisradio (YLE),distribution,co0013526,False
Ultimate Media Group,sales,co1119400,False
Warner Bros.,production,co0002663,True
Lakeshore Entertainment,production,co0005323,False
Malpaso Productions,production,co0010258,False
Ruddy Productions,production,co0008087,False
Epsilon Motion Pictures,production,co0166202,False
StudioCanal,production,co0047476,False
Avid Film Composer,miscellaneous,co0015486,False
Avon Studio Transportation,miscellaneous,co0086014,False
BT Industrial Supply,miscellaneous,co0300363,False
Chapman/Leonard Studio Equipment,miscellaneous,co0008022,False
Dolby Digital,miscellaneous,co0369281,False
Dolby Laboratories,miscellaneous,co0047023,False
Everlast Sporting Goods,miscellaneous,co0124892,False
Film Permits Unlimited,miscellaneous,co0033278,False
International Alliance of Theatrical Stage Employees (IATSE),miscellaneous,co0190210,False
Juniper Post,miscellaneous,co0058811,False
Kodak,miscellaneous,co0060825,False
Location Lodging Worldwide,miscellaneous,co0277227,False
Nintendo Entertainment,miscellaneous,co1027891,False
One Step Up,miscellaneous,co0010765,False
Pacific Title,miscellaneous,co0001256,False
Panavision,miscellaneous,co0041930,False
SDDS Sony Dynamic Digital Sound,miscellaneous,co0382783,False
Sabron Payroll Services,miscellaneous,co0109739,False
Sequoia Illumination,miscellaneous,co0033835,False
Skywalker Sound,miscellaneous,co0072003,False
Sportsrobe,miscellaneous,co0053840,False
Technicolor,miscellaneous,co0065861,False
The Inflatable Crowd Company,miscellaneous,co0138488,False
Tom's Food Service,miscellaneous,co0146116,False
Tube Entertainment (E Tube Entertainment),miscellaneous,co0025718,False
Varèse Sarabande,miscellaneous,co0017459,False
Warner Bros.,miscellaneous,co0002663,True
World Boxing Council,miscellaneous,co0292691,False
