company_name,company_type,imdb_id,is_major_studio
Walt Disney Studios Motion Pictures,distribution,co0226183,True
Walt Disney Studios Motion Pictures,distribution,co0817785,True
Reliance Entertainment,distribution,co0336601,False
20th Century Fox,distribution,co0931863,True
Twentieth Century Fox,distribution,co0937473,False
20th Century Fox Norway,distribution,co0148451,True
20th Century Fox Sweden,distribution,co0380710,True
20th Century Fox,distribution,co0952616,True
FS Film,distribution,co0363592,False
Twentieth Century Fox,distribution,co0826899,False
20th Century Fox Netherlands,distribution,co0078923,True
Twentieth Century Fox,distribution,co0000756,False
20th Century Fox Argentina,distribution,co0007180,True
20th Century Fox CIS,distribution,co0209782,True
Big Picture 2 Films,distribution,co0357632,False
InterCom,distribution,co0156851,False
Odeon,distribution,co0000689,False
Warner Bros. F.E.,distribution,co0135321,True
Warner Bros.,distribution,co0826866,True
20th Century Fox Home Entertainment,distribution,co0280047,True
20th Century Fox Home Entertainment,distribution,co0751509,True
20th Century Fox Home Entertainment,distribution,co0918688,True
Buena Vista Home Entertainment,distribution,co0049546,False
KVH Media Group,distribution,co0488997,False
SF Film Finland,distribution,co0421459,False
Touchstone Home Entertainment,distribution,co0477440,False
Twentieth Century Fox Home Entertainment,distribution,co0296943,False
Film1,distribution,co0313320,False
Sub,distribution,co0260673,False
HBO Max,distribution,co0754095,False
DreamWorks Pictures,production,co0819670,False
Twentieth Century Fox,production,co0000756,False
Reliance Entertainment,production,co0336601,False
Participant,production,co0132772,False
Dune Entertainment,production,co0174373,False
Amblin Entertainment,production,co0009119,False
The Kennedy/Marshall Company,production,co0013175,False
Touchstone Pictures,production,co0049348,False
Framestore,specialEffects,co0103818,False
The Garage VFX,specialEffects,co0410057,False
Murph's Media,specialEffects,co0310340,False
Tony's Food Service,miscellaneous,co0017660,False
JoAnn Kane Music Service,miscellaneous,co0037460,False
Symphony Center,miscellaneous,co0410058,False
Sony Scoring Stage,miscellaneous,co0007959,False
"The Newman Scoring Stage, Twentieth Century Fox Studios",miscellaneous,co0003378,False
Cleared by Ashley,miscellaneous,co0241699,False
Skywalker Sound,miscellaneous,co0072003,False
20th Century Fox Studios,miscellaneous,co0096253,True
Warner Bros. Post Production Services,miscellaneous,co0022896,True
Sound One,miscellaneous,co0002195,False
The Audio Suite,miscellaneous,co0266257,False
Keith Harter Music,miscellaneous,co0213970,False
Deluxe Toronto,miscellaneous,co0018472,False
Crawford Media Services,miscellaneous,co0355595,False
Technicolor,miscellaneous,co0065861,False
Technicolor Postworks New York,miscellaneous,co0379302,False
Scarlet Letters,miscellaneous,co0090951,False
Custom Film Effects,miscellaneous,co0067412,False
Abraham Lincoln Presidential Library and Museum,miscellaneous,co0410059,False
"Lincoln Financial Collection, Allen County Public Library",miscellaneous,co0410060,False
The Commonwealth of Virginia,miscellaneous,co0117023,False
"Commonwealth of Virgina, Department of General Services",miscellaneous,co0131574,False
Virginia House of Delegates,miscellaneous,co0410043,False
Senate of Commonwealth of Virgina,miscellaneous,co0410044,False
"Division of Capitol Police, Commonwealth of Virginia",miscellaneous,co0410045,False
Virginia Department of Corrections,miscellaneous,co0394437,False
"Cook Collection, Valentine Richmond History Center",miscellaneous,co0410046,False
Duke University Libraries,miscellaneous,co0410047,False
Indiana Historical Society,miscellaneous,co0237302,False
Kentucky Historical Society,miscellaneous,co0410048,False
"Lincoln Studies Center, Knox College",miscellaneous,co0410049,False
"Prints and Photographs Reading Room and Rare Book and Special Collections Division, Library of Congress",miscellaneous,co0410050,False
Library of Virginia,miscellaneous,co0205340,False
Museum of the Confederacy,miscellaneous,co0149240,False
"City and People of Petersburg, Virginia",miscellaneous,co0410051,False
"Powhatan Correctional Center, Virginia",miscellaneous,co0410052,False
"City and People of Powhatan, Virginia",miscellaneous,co0410053,False
"City of Richmond, Virginia",miscellaneous,co0410054,False
Stanford University Archives,miscellaneous,co0410055,False
"Special Collections Research Center, University of Chicago Library",miscellaneous,co0254998,False
University of Illinois at Urbana-Champaign,miscellaneous,co0410056,False
University of North Carolina at Chapel Hill,miscellaneous,co0410061,False
Virginia Film Office,miscellaneous,co0041185,False
Virginia Governor's Mansion,miscellaneous,co0410062,False
Virginia Historical Society,miscellaneous,co0205257,False
Virginia State Capitol,miscellaneous,co0410063,False
White House Historical Association,miscellaneous,co0074869,False
Sony Classical,miscellaneous,co0100585,False
Chapman/Leonard Studio Equipment,miscellaneous,co0008022,False
Paskal Lighting,miscellaneous,co0068465,False
Deluxe Entertainment Services,miscellaneous,co0226376,False
Panavision,miscellaneous,co0041930,False
Kodak,miscellaneous,co0060825,False
Dolby Digital,miscellaneous,co0369281,False
SDDS Sony Dynamic Digital Sound,miscellaneous,co0382783,False
Datasat Digital Sound,miscellaneous,co0655065,False
International Alliance of Theatrical Stage Employees (IATSE),miscellaneous,co0190210,False
Bender ET,miscellaneous,co0184542,False
DeCrescent Zimmitti Music Contracting,miscellaneous,co0451819,False
Funn,miscellaneous,co0431057,False
Harbor Picture Company,miscellaneous,co0383574,False
Lightnin' Production Rentals,miscellaneous,co0041356,False
Packair Airfreight,miscellaneous,co0071284,False
Pivotal Post,miscellaneous,co0014704,False
Sabron Payroll Services,miscellaneous,co0109739,False
Sands Films,miscellaneous,co0002760,False
Transportation Resources,miscellaneous,co0254521,False
Truck Brokers,miscellaneous,co0494282,False
Virginia Film Commission,miscellaneous,co0160504,False
