company_name,company_type,imdb_id,is_major_studio
Sony Pictures Releasing,distribution,co0026545,True
Sony Pictures Releasing,distribution,co0847351,True
Buena Vista International,distribution,co1011371,False
Sony Pictures Releasing International,distribution,co0655055,True
Columbia Pictures of Philippines,distribution,co0215095,True
Sony Pictures Releasing Argentina,distribution,co0811162,True
Sony Pictures Home Entertainment,distribution,co0137851,True
Falcon,distribution,co0040374,False
Sony Pictures Releasing,distribution,co0873390,True
Sony Pictures Releasing,distribution,co0052145,True
Sony Pictures Releasing,distribution,co1003784,True
Sony Pictures Home Entertainment,distribution,co0769046,True
Sony Pictures Home Entertainment,distribution,co1125774,True
Sony Pictures Home Entertainment,distribution,co0795863,True
Universal Pictures Finland,distribution,co0388514,True
BBC Two,distribution,co0234496,False
Mill Creek Entertainment,distribution,co0172129,False
Columbia Pictures,production,co0050868,True
Relativity Media,production,co0142678,False
Phoenix Pictures,production,co0029574,False
VIP 3 Medienfonds,production,co0116514,False
VIP 4 Medienfonds,production,co0139788,False
Rising Star,production,co0142412,False
Gray Matter FX,specialEffects,co0087090,False
Modern VideoFilm,specialEffects,co0072759,False
Amalgamated Dynamics,specialEffects,co0021289,False
Animal Actors Sweet Sunshine,miscellaneous,co0304377,False
Atlantic Cine Equipment,miscellaneous,co0172046,False
CSC,miscellaneous,co0140465,False
Castle Oaks Productions,miscellaneous,co0021641,False
Event Rental,miscellaneous,co0307867,False
Exchange Communications,miscellaneous,co0594011,False
Hanna Brothers Catering,miscellaneous,co0143385,False
Imaginary Forces,miscellaneous,co0030991,False
Movie Movers,miscellaneous,co0204953,False
Panavision,miscellaneous,co0041930,False
Sabron Payroll Services,miscellaneous,co0109739,False
Scarlet Letters,miscellaneous,co0090951,False
Sony Pictures Studios,miscellaneous,co0050108,True
Technicolor,miscellaneous,co0065861,False
The New Orleans Film Commission,miscellaneous,co0091295,False
Todd-AO Scoring Stage,miscellaneous,co0058999,False
"Unicredit, HVB Media Group",miscellaneous,co0295043,False
Varèse Sarabande,miscellaneous,co0017459,False
William F. White International,miscellaneous,co0020238,False
