company_name,company_type,imdb_id,is_major_studio
Focus Features,distribution,co0042399,False
Remstar Films,distribution,co0364075,False
Zon Audiovisuais,distribution,co0385388,False
Film & TV House,distribution,co0499875,False
GEM Entertainment,distribution,co0603957,False
Future Film,distribution,co0079555,False
IPA Asia Pacific,distribution,co0003188,False
Shoval Film Production,distribution,co0077324,False
Noble Entertainment,distribution,co0024104,False
SF Studio,distribution,co0832342,False
Ascot Elite Entertainment Group,distribution,co0102291,False
Ascot Elite Home Entertainment,distribution,co0016059,False
CN Entertainment,distribution,co0208899,False
Captive Cinema Distribution,distribution,co0426100,False
Entertainment One,distribution,co0051618,False
Feelgood Entertainment,distribution,co0271257,False
Film1,distribution,co0313320,False
Fine Films,distribution,co0130307,False
Good Films,distribution,co0371296,False
Independent Films,distribution,co0003210,False
Lumix Media,distribution,co0256847,False
Pinnacle Films,distribution,co0311456,False
Pro Video Film & Distribution Kft.,distribution,co0404465,False
Prorom Media-Trade,distribution,co0191119,False
Shaw Organisation,distribution,co0147162,False
Thimfilm Filmverleih,distribution,co0256242,False
UGC Distribution,distribution,co0055626,False
United International Pictures,distribution,co0097402,False
Universal Pictures Home Entertainment (UPHE),distribution,co0023827,True
Vértigo Films,distribution,co0016296,False
Warner Home Video,distribution,co0189793,False
Cinema Prestige,distribution,co0400686,False
Canvas,distribution,co0136706,False
ETV 2,distribution,co0270191,False
Hero,distribution,co0514158,False
Nelonen,distribution,co0029644,False
Rai Movie,distribution,co0347055,False
Verenigde Arbeiders Radio Amateurs (VARA),distribution,co0033695,False
Voltage Pictures,sales,co0179337,False
Jetsen Huashi Cultural Media,sales,co0629422,False
Truth Entertainment (II),production,co0398657,False
Voltage Pictures,production,co0179337,False
r2 films,production,co0163926,False
Evolution Independent,production,co0388064,False
CE,production,co0490919,False
RainMaker Films,production,co0583791,False
Fake Digital Entertainment,specialEffects,co0214145,False
E3-prod,specialEffects,co0467611,False
Trevanna Post,miscellaneous,co0010762,False
IndieClear,miscellaneous,co0117080,False
The Lakehouse,miscellaneous,co0448906,False
Sonomar Inc.,miscellaneous,co0117164,False
Swelltone Labs,miscellaneous,co0090986,False
Wildfire Studios,miscellaneous,co0117780,False
Postdigital,miscellaneous,co0181610,False
Dallas Audio Post Group,miscellaneous,co0121720,False
Film Factory,miscellaneous,co0313111,False
Fake Digital Entertainment,miscellaneous,co0214145,False
Vision Globale,miscellaneous,co0120521,False
Natali Film,miscellaneous,co0314944,False
Pond5,miscellaneous,co0234641,False
Shutterstock,miscellaneous,co0204046,False
NBC Universal Archives,miscellaneous,co0272957,False
Sony Pictures Stock Footage,miscellaneous,co0248241,True
T3Media,miscellaneous,co0392368,False
"Hayletts Gallery, London",miscellaneous,co0467612,False
Neal Preston Photography,miscellaneous,co0467613,False
Raiko Hartman Photography,miscellaneous,co0467614,False
Panavision,miscellaneous,co0041930,False
Quixote Studios,miscellaneous,co0145298,False
Gripz,miscellaneous,co0467627,False
Entertainment Partners,miscellaneous,co0084622,False
Reiff & Associates,miscellaneous,co0079713,False
Film Finances,miscellaneous,co0007445,False
Permission Inc.,miscellaneous,co0143719,False
Intermède Music,miscellaneous,co0467628,False
University of North Texas Archives,miscellaneous,co0467629,False
Manuscripts and Archives Division The New York Public Library,miscellaneous,co0412616,False
"Gulf Coast Archive and Museum of Gay, Lesbian, Bisexual and Transgender History (GCAM)",miscellaneous,co0467618,False
Dallas Morning News,miscellaneous,co0022512,False
LSU Block & Bridle Rodeo,miscellaneous,co0467631,False
"National Archive of Lesbian, Gay, Bisexual & Transgender History",miscellaneous,co0467632,False
444 Camera,miscellaneous,co0467633,False
ACT UP,miscellaneous,co0401486,False
Adidas,miscellaneous,co0031817,False
AIDS Patient Care Magazine,miscellaneous,co0467634,False
Barco,miscellaneous,co0395034,False
Base Craft,miscellaneous,co0467635,False
Clint Orms Engravers and Silversmiths,miscellaneous,co0467636,False
Dan Post Boots,miscellaneous,co0467637,False
Ely Cattleman,miscellaneous,co0469785,False
Enterprise Rent-A-Car,miscellaneous,co0059474,False
Expert Drug Testing and Safety Services,miscellaneous,co0467616,False
Film Fleet of Louisiana,miscellaneous,co0467617,False
Gran Fury,miscellaneous,co0467619,False
Gist Silversmiths,miscellaneous,co0467620,False
Hollywood Trucks,miscellaneous,co0096590,False
Justin Brands,miscellaneous,co0467621,False
Lucchese Boots,miscellaneous,co0467622,False
The Luxottica Group,miscellaneous,co0014565,False
Marse Welding Supplies,miscellaneous,co0467623,False
Nike,miscellaneous,co0019999,False
Ramonster,miscellaneous,co0467624,False
Stetson,miscellaneous,co0146991,False
Travelcorps International,miscellaneous,co0012755,False
Wardrobe Wenches,miscellaneous,co0467625,False
Wrangler Jeans,miscellaneous,co0156069,False
De Fries Law Offices,miscellaneous,co0467626,False
Film Production Capital,miscellaneous,co0258092,False
Jefferson Parish Film Office,miscellaneous,co0467638,False
Louisiana Entertainment,miscellaneous,co0312960,False
9ers Entertainment,miscellaneous,co0288668,False
Actors Choice Talent Agency,miscellaneous,co0445998,False
Blue Efficience,miscellaneous,co0623862,False
Dolby Digital,miscellaneous,co0369281,False
Fintage CAM,miscellaneous,co0109836,False
FotoKem,miscellaneous,co0038383,False
International Alliance of Theatrical Stage Employees (IATSE),miscellaneous,co0190210,False
Lightnin' Production Rentals,miscellaneous,co0041356,False
Maginnis Film & Entertainment Insurance Services,miscellaneous,co0388439,False
Nintendo Entertainment,miscellaneous,co1027891,False
Relativity Music Group,miscellaneous,co0283228,False
Road Rebel,miscellaneous,co0232385,False
RushTera.com,miscellaneous,co0510909,False
Screen Actors Guild,miscellaneous,co1080185,False
Silver Screen Rentals,miscellaneous,co0271422,False
Tectus Security Services,miscellaneous,co0397118,False
The International Brotherhood of Teamsters,miscellaneous,co0372012,False
Toronto International Film Festival,miscellaneous,co0047102,False
Visual Data Media Services,miscellaneous,co0140626,False
Visual Icon,miscellaneous,co0443461,False
