company_name,company_type,imdb_id
Focus Features,distribution,co0042399
Remstar Films,distribution,co0364075
Zon Audiovisuais,distribution,co0385388
Film & TV House,distribution,co0499875
GEM Entertainment,distribution,co0603957
Future Film,distribution,co0079555
IPA Asia Pacific,distribution,co0003188
Shoval Film Production,distribution,co0077324
Noble Entertainment,distribution,co0024104
SF Studio,distribution,co0832342
Ascot Elite Entertainment Group,distribution,co0102291
Ascot Elite Home Entertainment,distribution,co0016059
CN Entertainment,distribution,co0208899
Captive Cinema Distribution,distribution,co0426100
Entertainment One,distribution,co0051618
Feelgood Entertainment,distribution,co0271257
Film1,distribution,co0313320
Fine Films,distribution,co0130307
Good Films,distribution,co0371296
Independent Films,distribution,co0003210
Lumix Media,distribution,co0256847
Pinnacle Films,distribution,co0311456
Pro Video Film & Distribution Kft.,distribution,co0404465
Prorom Media-Trade,distribution,co0191119
Shaw Organisation,distribution,co0147162
Thimfilm Filmverleih,distribution,co0256242
UGC Distribution,distribution,co0055626
United International Pictures,distribution,co0097402
Universal Pictures Home Entertainment (UPHE),distribution,co0023827
Vértigo Films,distribution,co0016296
Warner Home Video,distribution,co0189793
Cinema Prestige,distribution,co0400686
Canvas,distribution,co0136706
ETV 2,distribution,co0270191
Hero,distribution,co0514158
Nelonen,distribution,co0029644
Rai Movie,distribution,co0347055
Verenigde Arbeiders Radio Amateurs (VARA),distribution,co0033695
Voltage Pictures,sales,co0179337
Jetsen Huashi Cultural Media,sales,co0629422
Truth Entertainment (II),production,co0398657
Voltage Pictures,production,co0179337
r2 films,production,co0163926
Evolution Independent,production,co0388064
CE,production,co0490919
RainMaker Films,production,co0583791
Fake Digital Entertainment,specialEffects,co0214145
E3-prod,specialEffects,co0467611
Trevanna Post,miscellaneous,co0010762
IndieClear,miscellaneous,co0117080
The Lakehouse,miscellaneous,co0448906
Sonomar Inc.,miscellaneous,co0117164
Swelltone Labs,miscellaneous,co0090986
Wildfire Studios,miscellaneous,co0117780
Postdigital,miscellaneous,co0181610
Dallas Audio Post Group,miscellaneous,co0121720
Film Factory,miscellaneous,co0313111
Fake Digital Entertainment,miscellaneous,co0214145
Vision Globale,miscellaneous,co0120521
Natali Film,miscellaneous,co0314944
Pond5,miscellaneous,co0234641
Shutterstock,miscellaneous,co0204046
NBC Universal Archives,miscellaneous,co0272957
Sony Pictures Stock Footage,miscellaneous,co0248241
T3Media,miscellaneous,co0392368
"Hayletts Gallery, London",miscellaneous,co0467612
Neal Preston Photography,miscellaneous,co0467613
Raiko Hartman Photography,miscellaneous,co0467614
Panavision,miscellaneous,co0041930
Quixote Studios,miscellaneous,co0145298
Gripz,miscellaneous,co0467627
Entertainment Partners,miscellaneous,co0084622
Reiff & Associates,miscellaneous,co0079713
Film Finances,miscellaneous,co0007445
Permission Inc.,miscellaneous,co0143719
Intermède Music,miscellaneous,co0467628
University of North Texas Archives,miscellaneous,co0467629
Manuscripts and Archives Division The New York Public Library,miscellaneous,co0412616
"Gulf Coast Archive and Museum of Gay, Lesbian, Bisexual and Transgender History (GCAM)",miscellaneous,co0467618
Dallas Morning News,miscellaneous,co0022512
LSU Block & Bridle Rodeo,miscellaneous,co0467631
"National Archive of Lesbian, Gay, Bisexual & Transgender History",miscellaneous,co0467632
444 Camera,miscellaneous,co0467633
ACT UP,miscellaneous,co0401486
Adidas,miscellaneous,co0031817
AIDS Patient Care Magazine,miscellaneous,co0467634
Barco,miscellaneous,co0395034
Base Craft,miscellaneous,co0467635
Clint Orms Engravers and Silversmiths,miscellaneous,co0467636
Dan Post Boots,miscellaneous,co0467637
Ely Cattleman,miscellaneous,co0469785
Enterprise Rent-A-Car,miscellaneous,co0059474
Expert Drug Testing and Safety Services,miscellaneous,co0467616
Film Fleet of Louisiana,miscellaneous,co0467617
Gran Fury,miscellaneous,co0467619
Gist Silversmiths,miscellaneous,co0467620
Hollywood Trucks,miscellaneous,co0096590
Justin Brands,miscellaneous,co0467621
Lucchese Boots,miscellaneous,co0467622
The Luxottica Group,miscellaneous,co0014565
Marse Welding Supplies,miscellaneous,co0467623
Nike,miscellaneous,co0019999
Ramonster,miscellaneous,co0467624
Stetson,miscellaneous,co0146991
Travelcorps International,miscellaneous,co0012755
Wardrobe Wenches,miscellaneous,co0467625
Wrangler Jeans,miscellaneous,co0156069
De Fries Law Offices,miscellaneous,co0467626
Film Production Capital,miscellaneous,co0258092
Jefferson Parish Film Office,miscellaneous,co0467638
Louisiana Entertainment,miscellaneous,co0312960
9ers Entertainment,miscellaneous,co0288668
Actors Choice Talent Agency,miscellaneous,co0445998
Blue Efficience,miscellaneous,co0623862
Dolby Digital,miscellaneous,co0369281
Fintage CAM,miscellaneous,co0109836
FotoKem,miscellaneous,co0038383
International Alliance of Theatrical Stage Employees (IATSE),miscellaneous,co0190210
Lightnin' Production Rentals,miscellaneous,co0041356
Maginnis Film & Entertainment Insurance Services,miscellaneous,co0388439
Nintendo Entertainment,miscellaneous,co1027891
Relativity Music Group,miscellaneous,co0283228
Road Rebel,miscellaneous,co0232385
RushTera.com,miscellaneous,co0510909
Screen Actors Guild,miscellaneous,co1080185
Silver Screen Rentals,miscellaneous,co0271422
Tectus Security Services,miscellaneous,co0397118
The International Brotherhood of Teamsters,miscellaneous,co0372012
Toronto International Film Festival,miscellaneous,co0047102
Visual Data Media Services,miscellaneous,co0140626
Visual Icon,miscellaneous,co0443461
