company_name,company_type,imdb_id
Columbia TriStar Warner Filmes de Portugal,distribution,co0075764
Warner Bros. Pictures,distribution,co0498895
Warner Bros. Pictures,distribution,co0342489
Warner Bros.,distribution,co0002663
9Gem,distribution,co0781000
ABC Family,distribution,co0050794
American Broadcasting Company (ABC),distribution,co0037052
Argentina Video Home,distribution,co0031085
Audio Visual Entertainment,distribution,co0233372
Channel 5 Television,distribution,co0003500
Film1,distribution,co0313320
Nine Network Australia,distribution,co0006628
SBS6,distribution,co0118560
Sandrew Metronome Distribution,distribution,co0050310
Warner Home Video,distribution,co0189793
Warner Home Video,distribution,co0077674
Warner Home Video,distribution,co0059995
Alcon Entertainment,production,co0054452
3 Arts Entertainment,production,co0070636
Left Tackle Pictures,production,co0349816
Netter Productions,production,co0313933
Zucker/Netter Productions,production,co0150494
Custom Film Effects,specialEffects,co0067412
Furious FX,specialEffects,co0141747
Digiscope,specialEffects,co0004771
ARRI / Camera Service Center,miscellaneous,co0230098
Atlanta International School,miscellaneous,co0784858
Audio Productions,miscellaneous,co0301573
Bridgeman Art Library,miscellaneous,co0105796
Capitol City Press,miscellaneous,co0256926
Collection of the Earl of Leicester,miscellaneous,co0784856
Collegiate Images,miscellaneous,co0208299
Creative Sound Concepts,miscellaneous,co0301677
"Curtis Publishing Co.,",miscellaneous,co0318652
Digitec Interactive,miscellaneous,co0301619
Doppler Studios,miscellaneous,co0117371
ESPN Enterprises,miscellaneous,co0185451
Gallagher Entertainment,miscellaneous,co0306735
Georgia Institute of Technology,miscellaneous,co0467303
Getty Images,miscellaneous,co0065137
Global Entertainment Partners,miscellaneous,co0124268
Harris Diversified,miscellaneous,co0347308
International Alliance of Theatrical Stage Employees (IATSE),miscellaneous,co0190210
Lightnin' Production Rentals,miscellaneous,co0041356
LoopEase,miscellaneous,co0235232
Mario's Motion Picture Catering,miscellaneous,co0078262
Matter Music,miscellaneous,co0196239
Movie Movers,miscellaneous,co0204953
National Football League (NFL),miscellaneous,co0001433
Northwest Sinfonia,miscellaneous,co0079470
Orbit Digital,miscellaneous,co0024261
Paskal Lighting,miscellaneous,co0068465
Pro-Cam Rentals,miscellaneous,co0540296
Qualia Library Company,miscellaneous,co0784855
Right Lobe Design Group,miscellaneous,co0144496
Sound One,miscellaneous,co0002195
Soundscapes,miscellaneous,co0301683
Southern Picture Cars,miscellaneous,co0371692
Studio X,miscellaneous,co0127967
Technicolor,miscellaneous,co0065861
Tequila Mockingbird,miscellaneous,co0141898
The Body,miscellaneous,co0137228
The Westminister Schools,miscellaneous,co0784857
Transportation Resources,miscellaneous,co0254521
Universal Studios Licensing,miscellaneous,co0054597
Warner Bros. Entertainment,miscellaneous,co0080422
Warner Bros. Studio Facilities,miscellaneous,co0140310
WaterTower Music,miscellaneous,co0293003
