company_name,company_type,imdb_id,is_major_studio
Columbia TriStar Warner Filmes de Portugal,distribution,co0075764,False
Warner Bros. Pictures,distribution,co0498895,True
Warner Bros. Pictures,distribution,co0342489,True
Warner Bros.,distribution,co0002663,True
9Gem,distribution,co0781000,False
ABC Family,distribution,co0050794,False
American Broadcasting Company (ABC),distribution,co0037052,False
Argentina Video Home,distribution,co0031085,False
Audio Visual Entertainment,distribution,co0233372,False
Channel 5 Television,distribution,co0003500,False
Film1,distribution,co0313320,False
Nine Network Australia,distribution,co0006628,False
SBS6,distribution,co0118560,False
Sandrew Metronome Distribution,distribution,co0050310,False
Warner Home Video,distribution,co0189793,False
Warner Home Video,distribution,co0077674,False
Warner Home Video,distribution,co0059995,False
Alcon Entertainment,production,co0054452,False
3 Arts Entertainment,production,co0070636,False
Left Tackle Pictures,production,co0349816,False
Netter Productions,production,co0313933,False
Zucker/Netter Productions,production,co0150494,False
Custom Film Effects,specialEffects,co0067412,False
Furious FX,specialEffects,co0141747,False
Digiscope,specialEffects,co0004771,False
ARRI / Camera Service Center,miscellaneous,co0230098,False
Atlanta International School,miscellaneous,co0784858,False
Audio Productions,miscellaneous,co0301573,False
Bridgeman Art Library,miscellaneous,co0105796,False
Capitol City Press,miscellaneous,co0256926,False
Collection of the Earl of Leicester,miscellaneous,co0784856,False
Collegiate Images,miscellaneous,co0208299,False
Creative Sound Concepts,miscellaneous,co0301677,False
"Curtis Publishing Co.,",miscellaneous,co0318652,False
Digitec Interactive,miscellaneous,co0301619,False
Doppler Studios,miscellaneous,co0117371,False
ESPN Enterprises,miscellaneous,co0185451,False
Gallagher Entertainment,miscellaneous,co0306735,False
Georgia Institute of Technology,miscellaneous,co0467303,False
Getty Images,miscellaneous,co0065137,False
Global Entertainment Partners,miscellaneous,co0124268,False
Harris Diversified,miscellaneous,co0347308,False
International Alliance of Theatrical Stage Employees (IATSE),miscellaneous,co0190210,False
Lightnin' Production Rentals,miscellaneous,co0041356,False
LoopEase,miscellaneous,co0235232,False
Mario's Motion Picture Catering,miscellaneous,co0078262,False
Matter Music,miscellaneous,co0196239,False
Movie Movers,miscellaneous,co0204953,False
National Football League (NFL),miscellaneous,co0001433,False
Northwest Sinfonia,miscellaneous,co0079470,False
Orbit Digital,miscellaneous,co0024261,False
Paskal Lighting,miscellaneous,co0068465,False
Pro-Cam Rentals,miscellaneous,co0540296,False
Qualia Library Company,miscellaneous,co0784855,False
Right Lobe Design Group,miscellaneous,co0144496,False
Sound One,miscellaneous,co0002195,False
Soundscapes,miscellaneous,co0301683,False
Southern Picture Cars,miscellaneous,co0371692,False
Studio X,miscellaneous,co0127967,False
Technicolor,miscellaneous,co0065861,False
Tequila Mockingbird,miscellaneous,co0141898,False
The Body,miscellaneous,co0137228,False
The Westminister Schools,miscellaneous,co0784857,False
Transportation Resources,miscellaneous,co0254521,False
Universal Studios Licensing,miscellaneous,co0054597,False
Warner Bros. Entertainment,miscellaneous,co0080422,True
Warner Bros. Studio Facilities,miscellaneous,co0140310,True
WaterTower Music,miscellaneous,co0293003,False
