company_name,company_type,imdb_id,is_major_studio
Fox Searchlight Pictures,distribution,co0982337,False
Twentieth Century Fox,distribution,co0000756,False
Twentieth Century Fox Film Company,distribution,co0053239,False
Front Row Filmed Entertainment,distribution,co0238173,False
20th Century Fox Argentina,distribution,co0007180,True
20th Century Fox CIS,distribution,co0209782,True
20th Century Fox India,distribution,co0092296,True
Hispano Foxfilms S.A.E.,distribution,co0000956,False
Odeon,distribution,co0000689,False
Warner Bros.,distribution,co0002663,True
20th Century Fox Home Entertainment,distribution,co0286182,True
20th Century Fox Home Entertainment,distribution,co0280047,True
20th Century Fox Home Entertainment,distribution,co0010224,True
Castello Lopes Multimédia,distribution,co0078637,False
Twentieth Century Fox Home Entertainment,distribution,co0189783,False
Twentieth Century Fox Home Entertainment,distribution,co0296943,False
Film1,distribution,co0313320,False
ProSieben,distribution,co0059891,False
Disney+,distribution,co0721120,False
New Disc,distribution,co1044126,False
Twentieth Century Fox,sales,co0000756,False
Revolution Studios,sales,co0003580,False
Searchlight Pictures,production,co0028932,False
Cross Creek Pictures,production,co0285648,False
Protozoa Pictures,production,co0062935,False
Phoenix Pictures,production,co0029574,False
Dune Entertainment,production,co0174373,False
Look Effects,specialEffects,co0024957,False
Technicolor,specialEffects,co0065861,False
Curious Pictures,specialEffects,co0062101,False
Direct Dimensions (DDI),specialEffects,co0355194,False
Rodarte,miscellaneous,co0313577,False
Trevanna Post,miscellaneous,co0010762,False
Gourmet To U,miscellaneous,co0204740,False
Wilson Rivas Crafts,miscellaneous,co0209251,False
Sound One,miscellaneous,co0002195,False
Sixteen19,miscellaneous,co0331546,False
Technicolor,miscellaneous,co0065861,False
Able Equipment,miscellaneous,co0322406,False
Air Lyndhurst Studios,miscellaneous,co0137663,False
Duotone Audio Group,miscellaneous,co0389607,False
Sony Classical,miscellaneous,co0100585,False
Swarovski Entertainment,miscellaneous,co0280492,False
Schonbek Worldwide Lighting,miscellaneous,co0389466,False
Pennsylvania Ballet,miscellaneous,co0389392,False
Performing Arts Center - Purchase College,miscellaneous,co0389514,False
"The New York City Mayor's Office of Film, Theatre & Broadcasting",miscellaneous,co0051113,False
"New York City Police Department, Movie and Television Unit",miscellaneous,co0136845,False
New York State Governor's Office for Motion Picture & Television Development,miscellaneous,co0050551,False
American Ballet Theatre (ABT),miscellaneous,co0145556,False
New York City Ballet,miscellaneous,co0135971,False
School of American Ballet,miscellaneous,co0176479,False
Mac,miscellaneous,co0201077,False
Crème de la Mer,miscellaneous,co0238464,False
Chanel,miscellaneous,co0097935,False
Lancome Luxury Products,miscellaneous,co0229590,False
Sensai / Kanebo,miscellaneous,co0389455,False
NARS Cosmetics,miscellaneous,co0094059,False
Freed of London,miscellaneous,co0389308,False
Gaynor Minden,miscellaneous,co0389536,False
Caroline Seikaly,miscellaneous,co0389414,False
KD Dance,miscellaneous,co0389287,False
Boedtcher,miscellaneous,co0389540,False
AG Adriano Goldschmied,miscellaneous,co0389427,False
Equinox Gym,miscellaneous,co0389546,False
Hooker Furniture,miscellaneous,co0389434,False
Yumiko,miscellaneous,co0389330,False
Bloch,miscellaneous,co0389393,False
Mirella,miscellaneous,co0389384,False
Capezio,miscellaneous,co0143940,False
Eberjey,miscellaneous,co0389329,False
Diesel,miscellaneous,co0120903,False
Sansha,miscellaneous,co0389295,False
Me&Ro Jewelry,miscellaneous,co0243162,False
Lululemon Athletica,miscellaneous,co0237383,False
Theory,miscellaneous,co0203198,False
Jeremy Cole Designs,miscellaneous,co0389518,False
Niche Modern,miscellaneous,co0389480,False
"The Margo Galleries Ltd., NY/Al Hirschfield",miscellaneous,co0073302,False
Bortolami Gallery,miscellaneous,co0389487,False
Flensted Mobiles,miscellaneous,co0389547,False
Estate of Fritz Scholder,miscellaneous,co0393300,False
Casey Kaplan Gallery,miscellaneous,co0389529,False
Kenneth Hopkins Photography,miscellaneous,co0545225,False
Paula Cooper Gallery,miscellaneous,co0389586,False
McKee Gallery,miscellaneous,co0389274,False
Fredrich Petzel Gallery,miscellaneous,co0389595,False
PaceWildenstein,miscellaneous,co0389454,False
303 Gallery,miscellaneous,co0389594,False
New York Daily News,miscellaneous,co0013048,False
Luhring Augustine,miscellaneous,co0389335,False
Culver Studios Collection,miscellaneous,co0389397,False
Fujifilm,miscellaneous,co0022929,False
ARRI / Camera Service Center,miscellaneous,co0230098,False
DTS,miscellaneous,co0382601,False
Dolby,miscellaneous,co0658989,False
Film Finances,miscellaneous,co0007445,False
Gray Krauss Sandler Des Rochers,miscellaneous,co0184232,False
Haddad's,miscellaneous,co0037289,False
Harbor Picture Company,miscellaneous,co0383574,False
Intelligent Media,miscellaneous,co0317678,False
International Alliance of Theatrical Stage Employees (IATSE),miscellaneous,co0190210,False
Lightnin' Production Rentals,miscellaneous,co0041356,False
Marshall/Plumb Research Associates,miscellaneous,co0081602,False
Reder & Feig,miscellaneous,co0125297,False
SDDS Sony Dynamic Digital Sound,miscellaneous,co0382783,False
ScriptE Systems,miscellaneous,co0254429,False
Sound Dogs Toronto,miscellaneous,co0042293,False
Teamsters - Motion Picture & Theatrical Trade Division,miscellaneous,co0525222,False
The London Session Orchestra,miscellaneous,co0105441,False
Toronto International Film Festival,miscellaneous,co0047102,False
