company_name,company_type,imdb_id
Fox Searchlight Pictures,distribution,co0982337
Twentieth Century Fox,distribution,co0000756
Twentieth Century Fox Film Company,distribution,co0053239
Front Row Filmed Entertainment,distribution,co0238173
20th Century Fox Argentina,distribution,co0007180
20th Century Fox CIS,distribution,co0209782
20th Century Fox India,distribution,co0092296
Hispano Foxfilms S.A.E.,distribution,co0000956
Odeon,distribution,co0000689
Warner Bros.,distribution,co0002663
20th Century Fox Home Entertainment,distribution,co0286182
20th Century Fox Home Entertainment,distribution,co0280047
20th Century Fox Home Entertainment,distribution,co0010224
Castello Lopes Multimédia,distribution,co0078637
Twentieth Century Fox Home Entertainment,distribution,co0189783
Twentieth Century Fox Home Entertainment,distribution,co0296943
Film1,distribution,co0313320
ProSieben,distribution,co0059891
Disney+,distribution,co0721120
New Disc,distribution,co1044126
Twentieth Century Fox,sales,co0000756
Revolution Studios,sales,co0003580
Searchlight Pictures,production,co0028932
Cross Creek Pictures,production,co0285648
Protozoa Pictures,production,co0062935
Phoenix Pictures,production,co0029574
Dune Entertainment,production,co0174373
Look Effects,specialEffects,co0024957
Technicolor,specialEffects,co0065861
Curious Pictures,specialEffects,co0062101
Direct Dimensions (DDI),specialEffects,co0355194
Rodarte,miscellaneous,co0313577
Trevanna Post,miscellaneous,co0010762
Gourmet To U,miscellaneous,co0204740
Wilson Rivas Crafts,miscellaneous,co0209251
Sound One,miscellaneous,co0002195
Sixteen19,miscellaneous,co0331546
Technicolor,miscellaneous,co0065861
Able Equipment,miscellaneous,co0322406
Air Lyndhurst Studios,miscellaneous,co0137663
Duotone Audio Group,miscellaneous,co0389607
Sony Classical,miscellaneous,co0100585
Swarovski Entertainment,miscellaneous,co0280492
Schonbek Worldwide Lighting,miscellaneous,co0389466
Pennsylvania Ballet,miscellaneous,co0389392
Performing Arts Center - Purchase College,miscellaneous,co0389514
"The New York City Mayor's Office of Film, Theatre & Broadcasting",miscellaneous,co0051113
"New York City Police Department, Movie and Television Unit",miscellaneous,co0136845
New York State Governor's Office for Motion Picture & Television Development,miscellaneous,co0050551
American Ballet Theatre (ABT),miscellaneous,co0145556
New York City Ballet,miscellaneous,co0135971
School of American Ballet,miscellaneous,co0176479
Mac,miscellaneous,co0201077
Crème de la Mer,miscellaneous,co0238464
Chanel,miscellaneous,co0097935
Lancome Luxury Products,miscellaneous,co0229590
Sensai / Kanebo,miscellaneous,co0389455
NARS Cosmetics,miscellaneous,co0094059
Freed of London,miscellaneous,co0389308
Gaynor Minden,miscellaneous,co0389536
Caroline Seikaly,miscellaneous,co0389414
KD Dance,miscellaneous,co0389287
Boedtcher,miscellaneous,co0389540
AG Adriano Goldschmied,miscellaneous,co0389427
Equinox Gym,miscellaneous,co0389546
Hooker Furniture,miscellaneous,co0389434
Yumiko,miscellaneous,co0389330
Bloch,miscellaneous,co0389393
Mirella,miscellaneous,co0389384
Capezio,miscellaneous,co0143940
Eberjey,miscellaneous,co0389329
Diesel,miscellaneous,co0120903
Sansha,miscellaneous,co0389295
Me&Ro Jewelry,miscellaneous,co0243162
Lululemon Athletica,miscellaneous,co0237383
Theory,miscellaneous,co0203198
Jeremy Cole Designs,miscellaneous,co0389518
Niche Modern,miscellaneous,co0389480
"The Margo Galleries Ltd., NY/Al Hirschfield",miscellaneous,co0073302
Bortolami Gallery,miscellaneous,co0389487
Flensted Mobiles,miscellaneous,co0389547
Estate of Fritz Scholder,miscellaneous,co0393300
Casey Kaplan Gallery,miscellaneous,co0389529
Kenneth Hopkins Photography,miscellaneous,co0545225
Paula Cooper Gallery,miscellaneous,co0389586
McKee Gallery,miscellaneous,co0389274
Fredrich Petzel Gallery,miscellaneous,co0389595
PaceWildenstein,miscellaneous,co0389454
303 Gallery,miscellaneous,co0389594
New York Daily News,miscellaneous,co0013048
Luhring Augustine,miscellaneous,co0389335
Culver Studios Collection,miscellaneous,co0389397
Fujifilm,miscellaneous,co0022929
ARRI / Camera Service Center,miscellaneous,co0230098
DTS,miscellaneous,co0382601
Dolby,miscellaneous,co0658989
Film Finances,miscellaneous,co0007445
Gray Krauss Sandler Des Rochers,miscellaneous,co0184232
Haddad's,miscellaneous,co0037289
Harbor Picture Company,miscellaneous,co0383574
Intelligent Media,miscellaneous,co0317678
International Alliance of Theatrical Stage Employees (IATSE),miscellaneous,co0190210
Lightnin' Production Rentals,miscellaneous,co0041356
Marshall/Plumb Research Associates,miscellaneous,co0081602
Reder & Feig,miscellaneous,co0125297
SDDS Sony Dynamic Digital Sound,miscellaneous,co0382783
ScriptE Systems,miscellaneous,co0254429
Sound Dogs Toronto,miscellaneous,co0042293
Teamsters - Motion Picture & Theatrical Trade Division,miscellaneous,co0525222
The London Session Orchestra,miscellaneous,co0105441
Toronto International Film Festival,miscellaneous,co0047102
