company_name,company_type,imdb_id
The Weinstein Company,distribution,co0150452
Alliance,distribution,co0005584
Entertainment Film Distributors,distribution,co0103790
Forum Film,distribution,co0240508
Sundream Motion Pictures,distribution,co0167185
Benelux Film Distributors,distribution,co0192297
Benelux Film Distributors,distribution,co0277187
Benelux Film Distributors,distribution,co0263576
Londra Films P&D,distribution,co0305759
Norsk Filmdistribusjon,distribution,co0054056
Pachamama Cine,distribution,co0158667
Sandrew Metronome Distribution Sverige AB,distribution,co0006862
Sandrew Metronome Distribution,distribution,co0050310
Zeta Audiovisual,distribution,co0208005
Applause Entertainment,distribution,co0238767
Argentina Video Home,distribution,co0031085
Ascot Elite Entertainment Group,distribution,co0102291
Bac Films,distribution,co0024879
CN Entertainment,distribution,co0208899
Dutch FilmWorks (DFW),distribution,co0024325
Entertainment in Video,distribution,co0106063
Genius Products,distribution,co0155664
Golden Village Pictures,distribution,co0061162
Imagem Filmes,distribution,co0073600
Noori Pictures,distribution,co0281534
Odeon,distribution,co0000689
Palace Pictures,distribution,co0169661
SND Films,distribution,co0025026
Senator Film,distribution,co0018781
Showgate,distribution,co0219983
Viva International Pictures,distribution,co0220551
Senator Home Entertainment,distribution,co0208383
Canvas,distribution,co0136706
Divisa Home Video,distribution,co0117434
Yleisradio (YLE),distribution,co0013526
3Sat,distribution,co0053646
3sat,distribution,co0220887
3sat,distribution,co0046385
ARD Mediathek,distribution,co0840291
ARD TV,distribution,co0852680
ARTE,distribution,co0164664
ARTE,distribution,co0014456
Amazon Instant Video,distribution,co0337718
Arbeitsgemeinschaft der öffentlich-rechtlichen Rundfunkanstalten der Bundesrepublik Deutschland (ARD),distribution,co0024077
BR Fernsehen,distribution,co0203048
Bayerischer Rundfunk (BR),distribution,co0051615
Das Erste,distribution,co0799614
Einsfestival,distribution,co0879773
Hessischer Rundfunk (HR),distribution,co0072480
Kimowelt TV,distribution,co0488947
MDR Fernsehen,distribution,co0452750
Mitteldeutscher Rundfunk (MDR),distribution,co0015124
NDR Fernsehen,distribution,co0274575
Norddeutscher Rundfunk (NDR),distribution,co0028284
ORF 1,distribution,co0204647
ORF 2,distribution,co0348287
ORF Eins,distribution,co0952258
RBB Fernsehen,distribution,co0768255
Rundfunk Berlin-Brandenburg (RBB),distribution,co0099654
SF2,distribution,co0887588
SRF zwei,distribution,co0492252
SWR Fernsehen,distribution,co0961937
Schweizer Fernsehen (SF),distribution,co0015806
Schweizer Radio und Fernsehen (SRF),distribution,co0424038
ServusTV,distribution,co0295850
Sky Cinema +1,distribution,co0985309
Sky Cinema +24,distribution,co0985310
Sky Cinema Emotion,distribution,co0986610
Sky Cinema Hits,distribution,co0952256
Sky Cinema,distribution,co0952255
Sky Emotion,distribution,co0995452
Südwestrundfunk (SWR),distribution,co0047104
WDR Fernsehen,distribution,co0217768
Westdeutscher Rundfunk (WDR),distribution,co0075650
hr-fernsehen,distribution,co0248658
Österreichischer Rundfunk (ORF),distribution,co0044989
Blumhouse International,sales,co0433049
The Weinstein Company,sales,co0150452
The Weinstein Company,production,co0150452
Mirage Enterprises,production,co0038270
Studio Babelsberg,production,co0053177
Filmförderungsanstalt (FFA),production,co0002254
Deutscher Filmförderfonds (DFFF),production,co0361470
Medienboard Berlin-Brandenburg,production,co0130575
Mitteldeutsche Medienförderung (MDM),production,co0130222
Filmstiftung Nordrhein-Westfalen,production,co0066028
SFX Department Berlin Special Effects,specialEffects,co0308953
Flash Art,specialEffects,co0082518
Framestore,specialEffects,co0103818
RhinoFX,specialEffects,co0140280
Custom Film Effects,specialEffects,co0067412
Snow Business International,specialEffects,co0127910
Snow Business,specialEffects,co0173072
3 Mills Studios,miscellaneous,co0937343
A:AI Archiv für Architektur und Ingenieurbaukunst NRW,miscellaneous,co0309162
ARRI Film + TV,miscellaneous,co0052565
Adag Film Services,miscellaneous,co0280373
Agentur Wanted,miscellaneous,co0238865
Air Lyndhurst Studios,miscellaneous,co0137663
Allied Integrated Marketing,miscellaneous,co0402643
Artur Images,miscellaneous,co0309179
Barnardworks,miscellaneous,co0308801
Berliner Synchron,miscellaneous,co0039270
Berliner Union Film,miscellaneous,co0040608
Bezirksamt Steglitz-Zehlendorf,miscellaneous,co0309173
C5,miscellaneous,co0007604
CCC-Filmkunst,miscellaneous,co0184897
Central Scope Production,miscellaneous,co0277069
Cine Plus,miscellaneous,co0059546
City of Görlitz,miscellaneous,co0309170
City of Luckau,miscellaneous,co0309159
Deutsches Filminstitut (DIF),miscellaneous,co0194935
Diogenes Verlag,miscellaneous,co0308874
Donna Daniels Public Relations,miscellaneous,co0127380
Egmont UK,miscellaneous,co0309055
Entertainment Clearances,miscellaneous,co0037311
Faber and Faber,miscellaneous,co0170534
Fondation Hergé,miscellaneous,co0199960
Framestore,miscellaneous,co0103818
Friedrich-Ebert-Stiftung (FES),miscellaneous,co0309197
Fritz Bauer Institut,miscellaneous,co0309176
Fujifilm,miscellaneous,co0022929
Georges Borchardt,miscellaneous,co0187848
Gerling Konzern,miscellaneous,co0022846
Giangiacomo Feltrinelli Editore,miscellaneous,co0071275
Goldcrest Post Production London,miscellaneous,co0064741
HKS 13,miscellaneous,co0309204
Henry Moore Foundation,miscellaneous,co0117057
HireWorks,miscellaneous,co0216753
Hundertwasser Archive,miscellaneous,co0309192
Interaudio Tonstudio,miscellaneous,co0308983
International Alliance of Theatrical Stage Employees (IATSE),miscellaneous,co0190210
Lakeshore Records,miscellaneous,co0124993
Legacy Recording Studios,miscellaneous,co0215557
Literacy Partners,miscellaneous,co0309178
Mama Filmcatering,miscellaneous,co0090475
Mecon Media Concept,miscellaneous,co0234312
Moulinsart,miscellaneous,co0358849
Museum of Work,miscellaneous,co0309195
NovaStar Digital,miscellaneous,co0125938
Opuz Studios,miscellaneous,co0309146
Orange Sound Studios,miscellaneous,co0308901
Orbit Digital,miscellaneous,co0024261
Ozumi Films,miscellaneous,co0185085
PATIN-A SHOP GmbH,miscellaneous,co0604722
Penguin Group,miscellaneous,co0141032
Petra Ohler Casting,miscellaneous,co0308894
Right Lobe Design Group,miscellaneous,co0144496
Schenk Productions,miscellaneous,co0100939
SenfKorn Film,miscellaneous,co0301810
Sound One Corporation,miscellaneous,co0051002
Soundtrack New York,miscellaneous,co0075800
Staatliche Porzellan-Manufaktur Meissen,miscellaneous,co0063926
Stadtarchiv Mannheim,miscellaneous,co0309158
State Museum at Majdanek,miscellaneous,co0308782
Studentendorf Berlin Schlachtensee e.G.,miscellaneous,co0309190
Studio Funk,miscellaneous,co0135262
Technicolor,miscellaneous,co0065861
Tempesta Films,miscellaneous,co0104129
The Cooking Brothers,miscellaneous,co0274441
Theaterkunst,miscellaneous,co0061638
Tonstudios Z,miscellaneous,co0308907
Translux,miscellaneous,co0003062
Trevanna Post,miscellaneous,co0010762
United States Holocaust Memorial Museum,miscellaneous,co0043660
Universal Studios Licensing,miscellaneous,co0054597
Unverzagt von Have,miscellaneous,co0201630
Warner Bros. De Lane Lea,miscellaneous,co0128657
Williams Verlag,miscellaneous,co0309136
