company_name,company_type,imdb_id,is_major_studio
The Weinstein Company,distribution,co0150452,False
Alliance,distribution,co0005584,False
Entertainment Film Distributors,distribution,co0103790,False
Forum Film,distribution,co0240508,False
Sundream Motion Pictures,distribution,co0167185,False
Benelux Film Distributors,distribution,co0192297,False
Benelux Film Distributors,distribution,co0277187,False
Benelux Film Distributors,distribution,co0263576,False
Londra Films P&D,distribution,co0305759,False
Norsk Filmdistribusjon,distribution,co0054056,False
Pachamama Cine,distribution,co0158667,False
Sandrew Metronome Distribution Sverige AB,distribution,co0006862,False
Sandrew Metronome Distribution,distribution,co0050310,False
Zeta Audiovisual,distribution,co0208005,False
Applause Entertainment,distribution,co0238767,False
Argentina Video Home,distribution,co0031085,False
Ascot Elite Entertainment Group,distribution,co0102291,False
Bac Films,distribution,co0024879,False
CN Entertainment,distribution,co0208899,False
Dutch FilmWorks (DFW),distribution,co0024325,False
Entertainment in Video,distribution,co0106063,False
Genius Products,distribution,co0155664,False
Golden Village Pictures,distribution,co0061162,False
Imagem Filmes,distribution,co0073600,False
Noori Pictures,distribution,co0281534,False
Odeon,distribution,co0000689,False
Palace Pictures,distribution,co0169661,False
SND Films,distribution,co0025026,False
Senator Film,distribution,co0018781,False
Showgate,distribution,co0219983,False
Viva International Pictures,distribution,co0220551,False
Senator Home Entertainment,distribution,co0208383,False
Canvas,distribution,co0136706,False
Divisa Home Video,distribution,co0117434,False
Yleisradio (YLE),distribution,co0013526,False
3Sat,distribution,co0053646,False
3sat,distribution,co0220887,False
3sat,distribution,co0046385,False
ARD Mediathek,distribution,co0840291,False
ARD TV,distribution,co0852680,False
ARTE,distribution,co0164664,False
ARTE,distribution,co0014456,False
Amazon Instant Video,distribution,co0337718,False
Arbeitsgemeinschaft der öffentlich-rechtlichen Rundfunkanstalten der Bundesrepublik Deutschland (ARD),distribution,co0024077,False
BR Fernsehen,distribution,co0203048,False
Bayerischer Rundfunk (BR),distribution,co0051615,False
Das Erste,distribution,co0799614,False
Einsfestival,distribution,co0879773,False
Hessischer Rundfunk (HR),distribution,co0072480,False
Kimowelt TV,distribution,co0488947,False
MDR Fernsehen,distribution,co0452750,False
Mitteldeutscher Rundfunk (MDR),distribution,co0015124,False
NDR Fernsehen,distribution,co0274575,False
Norddeutscher Rundfunk (NDR),distribution,co0028284,False
ORF 1,distribution,co0204647,False
ORF 2,distribution,co0348287,False
ORF Eins,distribution,co0952258,False
RBB Fernsehen,distribution,co0768255,False
Rundfunk Berlin-Brandenburg (RBB),distribution,co0099654,False
SF2,distribution,co0887588,False
SRF zwei,distribution,co0492252,False
SWR Fernsehen,distribution,co0961937,False
Schweizer Fernsehen (SF),distribution,co0015806,False
Schweizer Radio und Fernsehen (SRF),distribution,co0424038,False
ServusTV,distribution,co0295850,False
Sky Cinema +1,distribution,co0985309,False
Sky Cinema +24,distribution,co0985310,False
Sky Cinema Emotion,distribution,co0986610,False
Sky Cinema Hits,distribution,co0952256,False
Sky Cinema,distribution,co0952255,False
Sky Emotion,distribution,co0995452,False
Südwestrundfunk (SWR),distribution,co0047104,False
WDR Fernsehen,distribution,co0217768,False
Westdeutscher Rundfunk (WDR),distribution,co0075650,False
hr-fernsehen,distribution,co0248658,False
Österreichischer Rundfunk (ORF),distribution,co0044989,False
Blumhouse International,sales,co0433049,False
The Weinstein Company,sales,co0150452,False
The Weinstein Company,production,co0150452,False
Mirage Enterprises,production,co0038270,False
Studio Babelsberg,production,co0053177,False
Filmförderungsanstalt (FFA),production,co0002254,False
Deutscher Filmförderfonds (DFFF),production,co0361470,False
Medienboard Berlin-Brandenburg,production,co0130575,False
Mitteldeutsche Medienförderung (MDM),production,co0130222,False
Filmstiftung Nordrhein-Westfalen,production,co0066028,False
SFX Department Berlin Special Effects,specialEffects,co0308953,False
Flash Art,specialEffects,co0082518,False
Framestore,specialEffects,co0103818,False
RhinoFX,specialEffects,co0140280,False
Custom Film Effects,specialEffects,co0067412,False
Snow Business International,specialEffects,co0127910,False
Snow Business,specialEffects,co0173072,False
3 Mills Studios,miscellaneous,co0937343,False
A:AI Archiv für Architektur und Ingenieurbaukunst NRW,miscellaneous,co0309162,False
ARRI Film + TV,miscellaneous,co0052565,False
Adag Film Services,miscellaneous,co0280373,False
Agentur Wanted,miscellaneous,co0238865,False
Air Lyndhurst Studios,miscellaneous,co0137663,False
Allied Integrated Marketing,miscellaneous,co0402643,False
Artur Images,miscellaneous,co0309179,False
Barnardworks,miscellaneous,co0308801,False
Berliner Synchron,miscellaneous,co0039270,False
Berliner Union Film,miscellaneous,co0040608,False
Bezirksamt Steglitz-Zehlendorf,miscellaneous,co0309173,False
C5,miscellaneous,co0007604,False
CCC-Filmkunst,miscellaneous,co0184897,False
Central Scope Production,miscellaneous,co0277069,False
Cine Plus,miscellaneous,co0059546,False
City of Görlitz,miscellaneous,co0309170,False
City of Luckau,miscellaneous,co0309159,False
Deutsches Filminstitut (DIF),miscellaneous,co0194935,False
Diogenes Verlag,miscellaneous,co0308874,False
Donna Daniels Public Relations,miscellaneous,co0127380,False
Egmont UK,miscellaneous,co0309055,False
Entertainment Clearances,miscellaneous,co0037311,False
Faber and Faber,miscellaneous,co0170534,False
Fondation Hergé,miscellaneous,co0199960,False
Framestore,miscellaneous,co0103818,False
Friedrich-Ebert-Stiftung (FES),miscellaneous,co0309197,False
Fritz Bauer Institut,miscellaneous,co0309176,False
Fujifilm,miscellaneous,co0022929,False
Georges Borchardt,miscellaneous,co0187848,False
Gerling Konzern,miscellaneous,co0022846,False
Giangiacomo Feltrinelli Editore,miscellaneous,co0071275,False
Goldcrest Post Production London,miscellaneous,co0064741,False
HKS 13,miscellaneous,co0309204,False
Henry Moore Foundation,miscellaneous,co0117057,False
HireWorks,miscellaneous,co0216753,False
Hundertwasser Archive,miscellaneous,co0309192,False
Interaudio Tonstudio,miscellaneous,co0308983,False
International Alliance of Theatrical Stage Employees (IATSE),miscellaneous,co0190210,False
Lakeshore Records,miscellaneous,co0124993,False
Legacy Recording Studios,miscellaneous,co0215557,False
Literacy Partners,miscellaneous,co0309178,False
Mama Filmcatering,miscellaneous,co0090475,False
Mecon Media Concept,miscellaneous,co0234312,False
Moulinsart,miscellaneous,co0358849,False
Museum of Work,miscellaneous,co0309195,False
NovaStar Digital,miscellaneous,co0125938,False
Opuz Studios,miscellaneous,co0309146,False
Orange Sound Studios,miscellaneous,co0308901,False
Orbit Digital,miscellaneous,co0024261,False
Ozumi Films,miscellaneous,co0185085,False
PATIN-A SHOP GmbH,miscellaneous,co0604722,False
Penguin Group,miscellaneous,co0141032,False
Petra Ohler Casting,miscellaneous,co0308894,False
Right Lobe Design Group,miscellaneous,co0144496,False
Schenk Productions,miscellaneous,co0100939,False
SenfKorn Film,miscellaneous,co0301810,False
Sound One Corporation,miscellaneous,co0051002,False
Soundtrack New York,miscellaneous,co0075800,False
Staatliche Porzellan-Manufaktur Meissen,miscellaneous,co0063926,False
Stadtarchiv Mannheim,miscellaneous,co0309158,False
State Museum at Majdanek,miscellaneous,co0308782,False
Studentendorf Berlin Schlachtensee e.G.,miscellaneous,co0309190,False
Studio Funk,miscellaneous,co0135262,False
Technicolor,miscellaneous,co0065861,False
Tempesta Films,miscellaneous,co0104129,False
The Cooking Brothers,miscellaneous,co0274441,False
Theaterkunst,miscellaneous,co0061638,False
Tonstudios Z,miscellaneous,co0308907,False
Translux,miscellaneous,co0003062,False
Trevanna Post,miscellaneous,co0010762,False
United States Holocaust Memorial Museum,miscellaneous,co0043660,False
Universal Studios Licensing,miscellaneous,co0054597,False
Unverzagt von Have,miscellaneous,co0201630,False
Warner Bros. De Lane Lea,miscellaneous,co0128657,True
Williams Verlag,miscellaneous,co0309136,False
