company_name,company_type,imdb_id
Focus Features,distribution,co0042399
A-Film Distribution,distribution,co0059453
Ascot Elite Entertainment Group,distribution,co0102291
BIM Distribuzione,distribution,co0008399
Castello Lopes Multimédia,distribution,co0078637
Constantin Film,distribution,co0002257
FS Film,distribution,co0363592
Hollywood Classic Entertainment,distribution,co0071218
Momentum Pictures,distribution,co0049085
Odeon,distribution,co0000689
Paradise Group,distribution,co0060308
PiX,distribution,co0226645
SND Films,distribution,co0025026
Serenity Entertainment International,distribution,co0176884
Shaw Organisation,distribution,co0147162
Svensk Filmindustri (SF),distribution,co0050989
United International Pictures,distribution,co0097402
Viva International Pictures,distribution,co0220551
A-Film Home Entertainment,distribution,co0113335
Alliance Atlantis Home Video,distribution,co0090512
Argentina Video Home,distribution,co0031085
Fox,distribution,co0202535
Giangiacomo Feltrinelli Editore,distribution,co0071275
Home Box Office (HBO),distribution,co0008693
Movie Bank,distribution,co0207023
Paramount Home Entertainment,distribution,co0051891
Prorom Media-Trade,distribution,co0191119
Umbrella Entertainment,distribution,co0122766
Universal Pictures Home Entertainment (UPHE),distribution,co0023827
Verenigde Arbeiders Radio Amateurs (VARA),distribution,co0033695
Yleisradio (YLE),distribution,co0013526
Focus Features,sales,co0042399
Focus Features,production,co0042399
Axon Films,production,co0246824
Groundswell Productions,production,co0173527
Jinks/Cohen Company,production,co0021095
Cinema Vehicles,production,co0020336
Illusion Arts,specialEffects,co0018703
Bent Image Lab,specialEffects,co0231114
Premier PR,miscellaneous,co0219478
AP Archive,miscellaneous,co0209394
AVID Technology,miscellaneous,co0059739
Air Lyndhurst Studios,miscellaneous,co0137663
Animal Arts,miscellaneous,co0097167
BBC Motion Gallery,miscellaneous,co0148408
Beau Bonneau Casting,miscellaneous,co0048427
Black Sand Productions,miscellaneous,co0072484
Cast & Crew Entertainment Services,miscellaneous,co0070811
Celebrity Public Relations,miscellaneous,co0100167
Clairmont Camera Film & Digital,miscellaneous,co0012439
Completion Guarantees,miscellaneous,co0442469
DTC Grip & Electric,miscellaneous,co0211783
DTC Stage and Studio Supply,miscellaneous,co0064732
Dakota Music Services,miscellaneous,co0054779
Dave Childers Film Services,miscellaneous,co0326338
DeWitt Stern Insurance Services,miscellaneous,co0016500
Decca Music Group,miscellaneous,co0178340
Decca Records,miscellaneous,co0104988
EFILM,miscellaneous,co0046164
Entertainment Clearances,miscellaneous,co0037311
Film Finances,miscellaneous,co0007445
Frameline,miscellaneous,co0022473
Getty Images,miscellaneous,co0065137
Hat Trick Catering,miscellaneous,co0124189
InSync Plus,miscellaneous,co0586472
Intelligent Media,miscellaneous,co0317678
Isobel Griffiths Limited,miscellaneous,co0110617
Karen Fried & Associates,miscellaneous,co0303863
Metro Voices,miscellaneous,co0036809
Murphy PR,miscellaneous,co0193788
NBC News Archives,miscellaneous,co0031053
Northern California Public Broadcasting,miscellaneous,co0325977
Oddball Films,miscellaneous,co0766268
One Archives,miscellaneous,co0326256
Overall & Associates,miscellaneous,co0267973
Pacific Title,miscellaneous,co0001256
Reigate St. Mary's Oratory School,miscellaneous,co0277381
Rockbottom Rentals,miscellaneous,co0208516
San Francisco Opera Costume Shop,miscellaneous,co0423339
San Francisco Opera,miscellaneous,co0086576
Sessions Payroll Management,miscellaneous,co0030430
Star Waggons,miscellaneous,co0084670
The London Session Orchestra,miscellaneous,co0105441
Wildfire Studios,miscellaneous,co0117780
