company_name,company_type,imdb_id,is_major_studio
The Weinstein Company,distribution,co0150452,False
Alliance,distribution,co0005584,False
Top Film Baltic,distribution,co0972746,False
IPA Asia Pacific,distribution,co0003188,False
Midget Entertainment,distribution,co0186774,False
Noori Pictures,distribution,co0281534,False
Tanweer Films,distribution,co0339529,False
A-Film Distribution,distribution,co0059453,False
Alfa Films,distribution,co0015030,False
Eagle Pictures,distribution,co0059055,False
Entertainment Film Distributors,distribution,co0103790,False
Forum Hungary,distribution,co0314034,False
Future Film,distribution,co0079555,False
Gaga,distribution,co0004745,False
Golden Village Pictures,distribution,co0061162,False
Noble Entertainment,distribution,co0024104,False
Norsk Filmdistribusjon,distribution,co0054056,False
Odeon,distribution,co0000689,False
Senator Film,distribution,co0018781,False
Senator Filmverleih,distribution,co0208643,False
StudioCanal,distribution,co0047476,False
A-Film Home Entertainment,distribution,co0113335,False
Anchor Bay Entertainment,distribution,co0067793,False
Ascot Elite Entertainment Group,distribution,co0102291,False
CN Entertainment,distribution,co0208899,False
Entertainment One,distribution,co0051618,False
Entertainment in Video,distribution,co0106063,False
Film1,distribution,co0313320,False
New Disc,distribution,co1044126,False
Paris Filmes,distribution,co0021161,False
Senator Home Entertainment,distribution,co0208383,False
Transeuropa Video Entertainment (TVE),distribution,co0002974,False
Zon Audiovisuais,distribution,co0385388,False
Channel 4 Television Corporation,distribution,co0103528,False
Rai Movie,distribution,co0347055,False
Pluto TV,distribution,co0545791,False
Hero,distribution,co0514158,False
Liv,distribution,co0361918,False
Nelonen,distribution,co0029644,False
Yleisradio (YLE),distribution,co0013526,False
Tempesta Films,sales,co0104129,False
The Weinstein Company,sales,co0150452,False
The Weinstein Company,production,co0150452,False
Technicolor,specialEffects,co0065861,False
Alkemy X,specialEffects,co0547860,False
Paint Collective VFX,specialEffects,co0381109,False
Entertainment Clearances,miscellaneous,co0037311,False
Stone Management,miscellaneous,co0188003,False
Tony's Food Service,miscellaneous,co0017660,False
JRS Productions,miscellaneous,co0346263,False
Todd-AO Studios,miscellaneous,co0016792,False
Sony Pictures Studios,miscellaneous,co0050108,True
Soundtrack New York,miscellaneous,co0075800,False
The Loop Squad,miscellaneous,co0324478,False
Ross 424,miscellaneous,co0413496,False
Technicolor,miscellaneous,co0065861,False
Studio Della Morte,miscellaneous,co0413497,False
Sony Classical,miscellaneous,co0100585,False
Simon and Schuster,miscellaneous,co0117070,False
Warner Bros. Entertainment,miscellaneous,co0080422,True
Getty Images,miscellaneous,co0065137,False
Hemera Technologies,miscellaneous,co0413498,False
Brand X Pictures,miscellaneous,co0413499,False
Jupiterimages,miscellaneous,co0238175,False
Thinkstock,miscellaneous,co0413500,False
Media Images,miscellaneous,co0151041,False
Photo Disc,miscellaneous,co0178946,False
Ridley Park Borough,miscellaneous,co0413501,False
Ridley Township,miscellaneous,co0413502,False
Ridley Township Police Department,miscellaneous,co0413503,False
Greater Philadelphia Film Office,miscellaneous,co0024722,False
Pennsylvania Film Office,miscellaneous,co0047085,False
Upper Darby Police Department,miscellaneous,co0413504,False
Upper Darby Township,miscellaneous,co0413505,False
Anheuser Busch,miscellaneous,co0070255,False
Diageo PLC,miscellaneous,co0107801,False
Ketel One,miscellaneous,co0337299,False
Pepsi-Cola Company,miscellaneous,co0039603,False
Reebok,miscellaneous,co0113845,False
Commonwealth of Pennsylvania,miscellaneous,co0023526,False
Kodak,miscellaneous,co0060825,False
Datasat Digital Entertainment,miscellaneous,co0395604,False
Dolby Digital,miscellaneous,co0369281,False
9ers Entertainment,miscellaneous,co0288668,False
ARRI / Camera Service Center,miscellaneous,co0230098,False
Hurwitz Creative,miscellaneous,co0041001,False
Les Studios de Saint Ouen,miscellaneous,co0126080,False
Nintendo Entertainment,miscellaneous,co1027891,False
Philadelphia Soundstages,miscellaneous,co0404186,False
Pivotal Post,miscellaneous,co0014704,False
Reder & Feig,miscellaneous,co0125297,False
Studio Line,miscellaneous,co0240862,False
Studio Solutions Group,miscellaneous,co0284154,False
The Cimarron Group,miscellaneous,co0134666,False
Toronto International Film Festival,miscellaneous,co0047102,False
