company_name,company_type,imdb_id,is_major_studio
The Weinstein Company,distribution,co0150452,False
Alliance,distribution,co0005584,False
Pathé Films,distribution,co0236896,False
Channel 4 Television Corporation,distribution,co0103528,False
Bioscop,distribution,co0127137,False
Cascade Film,distribution,co0006894,False
Concorde Filmverleih,distribution,co0012770,False
Gaga,distribution,co0004745,False
Lumière,distribution,co0305093,False
Odeon,distribution,co0000689,False
Pathé Distribution,distribution,co0384006,False
Picture Works,distribution,co0454624,False
Scanbox Entertainment,distribution,co0003833,False
Scanbox Entertainment,distribution,co0019016,False
Shaw Organisation,distribution,co0147162,False
Twentieth Century Fox,distribution,co0000756,False
Anchor Bay Entertainment,distribution,co0067793,False
Concorde Home Entertainment,distribution,co0003079,False
Eclipse Pictures,distribution,co0108638,False
EuroVideo,distribution,co0041475,False
Lumière Home Entertainment,distribution,co0267142,False
Pris Audiovisuais,distribution,co0325312,False
Rosebud,distribution,co0019646,False
Shoval Film Production,distribution,co0077324,False
Wanda Visión S.A.,distribution,co0055022,False
Film1,distribution,co0313320,False
Nederlandse Christelijke Radio-Vereniging (NCRV),distribution,co0054806,False
Yleisradio (YLE),distribution,co0013526,False
Canvas,distribution,co0136706,False
FOX,distribution,co0440497,False
Rai Movie,distribution,co0347055,False
Hero,distribution,co0514158,False
Liv,distribution,co0361918,False
Paramount Network.,distribution,co0777243,False
Disney+,distribution,co0721120,False
7flix,distribution,co0776428,False
Telemundo Network,distribution,co0059426,False
Pathé International,sales,co0108100,False
DJ Films,production,co0242217,False
Pathé,production,co0022869,False
Film4,production,co0167631,False
Canal+,production,co0028557,False
Goldcrest Pictures,production,co0245613,False
UK Film Council,production,co0104092,False
CinéCinéma,production,co0028908,False
Fangs FX,specialEffects,co0156253,False
BlueBolt,specialEffects,co0286378,False
Fugitive Studios,specialEffects,co0240771,False
AON/Albert G. Ruben Insurance Services,miscellaneous,co0231793,False
ARRI Lighting Rental,miscellaneous,co0105304,False
Abbey Road Studios,miscellaneous,co0105292,False
Action Safety,miscellaneous,co0377312,False
Alamy,miscellaneous,co0390601,False
Alex Rose Wig Company,miscellaneous,co0218216,False
Angels the Costumiers,miscellaneous,co0109823,False
Audiolink Radio Communications,miscellaneous,co0029274,False
BBC Motion Gallery,miscellaneous,co0148408,False
BCD Travel,miscellaneous,co0358078,False
BFI National Archive,miscellaneous,co0230855,False
Bapty and Co.,miscellaneous,co0031717,False
Bonnie & Betty,miscellaneous,co0315701,False
Bristol Costume Services,miscellaneous,co0240590,False
Camera Revolution,miscellaneous,co0008680,False
Cammotion,miscellaneous,co0308319,False
Campbell Young Associates,miscellaneous,co0377271,False
Casting Collective,miscellaneous,co0105319,False
Compuhire,miscellaneous,co0061295,False
Corbis,miscellaneous,co0089590,False
Crown Copyright / Film Images,miscellaneous,co0388124,False
Deluxe Entertainment Services,miscellaneous,co0226376,False
Digital Media Services (DMS),miscellaneous,co0313594,False
Dolby Laboratories,miscellaneous,co0047023,False
Dynamic International,miscellaneous,co0225436,False
Fangs FX,miscellaneous,co0156253,False
Farnworth Scaffold Sevices,miscellaneous,co0105751,False
Feet 'n Frames,miscellaneous,co0107759,False
Film London,miscellaneous,co0091695,False
Film4,miscellaneous,co0167631,False
Fintage CAM,miscellaneous,co0109836,False
Funn,miscellaneous,co0431057,False
Getty Images,miscellaneous,co0065137,False
Goldcrest Post Production London,miscellaneous,co0064741,False
Greener World,miscellaneous,co0390632,False
Greenwich Foundation,miscellaneous,co0269379,False
Hyperactive Broadcast,miscellaneous,co0174785,False
ITN Source,miscellaneous,co0186651,False
Imperial War Museum,miscellaneous,co0103450,False
Intelligent Media,miscellaneous,co0317678,False
International Film Guarantors,miscellaneous,co0024538,False
Isobel Griffiths Limited,miscellaneous,co0110617,False
Jaeger-LeCoultre,miscellaneous,co0043380,False
Kodak Motion Picture Film,miscellaneous,co1008288,False
Kodak,miscellaneous,co0105348,False
Leelium Balloons,miscellaneous,co0256048,False
Lil & Kate London,miscellaneous,co0377331,False
Location Secure,miscellaneous,co0377320,False
London Metropolitan Police,miscellaneous,co0174060,False
London Voices,miscellaneous,co0148182,False
MSL,miscellaneous,co0377311,False
Marble Building Products,miscellaneous,co0390720,False
Miele Company,miscellaneous,co0390561,False
Moneypenny Post Accounting and Payroll,miscellaneous,co0377237,False
Motorhouse Hire,miscellaneous,co0301407,False
National Lottery,miscellaneous,co0103758,False
Olswang,miscellaneous,co0032687,False
PES Payroll,miscellaneous,co0200641,False
Panavision,miscellaneous,co0537619,False
Panavision,miscellaneous,co0041930,False
Parliamentary Recording Unit,miscellaneous,co0225444,False
Pathé,miscellaneous,co0022869,False
Peter Owen,miscellaneous,co0313521,False
Pinewood Shepperton,miscellaneous,co0225686,False
Pivotal Post,miscellaneous,co0014704,False
Premier PR,miscellaneous,co0219478,False
Production Copier Company,miscellaneous,co0253325,False
Raging Goose London,miscellaneous,co0377289,False
Ray Marston Wig Studio,miscellaneous,co0113863,False
Red Chutney,miscellaneous,co0300637,False
Royal Parks,miscellaneous,co0315234,False
Sapex Scripts,miscellaneous,co0081577,False
Sheridans,miscellaneous,co0357101,False
Shipleys,miscellaneous,co0197997,False
Smallbone Kitchens,miscellaneous,co0368194,False
Sony Classical,miscellaneous,co0100585,False
Sound One,miscellaneous,co0002195,False
Studio Solutions Group,miscellaneous,co0284154,False
Telegraph Media Group,miscellaneous,co0239054,False
The Picture Production Company,miscellaneous,co0216431,False
The Westye Group Europe,miscellaneous,co0390624,False
Translux,miscellaneous,co0267209,False
Twentieth Century Fox,miscellaneous,co0000756,False
Twickenham Film Studios,miscellaneous,co0014583,False
UK Film Council,miscellaneous,co0104092,False
Universal Extras,miscellaneous,co0389932,False
University of Greenwich,miscellaneous,co0344460,False
Wandsworth Council Film Office,miscellaneous,co0390730,False
Warner Bros. De Lane Lea,miscellaneous,co0128657,True
West Trend Apartments,miscellaneous,co0254947,False
Wig Makers,miscellaneous,co0377240,False
Wimbledon Film & Television Studios,miscellaneous,co0390648,False
