company_name,company_type,imdb_id,is_major_studio
Focus Features,distribution,co0042399,False
A-Film Distribution,distribution,co0059453,False
Ascot Elite Entertainment Group,distribution,co0102291,False
BIM Distribuzione,distribution,co0008399,False
Castello Lopes Multimédia,distribution,co0078637,False
Constantin Film,distribution,co0002257,False
FS Film,distribution,co0363592,False
Hollywood Classic Entertainment,distribution,co0071218,False
Momentum Pictures,distribution,co0049085,False
Odeon,distribution,co0000689,False
Paradise Group,distribution,co0060308,False
PiX,distribution,co0226645,False
SND Films,distribution,co0025026,False
Serenity Entertainment International,distribution,co0176884,False
Shaw Organisation,distribution,co0147162,False
Svensk Filmindustri (SF),distribution,co0050989,False
United International Pictures,distribution,co0097402,False
Viva International Pictures,distribution,co0220551,False
A-Film Home Entertainment,distribution,co0113335,False
Alliance Atlantis Home Video,distribution,co0090512,False
Argentina Video Home,distribution,co0031085,False
Fox,distribution,co0202535,False
Giangiacomo Feltrinelli Editore,distribution,co0071275,False
Home Box Office (HBO),distribution,co0008693,False
Movie Bank,distribution,co0207023,False
Paramount Home Entertainment,distribution,co0051891,False
Prorom Media-Trade,distribution,co0191119,False
Umbrella Entertainment,distribution,co0122766,False
Universal Pictures Home Entertainment (UPHE),distribution,co0023827,True
Verenigde Arbeiders Radio Amateurs (VARA),distribution,co0033695,False
Yleisradio (YLE),distribution,co0013526,False
Focus Features,sales,co0042399,False
Focus Features,production,co0042399,False
Axon Films,production,co0246824,False
Groundswell Productions,production,co0173527,False
Jinks/Cohen Company,production,co0021095,False
Cinema Vehicles,production,co0020336,False
Illusion Arts,specialEffects,co0018703,False
Bent Image Lab,specialEffects,co0231114,False
Premier PR,miscellaneous,co0219478,False
AP Archive,miscellaneous,co0209394,False
AVID Technology,miscellaneous,co0059739,False
Air Lyndhurst Studios,miscellaneous,co0137663,False
Animal Arts,miscellaneous,co0097167,False
BBC Motion Gallery,miscellaneous,co0148408,False
Beau Bonneau Casting,miscellaneous,co0048427,False
Black Sand Productions,miscellaneous,co0072484,False
Cast & Crew Entertainment Services,miscellaneous,co0070811,False
Celebrity Public Relations,miscellaneous,co0100167,False
Clairmont Camera Film & Digital,miscellaneous,co0012439,False
Completion Guarantees,miscellaneous,co0442469,False
DTC Grip & Electric,miscellaneous,co0211783,False
DTC Stage and Studio Supply,miscellaneous,co0064732,False
Dakota Music Services,miscellaneous,co0054779,False
Dave Childers Film Services,miscellaneous,co0326338,False
DeWitt Stern Insurance Services,miscellaneous,co0016500,False
Decca Music Group,miscellaneous,co0178340,False
Decca Records,miscellaneous,co0104988,False
EFILM,miscellaneous,co0046164,False
Entertainment Clearances,miscellaneous,co0037311,False
Film Finances,miscellaneous,co0007445,False
Frameline,miscellaneous,co0022473,False
Getty Images,miscellaneous,co0065137,False
Hat Trick Catering,miscellaneous,co0124189,False
InSync Plus,miscellaneous,co0586472,False
Intelligent Media,miscellaneous,co0317678,False
Isobel Griffiths Limited,miscellaneous,co0110617,False
Karen Fried & Associates,miscellaneous,co0303863,False
Metro Voices,miscellaneous,co0036809,False
Murphy PR,miscellaneous,co0193788,False
NBC News Archives,miscellaneous,co0031053,False
Northern California Public Broadcasting,miscellaneous,co0325977,False
Oddball Films,miscellaneous,co0766268,False
One Archives,miscellaneous,co0326256,False
Overall & Associates,miscellaneous,co0267973,False
Pacific Title,miscellaneous,co0001256,False
Reigate St. Mary's Oratory School,miscellaneous,co0277381,False
Rockbottom Rentals,miscellaneous,co0208516,False
San Francisco Opera Costume Shop,miscellaneous,co0423339,False
San Francisco Opera,miscellaneous,co0086576,False
Sessions Payroll Management,miscellaneous,co0030430,False
Star Waggons,miscellaneous,co0084670,False
The London Session Orchestra,miscellaneous,co0105441,False
Wildfire Studios,miscellaneous,co0117780,False
