company_name,company_type,imdb_id
The Weinstein Company,distribution,co0150452
Alliance,distribution,co0005584
Pathé Films,distribution,co0236896
Channel 4 Television Corporation,distribution,co0103528
Bioscop,distribution,co0127137
Cascade Film,distribution,co0006894
Concorde Filmverleih,distribution,co0012770
Gaga,distribution,co0004745
Lumière,distribution,co0305093
Odeon,distribution,co0000689
Pathé Distribution,distribution,co0384006
Picture Works,distribution,co0454624
Scanbox Entertainment,distribution,co0003833
Scanbox Entertainment,distribution,co0019016
Shaw Organisation,distribution,co0147162
Twentieth Century Fox,distribution,co0000756
Anchor Bay Entertainment,distribution,co0067793
Concorde Home Entertainment,distribution,co0003079
Eclipse Pictures,distribution,co0108638
EuroVideo,distribution,co0041475
Lumière Home Entertainment,distribution,co0267142
Pris Audiovisuais,distribution,co0325312
Rosebud,distribution,co0019646
Shoval Film Production,distribution,co0077324
Wanda Visión S.A.,distribution,co0055022
Film1,distribution,co0313320
Nederlandse Christelijke Radio-Vereniging (NCRV),distribution,co0054806
Yleisradio (YLE),distribution,co0013526
Canvas,distribution,co0136706
FOX,distribution,co0440497
Rai Movie,distribution,co0347055
Hero,distribution,co0514158
Liv,distribution,co0361918
Paramount Network.,distribution,co0777243
Disney+,distribution,co0721120
7flix,distribution,co0776428
Telemundo Network,distribution,co0059426
Pathé International,sales,co0108100
DJ Films,production,co0242217
Pathé,production,co0022869
Film4,production,co0167631
Canal+,production,co0028557
Goldcrest Pictures,production,co0245613
UK Film Council,production,co0104092
CinéCinéma,production,co0028908
Fangs FX,specialEffects,co0156253
BlueBolt,specialEffects,co0286378
Fugitive Studios,specialEffects,co0240771
AON/Albert G. Ruben Insurance Services,miscellaneous,co0231793
ARRI Lighting Rental,miscellaneous,co0105304
Abbey Road Studios,miscellaneous,co0105292
Action Safety,miscellaneous,co0377312
Alamy,miscellaneous,co0390601
Alex Rose Wig Company,miscellaneous,co0218216
Angels the Costumiers,miscellaneous,co0109823
Audiolink Radio Communications,miscellaneous,co0029274
BBC Motion Gallery,miscellaneous,co0148408
BCD Travel,miscellaneous,co0358078
BFI National Archive,miscellaneous,co0230855
Bapty and Co.,miscellaneous,co0031717
Bonnie & Betty,miscellaneous,co0315701
Bristol Costume Services,miscellaneous,co0240590
Camera Revolution,miscellaneous,co0008680
Cammotion,miscellaneous,co0308319
Campbell Young Associates,miscellaneous,co0377271
Casting Collective,miscellaneous,co0105319
Compuhire,miscellaneous,co0061295
Corbis,miscellaneous,co0089590
Crown Copyright / Film Images,miscellaneous,co0388124
Deluxe Entertainment Services,miscellaneous,co0226376
Digital Media Services (DMS),miscellaneous,co0313594
Dolby Laboratories,miscellaneous,co0047023
Dynamic International,miscellaneous,co0225436
Fangs FX,miscellaneous,co0156253
Farnworth Scaffold Sevices,miscellaneous,co0105751
Feet 'n Frames,miscellaneous,co0107759
Film London,miscellaneous,co0091695
Film4,miscellaneous,co0167631
Fintage CAM,miscellaneous,co0109836
Funn,miscellaneous,co0431057
Getty Images,miscellaneous,co0065137
Goldcrest Post Production London,miscellaneous,co0064741
Greener World,miscellaneous,co0390632
Greenwich Foundation,miscellaneous,co0269379
Hyperactive Broadcast,miscellaneous,co0174785
ITN Source,miscellaneous,co0186651
Imperial War Museum,miscellaneous,co0103450
Intelligent Media,miscellaneous,co0317678
International Film Guarantors,miscellaneous,co0024538
Isobel Griffiths Limited,miscellaneous,co0110617
Jaeger-LeCoultre,miscellaneous,co0043380
Kodak Motion Picture Film,miscellaneous,co1008288
Kodak,miscellaneous,co0105348
Leelium Balloons,miscellaneous,co0256048
Lil & Kate London,miscellaneous,co0377331
Location Secure,miscellaneous,co0377320
London Metropolitan Police,miscellaneous,co0174060
London Voices,miscellaneous,co0148182
MSL,miscellaneous,co0377311
Marble Building Products,miscellaneous,co0390720
Miele Company,miscellaneous,co0390561
Moneypenny Post Accounting and Payroll,miscellaneous,co0377237
Motorhouse Hire,miscellaneous,co0301407
National Lottery,miscellaneous,co0103758
Olswang,miscellaneous,co0032687
PES Payroll,miscellaneous,co0200641
Panavision,miscellaneous,co0537619
Panavision,miscellaneous,co0041930
Parliamentary Recording Unit,miscellaneous,co0225444
Pathé,miscellaneous,co0022869
Peter Owen,miscellaneous,co0313521
Pinewood Shepperton,miscellaneous,co0225686
Pivotal Post,miscellaneous,co0014704
Premier PR,miscellaneous,co0219478
Production Copier Company,miscellaneous,co0253325
Raging Goose London,miscellaneous,co0377289
Ray Marston Wig Studio,miscellaneous,co0113863
Red Chutney,miscellaneous,co0300637
Royal Parks,miscellaneous,co0315234
Sapex Scripts,miscellaneous,co0081577
Sheridans,miscellaneous,co0357101
Shipleys,miscellaneous,co0197997
Smallbone Kitchens,miscellaneous,co0368194
Sony Classical,miscellaneous,co0100585
Sound One,miscellaneous,co0002195
Studio Solutions Group,miscellaneous,co0284154
Telegraph Media Group,miscellaneous,co0239054
The Picture Production Company,miscellaneous,co0216431
The Westye Group Europe,miscellaneous,co0390624
Translux,miscellaneous,co0267209
Twentieth Century Fox,miscellaneous,co0000756
Twickenham Film Studios,miscellaneous,co0014583
UK Film Council,miscellaneous,co0104092
Universal Extras,miscellaneous,co0389932
University of Greenwich,miscellaneous,co0344460
Wandsworth Council Film Office,miscellaneous,co0390730
Warner Bros. De Lane Lea,miscellaneous,co0128657
West Trend Apartments,miscellaneous,co0254947
Wig Makers,miscellaneous,co0377240
Wimbledon Film & Television Studios,miscellaneous,co0390648
