company_name,company_type,imdb_id
The Weinstein Company,distribution,co0150452
Alliance,distribution,co0005584
Top Film Baltic,distribution,co0972746
IPA Asia Pacific,distribution,co0003188
Midget Entertainment,distribution,co0186774
Noori Pictures,distribution,co0281534
Tanweer Films,distribution,co0339529
A-Film Distribution,distribution,co0059453
Alfa Films,distribution,co0015030
Eagle Pictures,distribution,co0059055
Entertainment Film Distributors,distribution,co0103790
Forum Hungary,distribution,co0314034
Future Film,distribution,co0079555
Gaga,distribution,co0004745
Golden Village Pictures,distribution,co0061162
Noble Entertainment,distribution,co0024104
Norsk Filmdistribusjon,distribution,co0054056
Odeon,distribution,co0000689
Senator Film,distribution,co0018781
Senator Filmverleih,distribution,co0208643
StudioCanal,distribution,co0047476
A-Film Home Entertainment,distribution,co0113335
Anchor Bay Entertainment,distribution,co0067793
Ascot Elite Entertainment Group,distribution,co0102291
CN Entertainment,distribution,co0208899
Entertainment One,distribution,co0051618
Entertainment in Video,distribution,co0106063
Film1,distribution,co0313320
New Disc,distribution,co1044126
Paris Filmes,distribution,co0021161
Senator Home Entertainment,distribution,co0208383
Transeuropa Video Entertainment (TVE),distribution,co0002974
Zon Audiovisuais,distribution,co0385388
Channel 4 Television Corporation,distribution,co0103528
Rai Movie,distribution,co0347055
Pluto TV,distribution,co0545791
Hero,distribution,co0514158
Liv,distribution,co0361918
Nelonen,distribution,co0029644
Yleisradio (YLE),distribution,co0013526
Tempesta Films,sales,co0104129
The Weinstein Company,sales,co0150452
The Weinstein Company,production,co0150452
Technicolor,specialEffects,co0065861
Alkemy X,specialEffects,co0547860
Paint Collective VFX,specialEffects,co0381109
Entertainment Clearances,miscellaneous,co0037311
Stone Management,miscellaneous,co0188003
Tony's Food Service,miscellaneous,co0017660
JRS Productions,miscellaneous,co0346263
Todd-AO Studios,miscellaneous,co0016792
Sony Pictures Studios,miscellaneous,co0050108
Soundtrack New York,miscellaneous,co0075800
The Loop Squad,miscellaneous,co0324478
Ross 424,miscellaneous,co0413496
Technicolor,miscellaneous,co0065861
Studio Della Morte,miscellaneous,co0413497
Sony Classical,miscellaneous,co0100585
Simon and Schuster,miscellaneous,co0117070
Warner Bros. Entertainment,miscellaneous,co0080422
Getty Images,miscellaneous,co0065137
Hemera Technologies,miscellaneous,co0413498
Brand X Pictures,miscellaneous,co0413499
Jupiterimages,miscellaneous,co0238175
Thinkstock,miscellaneous,co0413500
Media Images,miscellaneous,co0151041
Photo Disc,miscellaneous,co0178946
Ridley Park Borough,miscellaneous,co0413501
Ridley Township,miscellaneous,co0413502
Ridley Township Police Department,miscellaneous,co0413503
Greater Philadelphia Film Office,miscellaneous,co0024722
Pennsylvania Film Office,miscellaneous,co0047085
Upper Darby Police Department,miscellaneous,co0413504
Upper Darby Township,miscellaneous,co0413505
Anheuser Busch,miscellaneous,co0070255
Diageo PLC,miscellaneous,co0107801
Ketel One,miscellaneous,co0337299
Pepsi-Cola Company,miscellaneous,co0039603
Reebok,miscellaneous,co0113845
Commonwealth of Pennsylvania,miscellaneous,co0023526
Kodak,miscellaneous,co0060825
Datasat Digital Entertainment,miscellaneous,co0395604
Dolby Digital,miscellaneous,co0369281
9ers Entertainment,miscellaneous,co0288668
ARRI / Camera Service Center,miscellaneous,co0230098
Hurwitz Creative,miscellaneous,co0041001
Les Studios de Saint Ouen,miscellaneous,co0126080
Nintendo Entertainment,miscellaneous,co1027891
Philadelphia Soundstages,miscellaneous,co0404186
Pivotal Post,miscellaneous,co0014704
Reder & Feig,miscellaneous,co0125297
Studio Line,miscellaneous,co0240862
Studio Solutions Group,miscellaneous,co0284154
The Cimarron Group,miscellaneous,co0134666
Toronto International Film Festival,miscellaneous,co0047102
