company_name,company_type,imdb_id
Central Partnership,distribution,co0020442
Paramount Pictures,distribution,co0023400
United International Pictures (UIP),distribution,co0097404
United International Pictures (UIP),distribution,co0015307
United International Pictures,distribution,co0097402
Universal Pictures International (UPI),distribution,co0183709
10 Shake,distribution,co0956701
Argentina Video Home,distribution,co0031085
Film1,distribution,co0313320
New Disc,distribution,co1044126
Nickelodeon Network,distribution,co0007546
Odeon,distribution,co0000689
Paramount Home Entertainment,distribution,co0051891
Pluto TV,distribution,co0545791
RTL Entertainment,distribution,co0112383
Universal Pictures,distribution,co0005073
YouTube Movies,distribution,co0847367
Zon Lusomundo Audiovisuais,distribution,co0279838
Bad Robot,production,co0021593
Goldcrest Pictures,production,co0245613
Framestore,specialEffects,co0103818
Lola Visual Effects,specialEffects,co0129378
Air Lyndhurst Studios,miscellaneous,co0137663
American Humane,miscellaneous,co0648712
Bloomberg,miscellaneous,co0312159
CNN,miscellaneous,co0165168
Digital Media Services (DMS),miscellaneous,co0313594
Digital Vortechs,miscellaneous,co0156308
Dsire Design,miscellaneous,co0192743
EMS Payroll,miscellaneous,co0278477
Flashpoint Studios,miscellaneous,co0168329
Gallagher Entertainment,miscellaneous,co0306735
Grant Wilfley Casting,miscellaneous,co0082452
Haddad's,miscellaneous,co0037289
HireWorks,miscellaneous,co0216753
Hothouse Music,miscellaneous,co0090642
International Alliance of Theatrical Stage Employees (IATSE),miscellaneous,co0190210
Klass Security and Investigations,miscellaneous,co0313027
Kodak,miscellaneous,co0060825
Lip Sync,miscellaneous,co0114879
Magnatag Visible Systems,miscellaneous,co0764714
MediaMix,miscellaneous,co0315273
Metropolis Studios,miscellaneous,co0321141
NBC News Archives,miscellaneous,co0031053
NY1 News,miscellaneous,co0123310
New York State Governor's Office for Motion Picture & Television Development,miscellaneous,co0050551
Panavision,miscellaneous,co0041930
Pictorvision,miscellaneous,co0174913
Sound One,miscellaneous,co0002195
Soundelux,miscellaneous,co0137700
Tai Audio,miscellaneous,co0096965
"The New York City Mayor's Office of Film, Theatre & Broadcasting",miscellaneous,co0051113
Tomkats Catering,miscellaneous,co0101668
Warner Bros. De Lane Lea,miscellaneous,co0128657
