company_name,company_type,imdb_id,is_major_studio
Central Partnership,distribution,co0020442,False
Paramount Pictures,distribution,co0023400,True
United International Pictures (UIP),distribution,co0097404,False
United International Pictures (UIP),distribution,co0015307,False
United International Pictures,distribution,co0097402,False
Universal Pictures International (UPI),distribution,co0183709,True
10 Shake,distribution,co0956701,False
Argentina Video Home,distribution,co0031085,False
Film1,distribution,co0313320,False
New Disc,distribution,co1044126,False
Nickelodeon Network,distribution,co0007546,False
Odeon,distribution,co0000689,False
Paramount Home Entertainment,distribution,co0051891,False
Pluto TV,distribution,co0545791,False
RTL Entertainment,distribution,co0112383,False
Universal Pictures,distribution,co0005073,True
YouTube Movies,distribution,co0847367,False
Zon Lusomundo Audiovisuais,distribution,co0279838,False
Bad Robot,production,co0021593,False
Goldcrest Pictures,production,co0245613,False
Framestore,specialEffects,co0103818,False
Lola Visual Effects,specialEffects,co0129378,False
Air Lyndhurst Studios,miscellaneous,co0137663,False
American Humane,miscellaneous,co0648712,False
Bloomberg,miscellaneous,co0312159,False
CNN,miscellaneous,co0165168,False
Digital Media Services (DMS),miscellaneous,co0313594,False
Digital Vortechs,miscellaneous,co0156308,False
Dsire Design,miscellaneous,co0192743,False
EMS Payroll,miscellaneous,co0278477,False
Flashpoint Studios,miscellaneous,co0168329,False
Gallagher Entertainment,miscellaneous,co0306735,False
Grant Wilfley Casting,miscellaneous,co0082452,False
Haddad's,miscellaneous,co0037289,False
HireWorks,miscellaneous,co0216753,False
Hothouse Music,miscellaneous,co0090642,False
International Alliance of Theatrical Stage Employees (IATSE),miscellaneous,co0190210,False
Klass Security and Investigations,miscellaneous,co0313027,False
Kodak,miscellaneous,co0060825,False
Lip Sync,miscellaneous,co0114879,False
Magnatag Visible Systems,miscellaneous,co0764714,False
MediaMix,miscellaneous,co0315273,False
Metropolis Studios,miscellaneous,co0321141,False
NBC News Archives,miscellaneous,co0031053,False
NY1 News,miscellaneous,co0123310,False
New York State Governor's Office for Motion Picture & Television Development,miscellaneous,co0050551,False
Panavision,miscellaneous,co0041930,False
Pictorvision,miscellaneous,co0174913,False
Sound One,miscellaneous,co0002195,False
Soundelux,miscellaneous,co0137700,False
Tai Audio,miscellaneous,co0096965,False
"The New York City Mayor's Office of Film, Theatre & Broadcasting",miscellaneous,co0051113,False
Tomkats Catering,miscellaneous,co0101668,False
Warner Bros. De Lane Lea,miscellaneous,co0128657,True
