company_name,company_type,imdb_id
Fox Searchlight Pictures,distribution,co0982337
Twentieth Century Fox,distribution,co0000756
20th Century Fox Argentina,distribution,co0007180
Warner Bros.,distribution,co0002663
Twentieth Century Fox Home Entertainment,distribution,co0296943
20th Century Fox Home Entertainment,distribution,co0280047
20th Century Fox Home Entertainment,distribution,co0010224
Odeon,distribution,co0000689
Twentieth Century Fox Home Entertainment,distribution,co0189783
Film1,distribution,co0313320
RTL Entertainment,distribution,co0112383
Searchlight Pictures,sales,co0028932
Searchlight Pictures,production,co0028932
Informant Media,production,co0242459
Butcher's Run Films,production,co0073152
Behind the Scenes Freight,miscellaneous,co0141851
Bernalillo Country Art Board and Public Art Program,miscellaneous,co0361139
Chapman/Leonard Studio Equipment,miscellaneous,co0008022
City of Albuquerque,miscellaneous,co0189767
City of Houston,miscellaneous,co0223849
City of Los Angeles,miscellaneous,co0001759
City of Santa Fe,miscellaneous,co0213557
Converse,miscellaneous,co0071709
Descriptive Video Works,miscellaneous,co0321535
FotoKem,miscellaneous,co0038383
Hear Kitty,miscellaneous,co0184253
Hugo Boss,miscellaneous,co0018121
Intelligent Media,miscellaneous,co0317678
JLS Security,miscellaneous,co0305302
Keep Me Posted,miscellaneous,co0076640
Kodak,miscellaneous,co0060825
Leonetti Company,miscellaneous,co0027193
Luxottica Eyewear,miscellaneous,co0361446
New Mexico Film Commission,miscellaneous,co0025495
New West Records,miscellaneous,co0182762
Panavision Remote Systems,miscellaneous,co0002792
Pro-Cam Rentals,miscellaneous,co0540296
Ray-Ban,miscellaneous,co0051154
Reel Chefs Catering,miscellaneous,co0224216
"Rosen, Feig, Golland & Lunn",miscellaneous,co0157762
Santa Fe Balloons,miscellaneous,co0305278
Soundelux,miscellaneous,co0082400
Southern Threads,miscellaneous,co0361430
Stetson,miscellaneous,co0146991
Todd-AO Studios,miscellaneous,co0016792
