company_name,company_type,imdb_id,is_major_studio
Fox Searchlight Pictures,distribution,co0982337,False
Twentieth Century Fox,distribution,co0000756,False
20th Century Fox Argentina,distribution,co0007180,True
Warner Bros.,distribution,co0002663,True
Twentieth Century Fox Home Entertainment,distribution,co0296943,False
20th Century Fox Home Entertainment,distribution,co0280047,True
20th Century Fox Home Entertainment,distribution,co0010224,True
Odeon,distribution,co0000689,False
Twentieth Century Fox Home Entertainment,distribution,co0189783,False
Film1,distribution,co0313320,False
RTL Entertainment,distribution,co0112383,False
Searchlight Pictures,sales,co0028932,False
Searchlight Pictures,production,co0028932,False
Informant Media,production,co0242459,False
Butcher's Run Films,production,co0073152,False
Behind the Scenes Freight,miscellaneous,co0141851,False
Bernalillo Country Art Board and Public Art Program,miscellaneous,co0361139,False
Chapman/Leonard Studio Equipment,miscellaneous,co0008022,False
City of Albuquerque,miscellaneous,co0189767,False
City of Houston,miscellaneous,co0223849,False
City of Los Angeles,miscellaneous,co0001759,False
City of Santa Fe,miscellaneous,co0213557,False
Converse,miscellaneous,co0071709,False
Descriptive Video Works,miscellaneous,co0321535,False
FotoKem,miscellaneous,co0038383,False
Hear Kitty,miscellaneous,co0184253,False
Hugo Boss,miscellaneous,co0018121,False
Intelligent Media,miscellaneous,co0317678,False
JLS Security,miscellaneous,co0305302,False
Keep Me Posted,miscellaneous,co0076640,False
Kodak,miscellaneous,co0060825,False
Leonetti Company,miscellaneous,co0027193,False
Luxottica Eyewear,miscellaneous,co0361446,False
New Mexico Film Commission,miscellaneous,co0025495,False
New West Records,miscellaneous,co0182762,False
Panavision Remote Systems,miscellaneous,co0002792,False
Pro-Cam Rentals,miscellaneous,co0540296,False
Ray-Ban,miscellaneous,co0051154,False
Reel Chefs Catering,miscellaneous,co0224216,False
"Rosen, Feig, Golland & Lunn",miscellaneous,co0157762,False
Santa Fe Balloons,miscellaneous,co0305278,False
Soundelux,miscellaneous,co0082400,False
Southern Threads,miscellaneous,co0361430,False
Stetson,miscellaneous,co0146991,False
Todd-AO Studios,miscellaneous,co0016792,False
