company_name,company_type,imdb_id
Paramount Pictures,distribution,co0023400
United International Pictures (UIP),distribution,co0150829
Bontonfilm,distribution,co0033954
Central Partnership,distribution,co0020442
Finnkino,distribution,co0014703
Paramount Pictures UK,distribution,co0822247
Solar Entertainment,distribution,co0197574
Tatrafilm,distribution,co0156915
United International Pictures (UIP),distribution,co0097404
United International Pictures (UIP),distribution,co0043417
United International Pictures (UIP),distribution,co0173912
United International Pictures (UIP),distribution,co0113995
United International Pictures (UIP),distribution,co0015307
United International Pictures,distribution,co0097402
Universal Pictures International (UPI),distribution,co0183709
Argentina Video Home,distribution,co0031085
Film1,distribution,co0313320
Odeon,distribution,co0000689
Paramount Home Entertainment,distribution,co0051891
Zon Lusomundo Audiovisuais,distribution,co0279838
RTL Entertainment,distribution,co0112383
HBO Max,distribution,co0754095
Pluto TV,distribution,co0545791
The Criterion Channel,distribution,co0804141
Paramount Pictures,production,co0023400
Skydance Media,production,co0152219
Scott Rudin Productions,production,co0093765
Mike Zoss Productions,production,co0068186
Creature Effects,specialEffects,co0051841
Tinsley Studio,specialEffects,co0141746
Luma Pictures,specialEffects,co0116745
Special FX International,specialEffects,co0303487
Wolf Stuntworks,specialEffects,co0034287
Absolut Video,miscellaneous,co0223824
American Humane,miscellaneous,co0648712
American Society of Cinematographers (ASC),miscellaneous,co0065738
Animal Actors of Hollywood,miscellaneous,co0058992
Aquila Travel,miscellaneous,co0390199
Big Film Design,miscellaneous,co0060282
British Society of Cinematographers (BSC),miscellaneous,co0105626
Chapman/Leonard Studio Equipment,miscellaneous,co0008022
Deluxe Entertainment Services,miscellaneous,co0226376
Digital Media Services (DMS),miscellaneous,co0313594
Dolby Laboratories,miscellaneous,co0047023
EMS Payroll,miscellaneous,co0278477
Filmtools,miscellaneous,co0244588
Garson Studios,miscellaneous,co0300641
Hollywood Trucks,miscellaneous,co0096590
International Alliance of Theatrical Stage Employees (IATSE),miscellaneous,co0190210
Kodak,miscellaneous,co0060825
Manhattan Center Studios,miscellaneous,co0140910
Mode HQ,miscellaneous,co0266296
New Mexico Film Commission,miscellaneous,co0025495
Nonesuch Records,miscellaneous,co0101857
Omega Cinema Props,miscellaneous,co0063055
Otto Nemenz International,miscellaneous,co0018437
Post Factory NY,miscellaneous,co0030308
Pro-Cam Rentals,miscellaneous,co0540296
Sony Pictures Studios,miscellaneous,co0050108
Texas Film Commission,miscellaneous,co0070583
"Texas, State of",miscellaneous,co0205631
The Body,miscellaneous,co0137228
The State of New Mexico,miscellaneous,co0305486
"The Town of Granger, Texas",miscellaneous,co0343730
Tony's Catering,miscellaneous,co0152946
Transportation Resources,miscellaneous,co0254521
Trevanna Post,miscellaneous,co0010762
