company_name,company_type,imdb_id,is_major_studio
Paramount Pictures,distribution,co0023400,True
United International Pictures (UIP),distribution,co0150829,False
Bontonfilm,distribution,co0033954,False
Central Partnership,distribution,co0020442,False
Finnkino,distribution,co0014703,False
Paramount Pictures UK,distribution,co0822247,True
Solar Entertainment,distribution,co0197574,False
Tatrafilm,distribution,co0156915,False
United International Pictures (UIP),distribution,co0097404,False
United International Pictures (UIP),distribution,co0043417,False
United International Pictures (UIP),distribution,co0173912,False
United International Pictures (UIP),distribution,co0113995,False
United International Pictures (UIP),distribution,co0015307,False
United International Pictures,distribution,co0097402,False
Universal Pictures International (UPI),distribution,co0183709,True
Argentina Video Home,distribution,co0031085,False
Film1,distribution,co0313320,False
Odeon,distribution,co0000689,False
Paramount Home Entertainment,distribution,co0051891,False
Zon Lusomundo Audiovisuais,distribution,co0279838,False
RTL Entertainment,distribution,co0112383,False
HBO Max,distribution,co0754095,False
Pluto TV,distribution,co0545791,False
The Criterion Channel,distribution,co0804141,False
Paramount Pictures,production,co0023400,True
Skydance Media,production,co0152219,False
Scott Rudin Productions,production,co0093765,False
Mike Zoss Productions,production,co0068186,False
Creature Effects,specialEffects,co0051841,False
Tinsley Studio,specialEffects,co0141746,False
Luma Pictures,specialEffects,co0116745,False
Special FX International,specialEffects,co0303487,False
Wolf Stuntworks,specialEffects,co0034287,False
Absolut Video,miscellaneous,co0223824,False
American Humane,miscellaneous,co0648712,False
American Society of Cinematographers (ASC),miscellaneous,co0065738,False
Animal Actors of Hollywood,miscellaneous,co0058992,False
Aquila Travel,miscellaneous,co0390199,False
Big Film Design,miscellaneous,co0060282,False
British Society of Cinematographers (BSC),miscellaneous,co0105626,False
Chapman/Leonard Studio Equipment,miscellaneous,co0008022,False
Deluxe Entertainment Services,miscellaneous,co0226376,False
Digital Media Services (DMS),miscellaneous,co0313594,False
Dolby Laboratories,miscellaneous,co0047023,False
EMS Payroll,miscellaneous,co0278477,False
Filmtools,miscellaneous,co0244588,False
Garson Studios,miscellaneous,co0300641,False
Hollywood Trucks,miscellaneous,co0096590,False
International Alliance of Theatrical Stage Employees (IATSE),miscellaneous,co0190210,False
Kodak,miscellaneous,co0060825,False
Manhattan Center Studios,miscellaneous,co0140910,False
Mode HQ,miscellaneous,co0266296,False
New Mexico Film Commission,miscellaneous,co0025495,False
Nonesuch Records,miscellaneous,co0101857,False
Omega Cinema Props,miscellaneous,co0063055,False
Otto Nemenz International,miscellaneous,co0018437,False
Post Factory NY,miscellaneous,co0030308,False
Pro-Cam Rentals,miscellaneous,co0540296,False
Sony Pictures Studios,miscellaneous,co0050108,True
Texas Film Commission,miscellaneous,co0070583,False
"Texas, State of",miscellaneous,co0205631,False
The Body,miscellaneous,co0137228,False
The State of New Mexico,miscellaneous,co0305486,False
"The Town of Granger, Texas",miscellaneous,co0343730,False
Tony's Catering,miscellaneous,co0152946,False
Transportation Resources,miscellaneous,co0254521,False
Trevanna Post,miscellaneous,co0010762,False
