company_name,company_type,imdb_id
The Weinstein Company,distribution,co0150452
Alliance,distribution,co0005584
DeAPlaneta,distribution,co0081237
Paramount Pictures,distribution,co0023400
Transmission,distribution,co0230130
Ascot Elite Entertainment Group,distribution,co0102291
Cascade Film,distribution,co0006894
IPA Asia Pacific,distribution,co0003188
Odeon,distribution,co0000689
Prorom Media-Trade,distribution,co0191119
Bazuca Films,distribution,co0169969
Cathay-Keris Films,distribution,co0042829
Diamond Films,distribution,co0327901
Eagle Pictures,distribution,co0059055
FS Film,distribution,co0363592
Gaga,distribution,co0004745
Momentum Pictures,distribution,co0049085
Paradiso Entertainment,distribution,co0192258
Paradiso,distribution,co0155075
SF Studios,distribution,co0249327
Senator Film,distribution,co0018781
Svensk Filmindustri,distribution,co0319256
Viva International Pictures,distribution,co0220551
Anchor Bay Entertainment,distribution,co0067793
Argentina Video Home,distribution,co0031085
CatchPlay,distribution,co0235429
Film1,distribution,co0313320
Kino Swiat,distribution,co0057648
Paradiso Home Entertainment,distribution,co0043912
Paris Filmes,distribution,co0021161
Senator Home Entertainment,distribution,co0208383
Zon Lusomundo Audiovisuais,distribution,co0279838
Eén,distribution,co0148057
RTL Entertainment,distribution,co0112383
Wild Bunch Germany,distribution,co0436954
Bir Film,distribution,co0086123
Videomite,distribution,co0759795
HBO Max,distribution,co0754095
Lionsgate,distribution,co0006881
W9,distribution,co0231204
ABC Entertains,distribution,co1106159
FilmNation Entertainment,sales,co0251858
Starz Digital Media,sales,co0324445
World Cinema Partners,sales,co0503043
See-Saw Films,production,co0230132
The Weinstein Company,production,co0150452
UK Film Council,production,co0104092
Momentum Pictures,production,co0049085
Aegis Film Fund,production,co0289600
Molinare Investment,production,co0274229
FilmNation Entertainment,production,co0251858
Bedlam Productions,production,co0095111
Molinare Studio,specialEffects,co0119545
Pixion,specialEffects,co0160252
Look Effects,specialEffects,co0024957
ARRI Lighting Rental,miscellaneous,co0105304
Abbey Road Studios,miscellaneous,co0105292
Aegis Film Fund,miscellaneous,co0289600
Air-Edel Associates,miscellaneous,co0003715
AllCity Media,miscellaneous,co0402508
Allied Integrated Marketing,miscellaneous,co0402643
Animals O'Kay,miscellaneous,co0428259
Argentina Video Home,miscellaneous,co0031085
Aslan Charles Kousetta,miscellaneous,co0266831
Atkinson Acyion Horses,miscellaneous,co0428260
Audio Images,miscellaneous,co0428258
Bapty and Co.,miscellaneous,co0031717
Bonded Services,miscellaneous,co0359370
Boom,miscellaneous,co0002836
Buckland Productions,miscellaneous,co0386482
Casting Collective,miscellaneous,co0105319
Chapman/Leonard Studio Equipment,miscellaneous,co0008022
Cosprop,miscellaneous,co0105378
Coutts & CO,miscellaneous,co0022255
Creative Partnership,miscellaneous,co0011116
Cutting Edge Group,miscellaneous,co0212862
DDA,miscellaneous,co0019800
Decca Records,miscellaneous,co0104988
Dolby Laboratories,miscellaneous,co0047023
Elstree Film & Television Studios,miscellaneous,co0105169
Eurosafety (DDA Fire),miscellaneous,co0298631
FD Training,miscellaneous,co0428264
Film Finances,miscellaneous,co0007445
Fintage CAM,miscellaneous,co0109836
Fujifilm - Motion Picture Film,miscellaneous,co0291524
HireWorks,miscellaneous,co0216753
Imperial Personal Management,miscellaneous,co0241860
InSync Plus,miscellaneous,co0586472
Janet Howe Casting & Modelling Agency,miscellaneous,co0102590
Lays International,miscellaneous,co0105453
Lightworks,miscellaneous,co0225864
Media & Entertainment Insurance Services,miscellaneous,co0202941
Media Coaches,miscellaneous,co0331424
Molinare Studio,miscellaneous,co0119545
Movie Makers Facilities,miscellaneous,co0174830
Olswang,miscellaneous,co0032687
On Set Medical,miscellaneous,co0428263
Pepper Sound,miscellaneous,co0281929
PlanetFab Design Studio,miscellaneous,co0402758
Premier Caterers,miscellaneous,co0293497
Procam Take 2,miscellaneous,co0107868
Production Copier Company,miscellaneous,co0253325
Producton Drivers Guild,miscellaneous,co0428261
RPTA,miscellaneous,co0106333
RSM Tenon,miscellaneous,co0383972
Representation Upson Edwards,miscellaneous,co0204666
Resonant Music (1) Limited Partners,miscellaneous,co0340012
Sapex Scripts,miscellaneous,co0081577
Sound One,miscellaneous,co0002195
Soundfirm,miscellaneous,co0032262
Soundtrack New York,miscellaneous,co0075800
Spacon,miscellaneous,co0428262
Special Treats Production Company,miscellaneous,co0104529
Studio Solutions Group,miscellaneous,co0284154
Tarhan Creative,miscellaneous,co0402781
Taunus Film Synchron,miscellaneous,co0384683
The Clearing House Ltd.,miscellaneous,co0003114
The Devil's Horsemen (I),miscellaneous,co0168786
The London Session Orchestra,miscellaneous,co0105441
Toronto International Film Festival,miscellaneous,co0047102
UK Film Council,miscellaneous,co0104092
Unilever and Penguin Groyp (USA),miscellaneous,co0428267
Universal Extras,miscellaneous,co0389932
Wavevend,miscellaneous,co0301490
West Trend Apartments,miscellaneous,co0254947
Wild Thyme Productions,miscellaneous,co0319071
World Cinema Partners,miscellaneous,co0503043
