company_name,company_type,imdb_id,is_major_studio
The Weinstein Company,distribution,co0150452,False
Alliance,distribution,co0005584,False
DeAPlaneta,distribution,co0081237,False
Paramount Pictures,distribution,co0023400,True
Transmission,distribution,co0230130,False
Ascot Elite Entertainment Group,distribution,co0102291,False
Cascade Film,distribution,co0006894,False
IPA Asia Pacific,distribution,co0003188,False
Odeon,distribution,co0000689,False
Prorom Media-Trade,distribution,co0191119,False
Bazuca Films,distribution,co0169969,False
Cathay-Keris Films,distribution,co0042829,False
Diamond Films,distribution,co0327901,False
Eagle Pictures,distribution,co0059055,False
FS Film,distribution,co0363592,False
Gaga,distribution,co0004745,False
Momentum Pictures,distribution,co0049085,False
Paradiso Entertainment,distribution,co0192258,False
Paradiso,distribution,co0155075,False
SF Studios,distribution,co0249327,False
Senator Film,distribution,co0018781,False
Svensk Filmindustri,distribution,co0319256,False
Viva International Pictures,distribution,co0220551,False
Anchor Bay Entertainment,distribution,co0067793,False
Argentina Video Home,distribution,co0031085,False
CatchPlay,distribution,co0235429,False
Film1,distribution,co0313320,False
Kino Swiat,distribution,co0057648,False
Paradiso Home Entertainment,distribution,co0043912,False
Paris Filmes,distribution,co0021161,False
Senator Home Entertainment,distribution,co0208383,False
Zon Lusomundo Audiovisuais,distribution,co0279838,False
Eén,distribution,co0148057,False
RTL Entertainment,distribution,co0112383,False
Wild Bunch Germany,distribution,co0436954,False
Bir Film,distribution,co0086123,False
Videomite,distribution,co0759795,False
HBO Max,distribution,co0754095,False
Lionsgate,distribution,co0006881,False
W9,distribution,co0231204,False
ABC Entertains,distribution,co1106159,False
FilmNation Entertainment,sales,co0251858,False
Starz Digital Media,sales,co0324445,False
World Cinema Partners,sales,co0503043,False
See-Saw Films,production,co0230132,False
The Weinstein Company,production,co0150452,False
UK Film Council,production,co0104092,False
Momentum Pictures,production,co0049085,False
Aegis Film Fund,production,co0289600,False
Molinare Investment,production,co0274229,False
FilmNation Entertainment,production,co0251858,False
Bedlam Productions,production,co0095111,False
Molinare Studio,specialEffects,co0119545,False
Pixion,specialEffects,co0160252,False
Look Effects,specialEffects,co0024957,False
ARRI Lighting Rental,miscellaneous,co0105304,False
Abbey Road Studios,miscellaneous,co0105292,False
Aegis Film Fund,miscellaneous,co0289600,False
Air-Edel Associates,miscellaneous,co0003715,False
AllCity Media,miscellaneous,co0402508,False
Allied Integrated Marketing,miscellaneous,co0402643,False
Animals O'Kay,miscellaneous,co0428259,False
Argentina Video Home,miscellaneous,co0031085,False
Aslan Charles Kousetta,miscellaneous,co0266831,False
Atkinson Acyion Horses,miscellaneous,co0428260,False
Audio Images,miscellaneous,co0428258,False
Bapty and Co.,miscellaneous,co0031717,False
Bonded Services,miscellaneous,co0359370,False
Boom,miscellaneous,co0002836,False
Buckland Productions,miscellaneous,co0386482,False
Casting Collective,miscellaneous,co0105319,False
Chapman/Leonard Studio Equipment,miscellaneous,co0008022,False
Cosprop,miscellaneous,co0105378,False
Coutts & CO,miscellaneous,co0022255,False
Creative Partnership,miscellaneous,co0011116,False
Cutting Edge Group,miscellaneous,co0212862,False
DDA,miscellaneous,co0019800,False
Decca Records,miscellaneous,co0104988,False
Dolby Laboratories,miscellaneous,co0047023,False
Elstree Film & Television Studios,miscellaneous,co0105169,False
Eurosafety (DDA Fire),miscellaneous,co0298631,False
FD Training,miscellaneous,co0428264,False
Film Finances,miscellaneous,co0007445,False
Fintage CAM,miscellaneous,co0109836,False
Fujifilm - Motion Picture Film,miscellaneous,co0291524,False
HireWorks,miscellaneous,co0216753,False
Imperial Personal Management,miscellaneous,co0241860,False
InSync Plus,miscellaneous,co0586472,False
Janet Howe Casting & Modelling Agency,miscellaneous,co0102590,False
Lays International,miscellaneous,co0105453,False
Lightworks,miscellaneous,co0225864,False
Media & Entertainment Insurance Services,miscellaneous,co0202941,False
Media Coaches,miscellaneous,co0331424,False
Molinare Studio,miscellaneous,co0119545,False
Movie Makers Facilities,miscellaneous,co0174830,False
Olswang,miscellaneous,co0032687,False
On Set Medical,miscellaneous,co0428263,False
Pepper Sound,miscellaneous,co0281929,False
PlanetFab Design Studio,miscellaneous,co0402758,False
Premier Caterers,miscellaneous,co0293497,False
Procam Take 2,miscellaneous,co0107868,False
Production Copier Company,miscellaneous,co0253325,False
Producton Drivers Guild,miscellaneous,co0428261,False
RPTA,miscellaneous,co0106333,False
RSM Tenon,miscellaneous,co0383972,False
Representation Upson Edwards,miscellaneous,co0204666,False
Resonant Music (1) Limited Partners,miscellaneous,co0340012,False
Sapex Scripts,miscellaneous,co0081577,False
Sound One,miscellaneous,co0002195,False
Soundfirm,miscellaneous,co0032262,False
Soundtrack New York,miscellaneous,co0075800,False
Spacon,miscellaneous,co0428262,False
Special Treats Production Company,miscellaneous,co0104529,False
Studio Solutions Group,miscellaneous,co0284154,False
Tarhan Creative,miscellaneous,co0402781,False
Taunus Film Synchron,miscellaneous,co0384683,False
The Clearing House Ltd.,miscellaneous,co0003114,False
The Devil's Horsemen (I),miscellaneous,co0168786,False
The London Session Orchestra,miscellaneous,co0105441,False
Toronto International Film Festival,miscellaneous,co0047102,False
UK Film Council,miscellaneous,co0104092,False
Unilever and Penguin Groyp (USA),miscellaneous,co0428267,False
Universal Extras,miscellaneous,co0389932,False
Wavevend,miscellaneous,co0301490,False
West Trend Apartments,miscellaneous,co0254947,False
Wild Thyme Productions,miscellaneous,co0319071,False
World Cinema Partners,miscellaneous,co0503043,False
