company_name,company_type,imdb_id,is_major_studio
Twentieth Century Fox,distribution,co0000756,False
Fox STAR Studios,distribution,co0266060,False
20th Century Fox Argentina,distribution,co0007180,True
20th Century Fox CIS,distribution,co0209782,True
Big Picture 2 Films,distribution,co0357632,False
Bravos Pictures,distribution,co0481930,False
CatchPlay,distribution,co0235429,False
Hispano Foxfilms S.A.E.,distribution,co0000956,False
Odeon,distribution,co0000689,False
TME Films,distribution,co0913397,False
Ukrainian Film Distribution (UFD),distribution,co0457852,False
Warner Bros. F.E.,distribution,co0135321,True
Warner Bros.,distribution,co0002663,True
Westec Media Limited,distribution,co0451229,False
20th Century Fox Home Entertainment,distribution,co0280047,True
20th Century Fox Home Entertainment,distribution,co0010224,True
Film1,distribution,co0313320,False
Fox-Paramount Home Entertainment,distribution,co0601119,False
Fox-Paramount Home Entertainment,distribution,co0453999,False
Fox-Paramount Home Entertainment,distribution,co0565880,False
Fox-Paramount Home Entertainment,distribution,co0604098,False
KVH Media Group,distribution,co0488997,False
SF Film Finland,distribution,co0421459,False
Twentieth Century Fox Home Entertainment,distribution,co0189783,False
Twentieth Century Fox Home Entertainment,distribution,co0296943,False
Netflix,distribution,co0144901,True
TV3,distribution,co0152009,False
Disney+,distribution,co0721120,False
9Go!,distribution,co0735534,False
Endeavor Content,sales,co0670857,False
New Regency Productions,production,co0007127,False
RatPac Entertainment,production,co0430860,False
Anonymous Content,production,co0017525,False
M Productions,production,co0186210,False
Appian Way,production,co0088354,False
Alpha Pictures,production,co0613493,False
CatchPlay,production,co0235429,False
Taiwanese Revenant,production,co0796952,False
K&S Films,production,co0196381,False
Legacy Effects,specialEffects,co0282891,False
Industrial Light & Magic (ILM),specialEffects,co0072491,False
Moving Picture Company (MPC),specialEffects,co0016492,False
Cinesite,specialEffects,co0055855,False
Technicolor Creative Services VFX Toronto,specialEffects,co0208090,False
Secret Lab,specialEffects,co0492881,False
Green Light,specialEffects,co0585325,False
Soho VFX,specialEffects,co0092169,False
Vitality Visual Effects,specialEffects,co0523763,False
One Of Us,specialEffects,co0208242,False
Steadfast Films,specialEffects,co0516658,False
Image Engine Design,specialEffects,co0069055,False
Base FX,specialEffects,co0221706,False
Solid FX,specialEffects,co0582868,False
Whiskytree,specialEffects,co0310620,False
ARRI Rental,miscellaneous,co0001776,False
ARRI,miscellaneous,co0008520,False
Allan Padelford Camera Cars,miscellaneous,co0276439,False
Avon Studio Transportation,miscellaneous,co0086014,False
BT Industrial Supply,miscellaneous,co0300363,False
CatchPlay,miscellaneous,co0235429,False
Chapman/Leonard Studio Equipment,miscellaneous,co0008022,False
Codex,miscellaneous,co0294826,False
Dolby Laboratories,miscellaneous,co0047023,False
Formosa Group,miscellaneous,co0417332,False
Hear Kitty,miscellaneous,co0184253,False
International Alliance of Theatrical Stage Employees (IATSE),miscellaneous,co0190210,False
Keslow Camera,miscellaneous,co0067193,False
LSG Productions,miscellaneous,co0708596,False
Leitz Cine,miscellaneous,co0821909,False
Milan Records,miscellaneous,co0069496,False
NBC Universal Studio Post,miscellaneous,co0539430,False
National Fiber Technology,miscellaneous,co0513943,False
Panavision,miscellaneous,co0041930,False
Performance Filmworks,miscellaneous,co0335029,False
Polar Battery,miscellaneous,co0218554,False
Pro-Cam Rentals,miscellaneous,co0540296,False
Quebec Film and Television Tax Credit,miscellaneous,co0006259,False
Reel Security,miscellaneous,co0205159,False
Revered Cinema (RVRD),miscellaneous,co0625160,False
SDDS Sony Dynamic Digital Sound,miscellaneous,co0382783,False
Scarlet Letters,miscellaneous,co0090951,False
Sixteen19,miscellaneous,co0331546,False
Skywalker Sound,miscellaneous,co0072003,False
Visual Icon,miscellaneous,co0443461,False
William F. White International,miscellaneous,co0020238,False
