company_name,company_type,imdb_id,is_major_studio
Warner Bros.,distribution,co0962874,True
Cinéart,distribution,co0084832,False
The Weinstein Company,distribution,co0150452,False
Alliance,distribution,co0005584,False
Alta Films,distribution,co0014821,False
BIM Distribuzione,distribution,co0008399,False
Cinéart,distribution,co0232782,False
Entertainment Film Distributors,distribution,co0103790,False
Feelgood Entertainment,distribution,co0271257,False
Praesens-Film,distribution,co0068224,False
Cathay-Keris Films,distribution,co0042829,False
Festive Films,distribution,co0131812,False
Tanweer Films,distribution,co0339529,False
MC Distribution,distribution,co0314642,False
Sun Distribution,distribution,co0108141,False
Teleview International,distribution,co0286501,False
Bir Film,distribution,co0086123,False
Cine Colombia,distribution,co0019858,False
DCM Film Distribution,distribution,co0378942,False
Delphi Filmverleih Produktion,distribution,co0025229,False
Diamond Films,distribution,co0327901,False
Edko Films,distribution,co0010281,False
Filmladen,distribution,co0081831,False
Gaga,distribution,co0004745,False
IPA Asia Pacific,distribution,co0003188,False
Londra Films P&D,distribution,co0305759,False
PepperView Entertainment,distribution,co0335200,False
Scanbox Entertainment,distribution,co0003833,False
Scanbox Entertainment,distribution,co0019016,False
Turbo Films,distribution,co0546479,False
Videocine,distribution,co0013650,False
Argentina Video Home,distribution,co0031085,False
Cameo,distribution,co0200859,False
Entertainment in Video,distribution,co0106063,False
Film1,distribution,co0313320,False
On Screen Films,distribution,co0778286,False
Paris Filmes,distribution,co0021161,False
Roadshow Entertainment,distribution,co0152990,False
Sony Pictures Home Entertainment,distribution,co0137851,True
Warner Home Vidéo,distribution,co0101941,False
Yleisradio (YLE),distribution,co0013526,False
BBC Two,distribution,co0234496,False
Disney+,distribution,co0721120,False
Wild Bunch,sales,co0024845,False
Studio 37,sales,co0210188,False
La Petite Reine,sales,co0006560,False
Studio 37,production,co0210188,False
La Petite Reine,production,co0006560,False
La Classe Américaine,production,co0169450,False
JD Prod,production,co0338599,False
France 3 Cinéma,production,co0044140,False
Jouror Productions,production,co0305664,False
uFilm,production,co0318083,False
Canal+,production,co0028557,False
CinéCinéma,production,co0028908,False
France Télévisions,production,co0125554,False
Tax Shelter du Gouvernement Fédéral Belge,production,co0169751,False
Digital District,specialEffects,co0368138,False
Benuts,specialEffects,co0393420,False
Alex's in-the-Kitchen,miscellaneous,co0355219,False
Barbes Brothers,miscellaneous,co0367272,False
Bijloke Studio,miscellaneous,co0391138,False
Lobster Films,miscellaneous,co0123394,False
Reed Business Information,miscellaneous,co0166710,False
Panavision Alga,miscellaneous,co0084682,False
TM Motion Picture Equipment,miscellaneous,co0227813,False
TM Equipment Rentals,miscellaneous,co0026777,False
Chapman/Leonard Studio Equipment,miscellaneous,co0008022,False
The Rag Place Rentals,miscellaneous,co0210512,False
Kodak,miscellaneous,co0060825,False
Entertainment Clearances,miscellaneous,co0037311,False
Media Services,miscellaneous,co0058412,False
Actuels Voyages,miscellaneous,co0275416,False
Packair Airfreight,miscellaneous,co0071284,False
TAF - Movie Service,miscellaneous,co0391180,False
Gallagher Entertainment,miscellaneous,co0306735,False
Comerica Bank of California,miscellaneous,co0091647,False
Dum Dum Films,miscellaneous,co0080055,False
S.I.S.,miscellaneous,co0138519,False
Canal+,miscellaneous,co0028557,False
France 3 Cinéma,miscellaneous,co0044140,False
Warner Bros. Studios,miscellaneous,co0140560,True
Mole Richardson,miscellaneous,co0055346,False
Centre De Dance Connexion,miscellaneous,co0391402,False
Sabotage Studio,miscellaneous,co0250930,False
Smoking Et Brillantine,miscellaneous,co0391349,False
Debbie Reynolds Studio (LA),miscellaneous,co0758625,False
L'Arp,miscellaneous,co0391144,False
American Humane Association,miscellaneous,co0069003,False
Animal Savvy,miscellaneous,co0289561,False
Apollo Productions / AAR Digital,miscellaneous,co0315603,False
Cannes Film Festival,miscellaneous,co0034345,False
Cinéstéréo,miscellaneous,co0120624,False
Direct Tools & Fasteners,miscellaneous,co0296111,False
Dolby Digital,miscellaneous,co0369281,False
Duboicolor,miscellaneous,co0223318,False
Flagey Studio 4,miscellaneous,co0391172,False
History For Hire,miscellaneous,co0030822,False
InSync Plus,miscellaneous,co0586472,False
International Alliance of Theatrical Stage Employees (IATSE),miscellaneous,co0190210,False
Leluxe Clothing Co.,miscellaneous,co0441684,False
Movie Solutions,miscellaneous,co0675298,False
Panavision Remote Systems,miscellaneous,co0002792,False
Pierce Law Group,miscellaneous,co0078760,False
SAG-AFTRA,miscellaneous,co0015930,False
Scanlab,miscellaneous,co0228084,False
Sessions Payroll Management,miscellaneous,co0030430,False
Sony Music,miscellaneous,co0074545,False
Studio de la Grande Armée,miscellaneous,co0177859,False
Toronto International Film Festival,miscellaneous,co0047102,False
uFund,miscellaneous,co0318046,False
