company_name,company_type,imdb_id
Twentieth Century Fox,distribution,co0000756
Fox STAR Studios,distribution,co0266060
20th Century Fox Argentina,distribution,co0007180
20th Century Fox CIS,distribution,co0209782
Big Picture 2 Films,distribution,co0357632
Bravos Pictures,distribution,co0481930
CatchPlay,distribution,co0235429
Hispano Foxfilms S.A.E.,distribution,co0000956
Odeon,distribution,co0000689
TME Films,distribution,co0913397
Ukrainian Film Distribution (UFD),distribution,co0457852
Warner Bros. F.E.,distribution,co0135321
Warner Bros.,distribution,co0002663
Westec Media Limited,distribution,co0451229
20th Century Fox Home Entertainment,distribution,co0280047
20th Century Fox Home Entertainment,distribution,co0010224
Film1,distribution,co0313320
Fox-Paramount Home Entertainment,distribution,co0601119
Fox-Paramount Home Entertainment,distribution,co0453999
Fox-Paramount Home Entertainment,distribution,co0565880
Fox-Paramount Home Entertainment,distribution,co0604098
KVH Media Group,distribution,co0488997
SF Film Finland,distribution,co0421459
Twentieth Century Fox Home Entertainment,distribution,co0189783
Twentieth Century Fox Home Entertainment,distribution,co0296943
Netflix,distribution,co0144901
TV3,distribution,co0152009
Disney+,distribution,co0721120
9Go!,distribution,co0735534
Endeavor Content,sales,co0670857
New Regency Productions,production,co0007127
RatPac Entertainment,production,co0430860
Anonymous Content,production,co0017525
M Productions,production,co0186210
Appian Way,production,co0088354
Alpha Pictures,production,co0613493
CatchPlay,production,co0235429
Taiwanese Revenant,production,co0796952
K&S Films,production,co0196381
Legacy Effects,specialEffects,co0282891
Industrial Light & Magic (ILM),specialEffects,co0072491
Moving Picture Company (MPC),specialEffects,co0016492
Cinesite,specialEffects,co0055855
Technicolor Creative Services VFX Toronto,specialEffects,co0208090
Secret Lab,specialEffects,co0492881
Green Light,specialEffects,co0585325
Soho VFX,specialEffects,co0092169
Vitality Visual Effects,specialEffects,co0523763
One Of Us,specialEffects,co0208242
Steadfast Films,specialEffects,co0516658
Image Engine Design,specialEffects,co0069055
Base FX,specialEffects,co0221706
Solid FX,specialEffects,co0582868
Whiskytree,specialEffects,co0310620
ARRI Rental,miscellaneous,co0001776
ARRI,miscellaneous,co0008520
Allan Padelford Camera Cars,miscellaneous,co0276439
Avon Studio Transportation,miscellaneous,co0086014
BT Industrial Supply,miscellaneous,co0300363
CatchPlay,miscellaneous,co0235429
Chapman/Leonard Studio Equipment,miscellaneous,co0008022
Codex,miscellaneous,co0294826
Dolby Laboratories,miscellaneous,co0047023
Formosa Group,miscellaneous,co0417332
Hear Kitty,miscellaneous,co0184253
International Alliance of Theatrical Stage Employees (IATSE),miscellaneous,co0190210
Keslow Camera,miscellaneous,co0067193
LSG Productions,miscellaneous,co0708596
Leitz Cine,miscellaneous,co0821909
Milan Records,miscellaneous,co0069496
NBC Universal Studio Post,miscellaneous,co0539430
National Fiber Technology,miscellaneous,co0513943
Panavision,miscellaneous,co0041930
Performance Filmworks,miscellaneous,co0335029
Polar Battery,miscellaneous,co0218554
Pro-Cam Rentals,miscellaneous,co0540296
Quebec Film and Television Tax Credit,miscellaneous,co0006259
Reel Security,miscellaneous,co0205159
Revered Cinema (RVRD),miscellaneous,co0625160
SDDS Sony Dynamic Digital Sound,miscellaneous,co0382783
Scarlet Letters,miscellaneous,co0090951
Sixteen19,miscellaneous,co0331546
Skywalker Sound,miscellaneous,co0072003
Visual Icon,miscellaneous,co0443461
William F. White International,miscellaneous,co0020238
