company_name,company_type,imdb_id
Warner Bros.,distribution,co0962874
Cinéart,distribution,co0084832
The Weinstein Company,distribution,co0150452
Alliance,distribution,co0005584
Alta Films,distribution,co0014821
BIM Distribuzione,distribution,co0008399
Cinéart,distribution,co0232782
Entertainment Film Distributors,distribution,co0103790
Feelgood Entertainment,distribution,co0271257
Praesens-Film,distribution,co0068224
Cathay-Keris Films,distribution,co0042829
Festive Films,distribution,co0131812
Tanweer Films,distribution,co0339529
MC Distribution,distribution,co0314642
Sun Distribution,distribution,co0108141
Teleview International,distribution,co0286501
Bir Film,distribution,co0086123
Cine Colombia,distribution,co0019858
DCM Film Distribution,distribution,co0378942
Delphi Filmverleih Produktion,distribution,co0025229
Diamond Films,distribution,co0327901
Edko Films,distribution,co0010281
Filmladen,distribution,co0081831
Gaga,distribution,co0004745
IPA Asia Pacific,distribution,co0003188
Londra Films P&D,distribution,co0305759
PepperView Entertainment,distribution,co0335200
Scanbox Entertainment,distribution,co0003833
Scanbox Entertainment,distribution,co0019016
Turbo Films,distribution,co0546479
Videocine,distribution,co0013650
Argentina Video Home,distribution,co0031085
Cameo,distribution,co0200859
Entertainment in Video,distribution,co0106063
Film1,distribution,co0313320
On Screen Films,distribution,co0778286
Paris Filmes,distribution,co0021161
Roadshow Entertainment,distribution,co0152990
Sony Pictures Home Entertainment,distribution,co0137851
Warner Home Vidéo,distribution,co0101941
Yleisradio (YLE),distribution,co0013526
BBC Two,distribution,co0234496
Disney+,distribution,co0721120
Wild Bunch,sales,co0024845
Studio 37,sales,co0210188
La Petite Reine,sales,co0006560
Studio 37,production,co0210188
La Petite Reine,production,co0006560
La Classe Américaine,production,co0169450
JD Prod,production,co0338599
France 3 Cinéma,production,co0044140
Jouror Productions,production,co0305664
uFilm,production,co0318083
Canal+,production,co0028557
CinéCinéma,production,co0028908
France Télévisions,production,co0125554
Tax Shelter du Gouvernement Fédéral Belge,production,co0169751
Digital District,specialEffects,co0368138
Benuts,specialEffects,co0393420
Alex's in-the-Kitchen,miscellaneous,co0355219
Barbes Brothers,miscellaneous,co0367272
Bijloke Studio,miscellaneous,co0391138
Lobster Films,miscellaneous,co0123394
Reed Business Information,miscellaneous,co0166710
Panavision Alga,miscellaneous,co0084682
TM Motion Picture Equipment,miscellaneous,co0227813
TM Equipment Rentals,miscellaneous,co0026777
Chapman/Leonard Studio Equipment,miscellaneous,co0008022
The Rag Place Rentals,miscellaneous,co0210512
Kodak,miscellaneous,co0060825
Entertainment Clearances,miscellaneous,co0037311
Media Services,miscellaneous,co0058412
Actuels Voyages,miscellaneous,co0275416
Packair Airfreight,miscellaneous,co0071284
TAF - Movie Service,miscellaneous,co0391180
Gallagher Entertainment,miscellaneous,co0306735
Comerica Bank of California,miscellaneous,co0091647
Dum Dum Films,miscellaneous,co0080055
S.I.S.,miscellaneous,co0138519
Canal+,miscellaneous,co0028557
France 3 Cinéma,miscellaneous,co0044140
Warner Bros. Studios,miscellaneous,co0140560
Mole Richardson,miscellaneous,co0055346
Centre De Dance Connexion,miscellaneous,co0391402
Sabotage Studio,miscellaneous,co0250930
Smoking Et Brillantine,miscellaneous,co0391349
Debbie Reynolds Studio (LA),miscellaneous,co0758625
L'Arp,miscellaneous,co0391144
American Humane Association,miscellaneous,co0069003
Animal Savvy,miscellaneous,co0289561
Apollo Productions / AAR Digital,miscellaneous,co0315603
Cannes Film Festival,miscellaneous,co0034345
Cinéstéréo,miscellaneous,co0120624
Direct Tools & Fasteners,miscellaneous,co0296111
Dolby Digital,miscellaneous,co0369281
Duboicolor,miscellaneous,co0223318
Flagey Studio 4,miscellaneous,co0391172
History For Hire,miscellaneous,co0030822
InSync Plus,miscellaneous,co0586472
International Alliance of Theatrical Stage Employees (IATSE),miscellaneous,co0190210
Leluxe Clothing Co.,miscellaneous,co0441684
Movie Solutions,miscellaneous,co0675298
Panavision Remote Systems,miscellaneous,co0002792
Pierce Law Group,miscellaneous,co0078760
SAG-AFTRA,miscellaneous,co0015930
Scanlab,miscellaneous,co0228084
Sessions Payroll Management,miscellaneous,co0030430
Sony Music,miscellaneous,co0074545
Studio de la Grande Armée,miscellaneous,co0177859
Toronto International Film Festival,miscellaneous,co0047102
uFund,miscellaneous,co0318046
