company_name,company_type,imdb_id
Twentieth Century Fox,distribution,co0000756
20th Century Fox,distribution,co0931863
Twentieth Century Fox,distribution,co0711817
20th Century Fox Argentina,distribution,co0007180
20th Century Fox Australia,distribution,co0063989
20th Century Fox Netherlands,distribution,co0078923
20th Century Fox Sweden,distribution,co0380710
20th Century Fox,distribution,co0952616
Big Picture 2 Films,distribution,co0357632
Forum Hungary,distribution,co0314034
Hispano Foxfilms S.A.E.,distribution,co0000956
Nordisk Film Distribusjon,distribution,co0724579
Odeon,distribution,co0000689
Twentieth Century Fox,distribution,co0937474
Twentieth Century Fox,distribution,co0937473
Twentieth Century Fox,distribution,co0826899
Ukrainian Film Distribution (UFD),distribution,co0457852
Warner Bros.,distribution,co0826866
Westec Media Limited,distribution,co0451229
Imperial / Cinepix,distribution,co0254482
20th Century Fox Home Entertainment,distribution,co0280047
20th Century Fox Home Entertainment,distribution,co0751509
20th Century Fox Home Entertainment,distribution,co0010224
Twentieth Century Fox Home Entertainment,distribution,co0296943
Cinemax,distribution,co0042496
Film1,distribution,co0313320
HBO Max,distribution,co0754095
Disney+,distribution,co0721120
W9,distribution,co0231204
Nordisk Film,distribution,co0114003
TME Films,distribution,co0913397
Warner Bros. F.E.,distribution,co0135321
Nine Network Australia,distribution,co0006628
Sub,distribution,co0260673
Twentieth Century Fox Home Entertainment,distribution,co0643891
Yleisradio (YLE),distribution,co0013526
Twentieth Century Fox,production,co0000756
Regency Enterprises,production,co0867908
GK Films,production,co0209646
TSG Entertainment,production,co0420822
New Regency Productions,production,co0007127
Queen Films Ltd.,production,co0142320
Tribeca Productions,production,co0063961
Double Negative (DNEG),specialEffects,co0105115
Halo VFX,specialEffects,co0364021
Argon Effects,specialEffects,co0348798
Clear Angle Studios,specialEffects,co0461574
Centroid Motion Capture,specialEffects,co0229742
The Visual Effects Company,specialEffects,co0135160
Fangs FX,specialEffects,co0156253
NVIZ,specialEffects,co0253016
Snow Business International,specialEffects,co0127910
80 HERTZ,miscellaneous,co0455726
APM Music,miscellaneous,co0066771
ARRI Rental,miscellaneous,co0515604
Audiolink Radio Communications,miscellaneous,co0029274
BGI Supplies,miscellaneous,co0600382
Bovingdon Airfield Studios,miscellaneous,co0200812
Casting Collective,miscellaneous,co0105319
Chapman/Leonard Studio Equipment,miscellaneous,co0008022
Chromakey-Hire.Com,miscellaneous,co0137847
Clear Angle Studios,miscellaneous,co0461574
DHL Entertainment Logistics,miscellaneous,co0875069
Dynamic International Freight Services,miscellaneous,co0254925
Fayre Do's Location Caterers,miscellaneous,co0230180
Flying Pictures,miscellaneous,co0071971
HireWorks,miscellaneous,co0216753
Hiventy,miscellaneous,co0608059
Hollywood Records,miscellaneous,co0049664
Honest Foods,miscellaneous,co0857712
International Alliance of Theatrical Stage Employees (IATSE),miscellaneous,co0190210
Location Assist Limited,miscellaneous,co0344798
Love High Speed,miscellaneous,co0373321
Motion Picture Merchandise (MPM),miscellaneous,co0334615
Movie Makers,miscellaneous,co0330777
Oh So Small Productions,miscellaneous,co0385676
Orange Corp,miscellaneous,co0544767
Piece of Cake Casting,miscellaneous,co0630299
Pinewood MBS Lighting,miscellaneous,co0536958
Prg,miscellaneous,co0551507
Production Copier Company,miscellaneous,co0253325
Regency Entertainment,miscellaneous,co0169144
Representation Upson Edwards,miscellaneous,co0204666
Revolver AV,miscellaneous,co0581285
Rigging Services Direct,miscellaneous,co0484515
SDDS Sony Dynamic Digital Sound,miscellaneous,co0382783
Scallywag Travel,miscellaneous,co0225652
TSG Entertainment,miscellaneous,co0420822
Twentieth Century Fox,miscellaneous,co0000756
Two 10 Casting,miscellaneous,co0676604
UCNS,miscellaneous,co0893082
Universal Extras,miscellaneous,co0389932
Virgin-EMI Records,miscellaneous,co0690807
Way to Blue,miscellaneous,co0330934
Who Management,miscellaneous,co0909919
