company_name,company_type,imdb_id,is_major_studio
Twentieth Century Fox,distribution,co0000756,False
20th Century Fox,distribution,co0931863,True
Twentieth Century Fox,distribution,co0711817,False
20th Century Fox Argentina,distribution,co0007180,True
20th Century Fox Australia,distribution,co0063989,True
20th Century Fox Netherlands,distribution,co0078923,True
20th Century Fox Sweden,distribution,co0380710,True
20th Century Fox,distribution,co0952616,True
Big Picture 2 Films,distribution,co0357632,False
Forum Hungary,distribution,co0314034,False
Hispano Foxfilms S.A.E.,distribution,co0000956,False
Nordisk Film Distribusjon,distribution,co0724579,False
Odeon,distribution,co0000689,False
Twentieth Century Fox,distribution,co0937474,False
Twentieth Century Fox,distribution,co0937473,False
Twentieth Century Fox,distribution,co0826899,False
Ukrainian Film Distribution (UFD),distribution,co0457852,False
Warner Bros.,distribution,co0826866,True
Westec Media Limited,distribution,co0451229,False
Imperial / Cinepix,distribution,co0254482,False
20th Century Fox Home Entertainment,distribution,co0280047,True
20th Century Fox Home Entertainment,distribution,co0751509,True
20th Century Fox Home Entertainment,distribution,co0010224,True
Twentieth Century Fox Home Entertainment,distribution,co0296943,False
Cinemax,distribution,co0042496,False
Film1,distribution,co0313320,False
HBO Max,distribution,co0754095,False
Disney+,distribution,co0721120,False
W9,distribution,co0231204,False
Nordisk Film,distribution,co0114003,False
TME Films,distribution,co0913397,False
Warner Bros. F.E.,distribution,co0135321,True
Nine Network Australia,distribution,co0006628,False
Sub,distribution,co0260673,False
Twentieth Century Fox Home Entertainment,distribution,co0643891,False
Yleisradio (YLE),distribution,co0013526,False
Twentieth Century Fox,production,co0000756,False
Regency Enterprises,production,co0867908,False
GK Films,production,co0209646,False
TSG Entertainment,production,co0420822,False
New Regency Productions,production,co0007127,False
Queen Films Ltd.,production,co0142320,False
Tribeca Productions,production,co0063961,False
Double Negative (DNEG),specialEffects,co0105115,False
Halo VFX,specialEffects,co0364021,False
Argon Effects,specialEffects,co0348798,False
Clear Angle Studios,specialEffects,co0461574,False
Centroid Motion Capture,specialEffects,co0229742,False
The Visual Effects Company,specialEffects,co0135160,False
Fangs FX,specialEffects,co0156253,False
NVIZ,specialEffects,co0253016,False
Snow Business International,specialEffects,co0127910,False
80 HERTZ,miscellaneous,co0455726,False
APM Music,miscellaneous,co0066771,False
ARRI Rental,miscellaneous,co0515604,False
Audiolink Radio Communications,miscellaneous,co0029274,False
BGI Supplies,miscellaneous,co0600382,False
Bovingdon Airfield Studios,miscellaneous,co0200812,False
Casting Collective,miscellaneous,co0105319,False
Chapman/Leonard Studio Equipment,miscellaneous,co0008022,False
Chromakey-Hire.Com,miscellaneous,co0137847,False
Clear Angle Studios,miscellaneous,co0461574,False
DHL Entertainment Logistics,miscellaneous,co0875069,False
Dynamic International Freight Services,miscellaneous,co0254925,False
Fayre Do's Location Caterers,miscellaneous,co0230180,False
Flying Pictures,miscellaneous,co0071971,False
HireWorks,miscellaneous,co0216753,False
Hiventy,miscellaneous,co0608059,False
Hollywood Records,miscellaneous,co0049664,False
Honest Foods,miscellaneous,co0857712,False
International Alliance of Theatrical Stage Employees (IATSE),miscellaneous,co0190210,False
Location Assist Limited,miscellaneous,co0344798,False
Love High Speed,miscellaneous,co0373321,False
Motion Picture Merchandise (MPM),miscellaneous,co0334615,False
Movie Makers,miscellaneous,co0330777,False
Oh So Small Productions,miscellaneous,co0385676,False
Orange Corp,miscellaneous,co0544767,False
Piece of Cake Casting,miscellaneous,co0630299,False
Pinewood MBS Lighting,miscellaneous,co0536958,False
Prg,miscellaneous,co0551507,False
Production Copier Company,miscellaneous,co0253325,False
Regency Entertainment,miscellaneous,co0169144,False
Representation Upson Edwards,miscellaneous,co0204666,False
Revolver AV,miscellaneous,co0581285,False
Rigging Services Direct,miscellaneous,co0484515,False
SDDS Sony Dynamic Digital Sound,miscellaneous,co0382783,False
Scallywag Travel,miscellaneous,co0225652,False
TSG Entertainment,miscellaneous,co0420822,False
Twentieth Century Fox,miscellaneous,co0000756,False
Two 10 Casting,miscellaneous,co0676604,False
UCNS,miscellaneous,co0893082,False
Universal Extras,miscellaneous,co0389932,False
Virgin-EMI Records,miscellaneous,co0690807,False
Way to Blue,miscellaneous,co0330934,False
Who Management,miscellaneous,co0909919,False
