company_name,company_type,imdb_id,is_major_studio
Warner Bros. Pictures,distribution,co0816712,True
Warner Bros.,distribution,co0256390,True
Chantier Films,distribution,co0242084,False
Golden Village Pictures,distribution,co0061162,False
Showgate,distribution,co0219983,False
Spentzos Films,distribution,co0030651,False
Inopia Films,distribution,co0454606,False
Warner Bros.,distribution,co0002663,True
Batrax Entertainment,distribution,co0534411,False
Film & TV House,distribution,co0499875,False
GEM Entertainment,distribution,co0603957,False
ACME Film,distribution,co0859778,False
Adler Entertainment,distribution,co0451615,False
Duplicato Media,distribution,co0959759,False
Italia Film,distribution,co0225966,False
Kinomania,distribution,co0237749,False
Paris Filmes,distribution,co0021161,False
Roadshow Films,distribution,co0058792,False
Sena,distribution,co0219943,False
Splendid Film,distribution,co0253633,False
StudioCanal,distribution,co0047476,False
Trrupti Entertainment,distribution,co1110605,False
Village Roadshow,distribution,co0255182,False
Viva International Pictures,distribution,co0220551,False
Zon Lusomundo Audiovisuais,distribution,co0279838,False
Divisa Home Video,distribution,co0117434,False
Joy n Cinema,distribution,co0665442,False
Leonine Distribution,distribution,co0800011,False
NOS Audiovisuais,distribution,co0484138,False
RTL7,distribution,co0235233,False
TF1 International,distribution,co0020779,False
Top Film Distribution,distribution,co0954824,False
VVS Films,distribution,co0197046,False
Vertical Entertainment,distribution,co0427244,False
Wild Bunch Germany,distribution,co0436954,False
Bloom,sales,co0355965,False
The Fyzz,production,co0178319,False
Thunder Road Pictures,production,co0172670,False
Ingenious,production,co0531993,False
Endeavor Content,production,co0670857,False
Maddem Films,production,co0722088,False
Imagination Park Entertainment,production,co0605165,False
Flexibon Films,production,co0437329,False
The Kattan Brothers,production,co1038845,False
Outpost VFX,specialEffects,co0463696,False
Real SFX,specialEffects,co0301127,False
Above the Line Set Assistance & Security,miscellaneous,co0356750,False
Access Bookings,miscellaneous,co0277704,False
Apollo Live,miscellaneous,co1038919,False
Audio Network,miscellaneous,co0113942,False
Audiolink Radio Communications,miscellaneous,co0029274,False
Bad Denim,miscellaneous,co1039363,False
Barratt Homes,miscellaneous,co1039383,False
Barry Dove Drum Rental,miscellaneous,co0799418,False
Blakes Grips,miscellaneous,co1038918,False
Brooklyn Navy Yard,miscellaneous,co0143573,False
Casting Collective,miscellaneous,co0105319,False
Cinelease UK,miscellaneous,co0489655,False
Cohen & Gardner,miscellaneous,co0131962,False
Creativity Media,miscellaneous,co0315755,False
Croydon & District Masonic Hall,miscellaneous,co1039375,False
Cutting Edge,miscellaneous,co0105875,False
"Deep Acres Residents Committee, Amersham",miscellaneous,co1039377,False
Dreamsound Studio,miscellaneous,co0381781,False
Eastblok Music,miscellaneous,co1038920,False
Empire Casting Company,miscellaneous,co0622318,False
Fayre Do's,miscellaneous,co0130214,False
Feral Equipment,miscellaneous,co0246443,False
First Score Music,miscellaneous,co0728862,False
Flexibon Films,miscellaneous,co0437329,False
Fort Wadsworth National Recreation Area,miscellaneous,co1039379,False
Freeway CAM B.V.,miscellaneous,co0207565,False
Giorgio Armani,miscellaneous,co0101631,False
Gloucester Prison,miscellaneous,co0954733,False
Gradwell House Recording,miscellaneous,co0799417,False
Hill Valley,miscellaneous,co0671918,False
"Housing Committee, Aylesbury Street, London",miscellaneous,co1039376,False
IWC,miscellaneous,co0772853,False
JWC Transport,miscellaneous,co1039396,False
Ka-Boom Post Production,miscellaneous,co0793388,False
KnipFilm,miscellaneous,co0097053,False
Lacoste,miscellaneous,co0225045,False
Lee & Thompson,miscellaneous,co0107866,False
MCM Storage,miscellaneous,co1039382,False
Mad Dog 2020,miscellaneous,co0002463,False
Manolo Blahnik,miscellaneous,co0328373,False
Maria Black,miscellaneous,co0744586,False
Messika,miscellaneous,co0386985,False
"Mikros-Technicolor, Boulogne-Billancourt",miscellaneous,co1039005,False
Mission Digital,miscellaneous,co0465788,False
Mother Denim,miscellaneous,co0435503,False
Motion Picture Corporation of America (MPCA),miscellaneous,co0071430,False
New York City Mayor's Office,miscellaneous,co1039378,False
New York State,miscellaneous,co0312732,False
New York Yankees,miscellaneous,co0062573,False
Onsight,miscellaneous,co0148295,False
Panavision,miscellaneous,co0537619,False
"Parker House, Cuthbert Street, London",miscellaneous,co1039360,False
Phoenix Casting,miscellaneous,co0268840,False
Pinewood Studios,miscellaneous,co0041067,False
Point1Post,miscellaneous,co0211991,False
Pond5,miscellaneous,co0234641,False
ProSight Specialty Insurance,miscellaneous,co0378566,False
Reiss,miscellaneous,co0429271,False
SPG Studios,miscellaneous,co0211177,False
Seven Seas Music,miscellaneous,co1038921,False
Soho Square Studios,miscellaneous,co0433576,False
Soundtrack New York,miscellaneous,co0075800,False
Sync or Swim,miscellaneous,co0140641,False
The City of New York,miscellaneous,co0085975,False
The Fyzz,miscellaneous,co0178319,False
Thomas Pink London,miscellaneous,co0157132,False
Thomas Sabo,miscellaneous,co0386781,False
Two 10 Casting,miscellaneous,co0676604,False
Universal Creations,miscellaneous,co0643221,False
Universal Extras,miscellaneous,co0389932,False
Varèse Sarabande,miscellaneous,co0017459,False
Warnierposta Amsterdam,miscellaneous,co0774349,False
Wild Wag Productions,miscellaneous,co1039405,False
