company_name,company_type,imdb_id
Warner Bros. Pictures,distribution,co0816712
Warner Bros.,distribution,co0256390
Chantier Films,distribution,co0242084
Golden Village Pictures,distribution,co0061162
Showgate,distribution,co0219983
Spentzos Films,distribution,co0030651
Inopia Films,distribution,co0454606
Warner Bros.,distribution,co0002663
Batrax Entertainment,distribution,co0534411
Film & TV House,distribution,co0499875
GEM Entertainment,distribution,co0603957
ACME Film,distribution,co0859778
Adler Entertainment,distribution,co0451615
Duplicato Media,distribution,co0959759
Italia Film,distribution,co0225966
Kinomania,distribution,co0237749
Paris Filmes,distribution,co0021161
Roadshow Films,distribution,co0058792
Sena,distribution,co0219943
Splendid Film,distribution,co0253633
StudioCanal,distribution,co0047476
Trrupti Entertainment,distribution,co1110605
Village Roadshow,distribution,co0255182
Viva International Pictures,distribution,co0220551
Zon Lusomundo Audiovisuais,distribution,co0279838
Divisa Home Video,distribution,co0117434
Joy n Cinema,distribution,co0665442
Leonine Distribution,distribution,co0800011
NOS Audiovisuais,distribution,co0484138
RTL7,distribution,co0235233
TF1 International,distribution,co0020779
Top Film Distribution,distribution,co0954824
VVS Films,distribution,co0197046
Vertical Entertainment,distribution,co0427244
Wild Bunch Germany,distribution,co0436954
Bloom,sales,co0355965
The Fyzz,production,co0178319
Thunder Road Pictures,production,co0172670
Ingenious,production,co0531993
Endeavor Content,production,co0670857
Maddem Films,production,co0722088
Imagination Park Entertainment,production,co0605165
Flexibon Films,production,co0437329
The Kattan Brothers,production,co1038845
Outpost VFX,specialEffects,co0463696
Real SFX,specialEffects,co0301127
Above the Line Set Assistance & Security,miscellaneous,co0356750
Access Bookings,miscellaneous,co0277704
Apollo Live,miscellaneous,co1038919
Audio Network,miscellaneous,co0113942
Audiolink Radio Communications,miscellaneous,co0029274
Bad Denim,miscellaneous,co1039363
Barratt Homes,miscellaneous,co1039383
Barry Dove Drum Rental,miscellaneous,co0799418
Blakes Grips,miscellaneous,co1038918
Brooklyn Navy Yard,miscellaneous,co0143573
Casting Collective,miscellaneous,co0105319
Cinelease UK,miscellaneous,co0489655
Cohen & Gardner,miscellaneous,co0131962
Creativity Media,miscellaneous,co0315755
Croydon & District Masonic Hall,miscellaneous,co1039375
Cutting Edge,miscellaneous,co0105875
"Deep Acres Residents Committee, Amersham",miscellaneous,co1039377
Dreamsound Studio,miscellaneous,co0381781
Eastblok Music,miscellaneous,co1038920
Empire Casting Company,miscellaneous,co0622318
Fayre Do's,miscellaneous,co0130214
Feral Equipment,miscellaneous,co0246443
First Score Music,miscellaneous,co0728862
Flexibon Films,miscellaneous,co0437329
Fort Wadsworth National Recreation Area,miscellaneous,co1039379
Freeway CAM B.V.,miscellaneous,co0207565
Giorgio Armani,miscellaneous,co0101631
Gloucester Prison,miscellaneous,co0954733
Gradwell House Recording,miscellaneous,co0799417
Hill Valley,miscellaneous,co0671918
"Housing Committee, Aylesbury Street, London",miscellaneous,co1039376
IWC,miscellaneous,co0772853
JWC Transport,miscellaneous,co1039396
Ka-Boom Post Production,miscellaneous,co0793388
KnipFilm,miscellaneous,co0097053
Lacoste,miscellaneous,co0225045
Lee & Thompson,miscellaneous,co0107866
MCM Storage,miscellaneous,co1039382
Mad Dog 2020,miscellaneous,co0002463
Manolo Blahnik,miscellaneous,co0328373
Maria Black,miscellaneous,co0744586
Messika,miscellaneous,co0386985
"Mikros-Technicolor, Boulogne-Billancourt",miscellaneous,co1039005
Mission Digital,miscellaneous,co0465788
Mother Denim,miscellaneous,co0435503
Motion Picture Corporation of America (MPCA),miscellaneous,co0071430
New York City Mayor's Office,miscellaneous,co1039378
New York State,miscellaneous,co0312732
New York Yankees,miscellaneous,co0062573
Onsight,miscellaneous,co0148295
Panavision,miscellaneous,co0537619
"Parker House, Cuthbert Street, London",miscellaneous,co1039360
Phoenix Casting,miscellaneous,co0268840
Pinewood Studios,miscellaneous,co0041067
Point1Post,miscellaneous,co0211991
Pond5,miscellaneous,co0234641
ProSight Specialty Insurance,miscellaneous,co0378566
Reiss,miscellaneous,co0429271
SPG Studios,miscellaneous,co0211177
Seven Seas Music,miscellaneous,co1038921
Soho Square Studios,miscellaneous,co0433576
Soundtrack New York,miscellaneous,co0075800
Sync or Swim,miscellaneous,co0140641
The City of New York,miscellaneous,co0085975
The Fyzz,miscellaneous,co0178319
Thomas Pink London,miscellaneous,co0157132
Thomas Sabo,miscellaneous,co0386781
Two 10 Casting,miscellaneous,co0676604
Universal Creations,miscellaneous,co0643221
Universal Extras,miscellaneous,co0389932
Varèse Sarabande,miscellaneous,co0017459
Warnierposta Amsterdam,miscellaneous,co0774349
Wild Wag Productions,miscellaneous,co1039405
