company_name,company_type,imdb_id,is_major_studio
Focus Features International (FFI),distribution,co0288663,False
Sony Pictures Classics,distribution,co0014453,True
KVH Media Group,distribution,co0488997,False
Big Bang Media,distribution,co0435104,False
Central Partnership,distribution,co0020442,False
Energía Entusiasta,distribution,co0286456,False
Forum Cinemas,distribution,co0224884,False
Frenetic Films,distribution,co0020098,False
Inter-Film,distribution,co0436861,False
Interfilm Distribution,distribution,co0435427,False
Mars Distribution,distribution,co0016464,False
Mediapro,distribution,co0002375,False
Odeon,distribution,co0000689,False
Paradiso Entertainment,distribution,co0192258,False
Prorom Media-Trade,distribution,co0191119,False
Scanbox Entertainment,distribution,co0019016,False
Shaw Organisation,distribution,co0147162,False
Warner Bros.,distribution,co0002663,True
Dreamwest Pictures,distribution,co0382414,False
Pris Audiovisuais,distribution,co0325312,False
Longride,distribution,co0150828,False
Film1,distribution,co0313320,False
Paradiso Home Entertainment,distribution,co0043912,False
Warner Home Video,distribution,co0059995,False
Canale 5,distribution,co0031516,False
Canvas,distribution,co0136706,False
Imagem Filmes,distribution,co0073600,False
Netflix,distribution,co0144901,True
Vrijzinnig Protestantse Radio Omroep (VPRO),distribution,co0018439,False
Yleisradio (YLE),distribution,co0013526,False
FilmNation Entertainment,sales,co0251858,False
Focus Features International (FFI),sales,co0288663,False
Gravier Productions,production,co0044777,False
Perdido Productions,production,co0000605,False
Phosphene,specialEffects,co0310441,False
Prime Focus World,specialEffects,co0292891,False
Method Studios,specialEffects,co0078782,False
Company 3,specialEffects,co0028470,False
Sixteen19,specialEffects,co0331546,False
Stepping Stone Foley Studio,miscellaneous,co0479879,False
Digital Arts NY,miscellaneous,co0450953,False
Harbor Sound,miscellaneous,co0466729,False
Beau Bonneau Casting,miscellaneous,co0048427,False
Anna Delorefice Catering,miscellaneous,co0466730,False
Richard M. Dawkins Catering,miscellaneous,co0466731,False
Seasonal Elegance,miscellaneous,co0466732,False
The Lunch Box,miscellaneous,co0217332,False
Kee Casting,miscellaneous,co0038251,False
Something's Cooking,miscellaneous,co0036666,False
Loeb & Loeb,miscellaneous,co0059765,False
Jitterbug Law,miscellaneous,co0324310,False
AON/Albert G. Ruben Insurance Services,miscellaneous,co0028976,False
City National Bank New York,miscellaneous,co0084635,False
International Film Guarantors,miscellaneous,co0024538,False
Schedule 2,miscellaneous,co0303287,False
Otto Nemenz International,miscellaneous,co0018437,False
ARRI / Camera Service Center,miscellaneous,co0230098,False
DTC Grip & Electric,miscellaneous,co0211783,False
Xeno Lights,miscellaneous,co0046364,False
That Cat Camera Support,miscellaneous,co0235144,False
Sixteen19,miscellaneous,co0331546,False
Cast & Crew Entertainment Services,miscellaneous,co0070811,False
42West,miscellaneous,co0147856,False
Hyperactive Publicity,miscellaneous,co0265381,False
Deluxe New York,miscellaneous,co0225252,False
Deluxe Entertainment Services,miscellaneous,co0226376,False
Deluxe Los Angeles,miscellaneous,co0668072,False
Deluxe DailiesVu,miscellaneous,co0446110,False
San Francisco Film Commission,miscellaneous,co0087235,False
"The New York City Mayor's Office of Film, Theatre & Broadcasting",miscellaneous,co0051113,False
HBO Archives,miscellaneous,co0311271,False
Shreve & Co.,miscellaneous,co0466733,False
RFR Holding,miscellaneous,co0466734,False
The Tribeca Grand Hotel,miscellaneous,co0112528,False
Jimmy Choo,miscellaneous,co0113852,False
Fendi,miscellaneous,co0087934,False
10 Again Clothing,miscellaneous,co0466735,False
AcroSports,miscellaneous,co0466736,False
American Conservatory Theatre,miscellaneous,co0016505,False
Benny Gold,miscellaneous,co0466737,False
BMW,miscellaneous,co0179091,False
Bomb Squad Bay Area,miscellaneous,co0466738,False
California Academy of Sciences,miscellaneous,co0102450,False
Castro Theater,miscellaneous,co0447150,False
City Arts & Lectures,miscellaneous,co0466760,False
Davie Brown Entertainment (I),miscellaneous,co0007371,False
Edible San Francisco,miscellaneous,co0466761,False
"The Exploratorium, San Francisco",miscellaneous,co0110008,False
Fatlace,miscellaneous,co0466762,False
Feature This!,miscellaneous,co0120718,False
Friends of Scrap,miscellaneous,co0466763,False
Hero Entertainment Marketing,miscellaneous,co0312275,False
InfoWorld,miscellaneous,co0466764,False
Interior Design Magazine,miscellaneous,co0466765,False
Jax Vineyards,miscellaneous,co0466766,False
KALW,miscellaneous,co0466767,False
Kelly Fleming Wines,miscellaneous,co0466768,False
La Cocina,miscellaneous,co0466769,False
Where Magazine New York,miscellaneous,co0466770,False
Paradigm Publishing,miscellaneous,co0466771,False
Propaganda GEM,miscellaneous,co0308441,False
Russian Standard Vodka,miscellaneous,co0466772,False
San Francisco Chronicle,miscellaneous,co0108596,False
San Francisco Opera,miscellaneous,co0086576,False
San Francisco Recreation and Parks,miscellaneous,co0435835,False
S.F. Deluxe Productions,miscellaneous,co0466739,False
S.F. Weekly,miscellaneous,co0447164,False
LP,miscellaneous,co0292167,False
Sirron Norris Studio,miscellaneous,co0466740,False
Speakeasy Ales & Lagers,miscellaneous,co0466741,False
Strizzi's Restaurants,miscellaneous,co0466742,False
Stolichnaya,miscellaneous,co0466743,False
California Wine Museum,miscellaneous,co0466744,False
Tracy Kahn (TK) Publicity,miscellaneous,co0466745,False
Upper Playground,miscellaneous,co0466746,False
Veranda Magazine,miscellaneous,co0466747,False
Virgin America,miscellaneous,co0217838,False
William Grant and Sons,miscellaneous,co0360885,False
Agnona,miscellaneous,co0466748,False
Akris,miscellaneous,co0466749,False
Alberta Ferretti,miscellaneous,co0253252,False
Alice and Olivia,miscellaneous,co0430266,False
Bally of Switzerland,miscellaneous,co0266456,False
Barbour,miscellaneous,co0143931,False
BCBG Max Azria Entertainment,miscellaneous,co0174722,False
Bottega Veneta,miscellaneous,co0073310,False
Calvin Klein,miscellaneous,co0034964,False
Canali,miscellaneous,co0010869,False
Carolina Herrera,miscellaneous,co0249513,False
Cartier,miscellaneous,co0033051,False
Chanel,miscellaneous,co0097935,False
Christian Dior,miscellaneous,co0040682,False
Christian Louboutin,miscellaneous,co0328393,False
Citizens of Humanity,miscellaneous,co0431337,False
Converse,miscellaneous,co0071709,False
David Meister,miscellaneous,co0466791,False
Del Toro,miscellaneous,co0466792,False
Derek Rose,miscellaneous,co0466793,False
Emilio Pucci,miscellaneous,co0138517,False
