company_name,company_type,imdb_id
Focus Features International (FFI),distribution,co0288663
Sony Pictures Classics,distribution,co0014453
KVH Media Group,distribution,co0488997
Big Bang Media,distribution,co0435104
Central Partnership,distribution,co0020442
Energía Entusiasta,distribution,co0286456
Forum Cinemas,distribution,co0224884
Frenetic Films,distribution,co0020098
Inter-Film,distribution,co0436861
Interfilm Distribution,distribution,co0435427
Mars Distribution,distribution,co0016464
Mediapro,distribution,co0002375
Odeon,distribution,co0000689
Paradiso Entertainment,distribution,co0192258
Prorom Media-Trade,distribution,co0191119
Scanbox Entertainment,distribution,co0019016
Shaw Organisation,distribution,co0147162
Warner Bros.,distribution,co0002663
Dreamwest Pictures,distribution,co0382414
Pris Audiovisuais,distribution,co0325312
Longride,distribution,co0150828
Film1,distribution,co0313320
Paradiso Home Entertainment,distribution,co0043912
Warner Home Video,distribution,co0059995
Canale 5,distribution,co0031516
Canvas,distribution,co0136706
Imagem Filmes,distribution,co0073600
Netflix,distribution,co0144901
Vrijzinnig Protestantse Radio Omroep (VPRO),distribution,co0018439
Yleisradio (YLE),distribution,co0013526
FilmNation Entertainment,sales,co0251858
Focus Features International (FFI),sales,co0288663
Gravier Productions,production,co0044777
Perdido Productions,production,co0000605
Phosphene,specialEffects,co0310441
Prime Focus World,specialEffects,co0292891
Method Studios,specialEffects,co0078782
Company 3,specialEffects,co0028470
Sixteen19,specialEffects,co0331546
Stepping Stone Foley Studio,miscellaneous,co0479879
Digital Arts NY,miscellaneous,co0450953
Harbor Sound,miscellaneous,co0466729
Beau Bonneau Casting,miscellaneous,co0048427
Anna Delorefice Catering,miscellaneous,co0466730
Richard M. Dawkins Catering,miscellaneous,co0466731
Seasonal Elegance,miscellaneous,co0466732
The Lunch Box,miscellaneous,co0217332
Kee Casting,miscellaneous,co0038251
Something's Cooking,miscellaneous,co0036666
Loeb & Loeb,miscellaneous,co0059765
Jitterbug Law,miscellaneous,co0324310
AON/Albert G. Ruben Insurance Services,miscellaneous,co0028976
City National Bank New York,miscellaneous,co0084635
International Film Guarantors,miscellaneous,co0024538
Schedule 2,miscellaneous,co0303287
Otto Nemenz International,miscellaneous,co0018437
ARRI / Camera Service Center,miscellaneous,co0230098
DTC Grip & Electric,miscellaneous,co0211783
Xeno Lights,miscellaneous,co0046364
That Cat Camera Support,miscellaneous,co0235144
Sixteen19,miscellaneous,co0331546
Cast & Crew Entertainment Services,miscellaneous,co0070811
42West,miscellaneous,co0147856
Hyperactive Publicity,miscellaneous,co0265381
Deluxe New York,miscellaneous,co0225252
Deluxe Entertainment Services,miscellaneous,co0226376
Deluxe Los Angeles,miscellaneous,co0668072
Deluxe DailiesVu,miscellaneous,co0446110
San Francisco Film Commission,miscellaneous,co0087235
"The New York City Mayor's Office of Film, Theatre & Broadcasting",miscellaneous,co0051113
HBO Archives,miscellaneous,co0311271
Shreve & Co.,miscellaneous,co0466733
RFR Holding,miscellaneous,co0466734
The Tribeca Grand Hotel,miscellaneous,co0112528
Jimmy Choo,miscellaneous,co0113852
Fendi,miscellaneous,co0087934
10 Again Clothing,miscellaneous,co0466735
AcroSports,miscellaneous,co0466736
American Conservatory Theatre,miscellaneous,co0016505
Benny Gold,miscellaneous,co0466737
BMW,miscellaneous,co0179091
Bomb Squad Bay Area,miscellaneous,co0466738
California Academy of Sciences,miscellaneous,co0102450
Castro Theater,miscellaneous,co0447150
City Arts & Lectures,miscellaneous,co0466760
Davie Brown Entertainment (I),miscellaneous,co0007371
Edible San Francisco,miscellaneous,co0466761
"The Exploratorium, San Francisco",miscellaneous,co0110008
Fatlace,miscellaneous,co0466762
Feature This!,miscellaneous,co0120718
Friends of Scrap,miscellaneous,co0466763
Hero Entertainment Marketing,miscellaneous,co0312275
InfoWorld,miscellaneous,co0466764
Interior Design Magazine,miscellaneous,co0466765
Jax Vineyards,miscellaneous,co0466766
KALW,miscellaneous,co0466767
Kelly Fleming Wines,miscellaneous,co0466768
La Cocina,miscellaneous,co0466769
Where Magazine New York,miscellaneous,co0466770
Paradigm Publishing,miscellaneous,co0466771
Propaganda GEM,miscellaneous,co0308441
Russian Standard Vodka,miscellaneous,co0466772
San Francisco Chronicle,miscellaneous,co0108596
San Francisco Opera,miscellaneous,co0086576
San Francisco Recreation and Parks,miscellaneous,co0435835
S.F. Deluxe Productions,miscellaneous,co0466739
S.F. Weekly,miscellaneous,co0447164
LP,miscellaneous,co0292167
Sirron Norris Studio,miscellaneous,co0466740
Speakeasy Ales & Lagers,miscellaneous,co0466741
Strizzi's Restaurants,miscellaneous,co0466742
Stolichnaya,miscellaneous,co0466743
California Wine Museum,miscellaneous,co0466744
Tracy Kahn (TK) Publicity,miscellaneous,co0466745
Upper Playground,miscellaneous,co0466746
Veranda Magazine,miscellaneous,co0466747
Virgin America,miscellaneous,co0217838
William Grant and Sons,miscellaneous,co0360885
Agnona,miscellaneous,co0466748
Akris,miscellaneous,co0466749
Alberta Ferretti,miscellaneous,co0253252
Alice and Olivia,miscellaneous,co0430266
Bally of Switzerland,miscellaneous,co0266456
Barbour,miscellaneous,co0143931
BCBG Max Azria Entertainment,miscellaneous,co0174722
Bottega Veneta,miscellaneous,co0073310
Calvin Klein,miscellaneous,co0034964
Canali,miscellaneous,co0010869
Carolina Herrera,miscellaneous,co0249513
Cartier,miscellaneous,co0033051
Chanel,miscellaneous,co0097935
Christian Dior,miscellaneous,co0040682
Christian Louboutin,miscellaneous,co0328393
Citizens of Humanity,miscellaneous,co0431337
Converse,miscellaneous,co0071709
David Meister,miscellaneous,co0466791
Del Toro,miscellaneous,co0466792
Derek Rose,miscellaneous,co0466793
Emilio Pucci,miscellaneous,co0138517
