company_name,company_type,imdb_id
Focus Features,distribution,co0042399
Entertainment One,distribution,co0051618
United International Pictures (UIP),distribution,co0327289
Universal Pictures International (UPI),distribution,co0198457
Andes Films,distribution,co0164264
Columbia Pictures,distribution,co0050868
Toho-Towa,distribution,co0064457
United International Pictures (UIP),distribution,co0097404
United International Pictures (UIP),distribution,co0043417
United International Pictures (UIP),distribution,co0173912
United International Pictures (UIP),distribution,co0113995
United International Pictures (UIP),distribution,co0015307
United International Pictures,distribution,co0097402
Universal Pictures Argentina,distribution,co0816494
Universal Pictures International (UPI),distribution,co0854301
Universal Pictures International (UPI),distribution,co0246486
Universal Pictures International (UPI),distribution,co0219608
Universal Pictures International (UPI),distribution,co0236977
Universal Pictures International (UPI),distribution,co0183709
Universal Pictures,distribution,co0055043
Home Box Office (HBO),distribution,co0008693
NBCUniversal Entertainment,distribution,co0474968
NOS Audiovisuais,distribution,co0484138
Universal Pictures Home Entertainment,distribution,co0656151
Universal Pictures,distribution,co0005073
Canale 5,distribution,co0031516
Net5,distribution,co0115441
7flix,distribution,co0776428
Kanal 2,distribution,co0062533
ITVX,distribution,co0911004
Working Title Films,production,co0057311
Dentsu Motion Pictures,production,co0004617
Fuji Television Network (Fuji TV),production,co0055529
Universal Pictures,production,co0005073
Union Visual Effects,specialEffects,co0251627
Snow Business International,specialEffects,co0127910
4 Seasons Transport,miscellaneous,co0715824
AIR Studios,miscellaneous,co0105248
ARRI Lighting Rental,miscellaneous,co0105304
ARRI Media,miscellaneous,co0017044
Abbey Road Studios,miscellaneous,co0105292
Alex Rouse Wig Company,miscellaneous,co0459843
Alpha Grip,miscellaneous,co0201348
Angels the Costumiers,miscellaneous,co0109823
Audiolink Radio Communications,miscellaneous,co0029274
BCD Entertainment Travel,miscellaneous,co0590442
Back Lot Music,miscellaneous,co0260421
Bickers Film & TV Action,miscellaneous,co0105244
Bon Appetit Catering,miscellaneous,co0020393
Bumper Transport,miscellaneous,co0715825
Cambridge City Council,miscellaneous,co0718640
Codex,miscellaneous,co0294826
Compuhire,miscellaneous,co0061295
Deluxe Media,miscellaneous,co0455360
Ech Services,miscellaneous,co0715826
G8 Rigging,miscellaneous,co0715819
General Eyewear,miscellaneous,co0715822
Grizzly Grips,miscellaneous,co0715410
HireWorks,miscellaneous,co0216753
Historic Royal Palaces,miscellaneous,co0269136
Kodak,miscellaneous,co0105348
L A Traffic,miscellaneous,co0539288
L.V.T.,miscellaneous,co0206962
Leitz Cine,miscellaneous,co0821909
Lil & Kate London,miscellaneous,co0377331
Livett's Launches,miscellaneous,co0715820
Location Assist Limited,miscellaneous,co0344798
Mad Dog 2020,miscellaneous,co0002463
Mission Digital,miscellaneous,co0465788
Motor Neurone Disease Association,miscellaneous,co0467236
Motorhouse Hire,miscellaneous,co0301407
Movie Makers,miscellaneous,co0199723
Nationwide Platforms,miscellaneous,co0473284
Optical Support,miscellaneous,co0140940
"Orsted Bar, Copenhagen",miscellaneous,co0718642
Palmbrokers,miscellaneous,co0130216
Pinewood Studios,miscellaneous,co0041067
Production Copier Company,miscellaneous,co0253325
Rehabilitation Manufacturing Services,miscellaneous,co0718644
Representation Upson Edwards,miscellaneous,co0204666
SDI Studio,miscellaneous,co0716863
Shropshire Community Health NHS Trust,miscellaneous,co0718641
Sophie Millard Costume Jewellery,miscellaneous,co0715821
Sound 24,miscellaneous,co0244738
Special Treats Production Company,miscellaneous,co0104529
"St John's College, Cambridge",miscellaneous,co0253933
Sync or Swim,miscellaneous,co0140641
TUC Soho,miscellaneous,co0716862
The Honourable Society of Lincoln's Inn,miscellaneous,co0196506
The Mind Care and Research Centre,miscellaneous,co0718643
The Royal Opera House,miscellaneous,co0042097
Toronto International Film Festival,miscellaneous,co0047102
Uni-Versalextras,miscellaneous,co0715823
Universal Extras,miscellaneous,co0389932
Warner Bros. De Lane Lea,miscellaneous,co0128657
Wildfire Studios,miscellaneous,co0117780
