company_name,company_type,imdb_id,is_major_studio
Focus Features,distribution,co0042399,False
Entertainment One,distribution,co0051618,False
United International Pictures (UIP),distribution,co0327289,False
Universal Pictures International (UPI),distribution,co0198457,True
Andes Films,distribution,co0164264,False
Columbia Pictures,distribution,co0050868,True
Toho-Towa,distribution,co0064457,False
United International Pictures (UIP),distribution,co0097404,False
United International Pictures (UIP),distribution,co0043417,False
United International Pictures (UIP),distribution,co0173912,False
United International Pictures (UIP),distribution,co0113995,False
United International Pictures (UIP),distribution,co0015307,False
United International Pictures,distribution,co0097402,False
Universal Pictures Argentina,distribution,co0816494,True
Universal Pictures International (UPI),distribution,co0854301,True
Universal Pictures International (UPI),distribution,co0246486,True
Universal Pictures International (UPI),distribution,co0219608,True
Universal Pictures International (UPI),distribution,co0236977,True
Universal Pictures International (UPI),distribution,co0183709,True
Universal Pictures,distribution,co0055043,True
Home Box Office (HBO),distribution,co0008693,False
NBCUniversal Entertainment,distribution,co0474968,False
NOS Audiovisuais,distribution,co0484138,False
Universal Pictures Home Entertainment,distribution,co0656151,True
Universal Pictures,distribution,co0005073,True
Canale 5,distribution,co0031516,False
Net5,distribution,co0115441,False
7flix,distribution,co0776428,False
Kanal 2,distribution,co0062533,False
ITVX,distribution,co0911004,False
Working Title Films,production,co0057311,False
Dentsu Motion Pictures,production,co0004617,False
Fuji Television Network (Fuji TV),production,co0055529,False
Universal Pictures,production,co0005073,True
Union Visual Effects,specialEffects,co0251627,False
Snow Business International,specialEffects,co0127910,False
4 Seasons Transport,miscellaneous,co0715824,False
AIR Studios,miscellaneous,co0105248,False
ARRI Lighting Rental,miscellaneous,co0105304,False
ARRI Media,miscellaneous,co0017044,False
Abbey Road Studios,miscellaneous,co0105292,False
Alex Rouse Wig Company,miscellaneous,co0459843,False
Alpha Grip,miscellaneous,co0201348,False
Angels the Costumiers,miscellaneous,co0109823,False
Audiolink Radio Communications,miscellaneous,co0029274,False
BCD Entertainment Travel,miscellaneous,co0590442,False
Back Lot Music,miscellaneous,co0260421,False
Bickers Film & TV Action,miscellaneous,co0105244,False
Bon Appetit Catering,miscellaneous,co0020393,False
Bumper Transport,miscellaneous,co0715825,False
Cambridge City Council,miscellaneous,co0718640,False
Codex,miscellaneous,co0294826,False
Compuhire,miscellaneous,co0061295,False
Deluxe Media,miscellaneous,co0455360,False
Ech Services,miscellaneous,co0715826,False
G8 Rigging,miscellaneous,co0715819,False
General Eyewear,miscellaneous,co0715822,False
Grizzly Grips,miscellaneous,co0715410,False
HireWorks,miscellaneous,co0216753,False
Historic Royal Palaces,miscellaneous,co0269136,False
Kodak,miscellaneous,co0105348,False
L A Traffic,miscellaneous,co0539288,False
L.V.T.,miscellaneous,co0206962,False
Leitz Cine,miscellaneous,co0821909,False
Lil & Kate London,miscellaneous,co0377331,False
Livett's Launches,miscellaneous,co0715820,False
Location Assist Limited,miscellaneous,co0344798,False
Mad Dog 2020,miscellaneous,co0002463,False
Mission Digital,miscellaneous,co0465788,False
Motor Neurone Disease Association,miscellaneous,co0467236,False
Motorhouse Hire,miscellaneous,co0301407,False
Movie Makers,miscellaneous,co0199723,False
Nationwide Platforms,miscellaneous,co0473284,False
Optical Support,miscellaneous,co0140940,False
"Orsted Bar, Copenhagen",miscellaneous,co0718642,False
Palmbrokers,miscellaneous,co0130216,False
Pinewood Studios,miscellaneous,co0041067,False
Production Copier Company,miscellaneous,co0253325,False
Rehabilitation Manufacturing Services,miscellaneous,co0718644,False
Representation Upson Edwards,miscellaneous,co0204666,False
SDI Studio,miscellaneous,co0716863,False
Shropshire Community Health NHS Trust,miscellaneous,co0718641,False
Sophie Millard Costume Jewellery,miscellaneous,co0715821,False
Sound 24,miscellaneous,co0244738,False
Special Treats Production Company,miscellaneous,co0104529,False
"St John's College, Cambridge",miscellaneous,co0253933,False
Sync or Swim,miscellaneous,co0140641,False
TUC Soho,miscellaneous,co0716862,False
The Honourable Society of Lincoln's Inn,miscellaneous,co0196506,False
The Mind Care and Research Centre,miscellaneous,co0718643,False
The Royal Opera House,miscellaneous,co0042097,False
Toronto International Film Festival,miscellaneous,co0047102,False
Uni-Versalextras,miscellaneous,co0715823,False
Universal Extras,miscellaneous,co0389932,False
Warner Bros. De Lane Lea,miscellaneous,co0128657,True
Wildfire Studios,miscellaneous,co0117780,False
