company_name,company_type,imdb_id,is_major_studio
A24,distribution,co0390816,False
StudioCanal UK,distribution,co0240130,False
Ascot Elite Entertainment Group,distribution,co0102291,False
Elevation Pictures,distribution,co0465489,False
IPA Asia Pacific,distribution,co0003188,False
Pinema,distribution,co0137855,False
Andes Films,distribution,co0164264,False
Gaga,distribution,co0004745,False
Maison Motion,distribution,co0477986,False
Monolith Films,distribution,co0101982,False
NOS Audiovisuais,distribution,co0484138,False
PVR Pictures,distribution,co0173735,False
Pioneer Films,distribution,co0135316,False
Shaw Organisation,distribution,co0147162,False
Spentzos Films,distribution,co0030651,False
United International Pictures (UIP),distribution,co0097405,False
United International Pictures (UIP),distribution,co0043417,False
United International Pictures (UIP),distribution,co0113995,False
United International Pictures,distribution,co0097402,False
Universal Pictures Argentina,distribution,co0816494,True
Universal Pictures International (UPI),distribution,co0198457,True
Universal Pictures International (UPI),distribution,co0246486,True
Universal Pictures International (UPI),distribution,co0236977,True
Universal Pictures International (UPI),distribution,co0812374,True
Universal Pictures International (UPI),distribution,co0820078,True
Universal Pictures International (UPI),distribution,co0183709,True
Universal Pictures,distribution,co0067464,True
Vertigo Média Kft.,distribution,co0363788,False
The Blu,distribution,co0973208,False
Universal Pictures Home Entertainment,distribution,co0656151,True
Universal Pictures Home Entertainment,distribution,co0320855,True
Universal Pictures Home Entertainment,distribution,co0297627,True
Universal Pictures Home Entertainment,distribution,co0814477,True
CBC Gem,distribution,co0737690,False
Canvas,distribution,co0136706,False
Net5,distribution,co0115441,False
HBO Max,distribution,co0754095,False
FilmNation Entertainment,sales,co0251858,False
United Talent Agency (UTA),sales,co0033208,False
Element Pictures,production,co0214624,False
Bord Scannán na hÉireann / The Irish Film Board,production,co0018776,False
Film4,production,co0167631,False
FilmNation Entertainment,production,co0251858,False
No Trace Camping,production,co0276952,False
Ontario Media Development Corporation (OMDC),production,co0139002,False
Téléfilm Canada,production,co0053578,False
Screen Scene,specialEffects,co0113231,False
SSVFX,specialEffects,co0721520,False
William F. White International,miscellaneous,co0020238,False
Air-Edel Associates,miscellaneous,co0003715,False
"Alliance of Canadian Cinema, Television and Radio Artists (ACTRA)",miscellaneous,co0026861,False
Chapman/Leonard Studio Equipment,miscellaneous,co0008022,False
LRX Lighting,miscellaneous,co0248020,False
Lakeshore Records,miscellaneous,co0124993,False
Line 21 Media Services,miscellaneous,co0107705,False
National Association of Broadcast Employees and Technicians (NABET),miscellaneous,co0292090,False
Nexus Canada,miscellaneous,co0191311,False
Picturecars North,miscellaneous,co0291868,False
Pinewood Toronto Studios,miscellaneous,co0315195,False
Post Haste Digital,miscellaneous,co0256057,False
RTE Studios,miscellaneous,co0278094,False
RTÉ Concert Orchestra,miscellaneous,co0284791,False
SAG-AFTRA,miscellaneous,co0015930,False
SSVFX,miscellaneous,co0721520,False
Screen Scene,miscellaneous,co0113231,False
Soundtrack New York,miscellaneous,co0075800,False
Toronto International Film Festival,miscellaneous,co0047102,False
Unifor,miscellaneous,co0672286,False
Visual Data Media Services,miscellaneous,co0140626,False
