company_name,company_type,imdb_id
A24,distribution,co0390816
StudioCanal UK,distribution,co0240130
Ascot Elite Entertainment Group,distribution,co0102291
Elevation Pictures,distribution,co0465489
IPA Asia Pacific,distribution,co0003188
Pinema,distribution,co0137855
Andes Films,distribution,co0164264
Gaga,distribution,co0004745
Maison Motion,distribution,co0477986
Monolith Films,distribution,co0101982
NOS Audiovisuais,distribution,co0484138
PVR Pictures,distribution,co0173735
Pioneer Films,distribution,co0135316
Shaw Organisation,distribution,co0147162
Spentzos Films,distribution,co0030651
United International Pictures (UIP),distribution,co0097405
United International Pictures (UIP),distribution,co0043417
United International Pictures (UIP),distribution,co0113995
United International Pictures,distribution,co0097402
Universal Pictures Argentina,distribution,co0816494
Universal Pictures International (UPI),distribution,co0198457
Universal Pictures International (UPI),distribution,co0246486
Universal Pictures International (UPI),distribution,co0236977
Universal Pictures International (UPI),distribution,co0812374
Universal Pictures International (UPI),distribution,co0820078
Universal Pictures International (UPI),distribution,co0183709
Universal Pictures,distribution,co0067464
Vertigo Média Kft.,distribution,co0363788
The Blu,distribution,co0973208
Universal Pictures Home Entertainment,distribution,co0656151
Universal Pictures Home Entertainment,distribution,co0320855
Universal Pictures Home Entertainment,distribution,co0297627
Universal Pictures Home Entertainment,distribution,co0814477
CBC Gem,distribution,co0737690
Canvas,distribution,co0136706
Net5,distribution,co0115441
HBO Max,distribution,co0754095
FilmNation Entertainment,sales,co0251858
United Talent Agency (UTA),sales,co0033208
Element Pictures,production,co0214624
Bord Scannán na hÉireann / The Irish Film Board,production,co0018776
Film4,production,co0167631
FilmNation Entertainment,production,co0251858
No Trace Camping,production,co0276952
Ontario Media Development Corporation (OMDC),production,co0139002
Téléfilm Canada,production,co0053578
Screen Scene,specialEffects,co0113231
SSVFX,specialEffects,co0721520
William F. White International,miscellaneous,co0020238
Air-Edel Associates,miscellaneous,co0003715
"Alliance of Canadian Cinema, Television and Radio Artists (ACTRA)",miscellaneous,co0026861
Chapman/Leonard Studio Equipment,miscellaneous,co0008022
LRX Lighting,miscellaneous,co0248020
Lakeshore Records,miscellaneous,co0124993
Line 21 Media Services,miscellaneous,co0107705
National Association of Broadcast Employees and Technicians (NABET),miscellaneous,co0292090
Nexus Canada,miscellaneous,co0191311
Picturecars North,miscellaneous,co0291868
Pinewood Toronto Studios,miscellaneous,co0315195
Post Haste Digital,miscellaneous,co0256057
RTE Studios,miscellaneous,co0278094
RTÉ Concert Orchestra,miscellaneous,co0284791
SAG-AFTRA,miscellaneous,co0015930
SSVFX,miscellaneous,co0721520
Screen Scene,miscellaneous,co0113231
Soundtrack New York,miscellaneous,co0075800
Toronto International Film Festival,miscellaneous,co0047102
Unifor,miscellaneous,co0672286
Visual Data Media Services,miscellaneous,co0140626
