company_name,company_type,imdb_id
Sony Pictures Classics,distribution,co0014453
Artificial Eye,distribution,co0053637
Big Picture 2 Films,distribution,co0357632
Bir Film,distribution,co0086123
Curzon Film World,distribution,co0421358
Diamond Films,distribution,co0327901
Feelgood Entertainment,distribution,co0271257
Frenetic Films,distribution,co0020098
Golden Scene,distribution,co0121860
Golden Village Pictures,distribution,co0061162
Golem Distribución,distribution,co0040529
Good Films,distribution,co0371296
Green Narae Media,distribution,co0462688
Icon Film Distribution Australia,distribution,co0145667
Kino Films,distribution,co0280680
Mongrel Media,distribution,co0075477
SF Film Finland,distribution,co0421459
September Film,distribution,co0497786
AB Svensk Filmindustri,distribution,co0437649
CatchPlay,distribution,co0235429
Evangelische Omroep (EO),distribution,co0002171
Falcon Films,distribution,co0252434
Falcon,distribution,co0040374
Film1,distribution,co0313320
Filmcompagniet,distribution,co0254664
Filmladen,distribution,co0081831
Forefront Media Group,distribution,co0356640
Gulf Film,distribution,co0130321
Lev Films,distribution,co0239334
Mono Film,distribution,co0166483
Orange Entertainment,distribution,co0231919
Polyband,distribution,co0107314
Sony Pictures Home Entertainment,distribution,co0137851
Sony Pictures Releasing,distribution,co0110101
Venus,distribution,co0037613
Yleisradio (YLE),distribution,co0013526
Creative Artists Agency (CAA),sales,co0002521
Memento Films International,sales,co0260274
BSM Studio,production,co0481556
Lutzus-Brown,production,co0527189
Killer Films,production,co0030755
Big Indie Pictures,production,co0203259
Shriver Films,production,co0510427
Backup Media,production,co0109131
Mechanism Digital,specialEffects,co0095586
Tribe Road Catering,miscellaneous,co0184628
Eat Catering NYC,miscellaneous,co0362411
Alchemy Post Sound,miscellaneous,co0424846
Goldcrest Post Production New York,miscellaneous,co0199763
British Grove Studios,miscellaneous,co0355200
Northpole,miscellaneous,co0375089
Nettwerk Records,miscellaneous,co0066798
Chips,miscellaneous,co0383252
Goldcrest Digital Laboratory,miscellaneous,co0598031
Clearance Unlimited,miscellaneous,co0608866
"Cowan, DeBates, Abrahams & Sheppard",miscellaneous,co0092472
Taylor and Taylor,miscellaneous,co0094195
Ease Entertainment Services,miscellaneous,co0381968
Creative Artists Agency (CAA),miscellaneous,co0002521
Panavision,miscellaneous,co0041930
Eyes of Mohr Ltd.,miscellaneous,co0095695
Carbon Arc Lighting & Grip,miscellaneous,co1055256
See Factor,miscellaneous,co0119528
Enterprise,miscellaneous,co0311916
Lightnin' Production Rentals,miscellaneous,co0041356
Haddad's,miscellaneous,co0037289
Zynga,miscellaneous,co0390502
Available Art,miscellaneous,co0137709
Adidas,miscellaneous,co0050401
Agnès B.,miscellaneous,co0110579
AIM Productions,miscellaneous,co0095719
Andrus on Hudson,miscellaneous,co1055234
Apple,miscellaneous,co0000267
Bass Shoes,miscellaneous,co0210698
Birkenstock,miscellaneous,co0200915
Buck and Buck,miscellaneous,co1055235
Clarks/Bostonian,miscellaneous,co0385577
Columbia University,miscellaneous,co0056968
Converse,miscellaneous,co0071709
Delvaux,miscellaneous,co1055236
Everlane,miscellaneous,co0658865
Dieu Donne Productions,miscellaneous,co0753366
Guapo Cocina Meixcana,miscellaneous,co1055237
Hamlet,miscellaneous,co1055238
Hanro,miscellaneous,co0157072
Home Box Office (HBO),miscellaneous,co0008693
Health Professions Press,miscellaneous,co1055239
Paul H Brookes Publishing,miscellaneous,co1055240
Honest Tea,miscellaneous,co0344722
Jana Water,miscellaneous,co1055245
Jo Malone,miscellaneous,co0933854
Landsend,miscellaneous,co1055246
Lido & Point Lookout Fire District,miscellaneous,co1055247
LL Bean,miscellaneous,co0200973
Longchamp Soho,miscellaneous,co1055248
New York City Metropolitan Hospital,miscellaneous,co0324492
Minnetonka Moccasins,miscellaneous,co0210600
Paul Mitchell Luxury Haircare,miscellaneous,co0060861
Legacy Entertainment Partners,miscellaneous,co0355526
The Morris-Jumel Mansion,miscellaneous,co1055249
Morris-Jumel Neighborhood Association,miscellaneous,co1055250
Nassau County Police Department,miscellaneous,co1055251
"The New York City Mayor's Office of Film, Theatre & Broadcasting",miscellaneous,co0051113
New York State Governor's Office for Motion Picture & Television Development,miscellaneous,co0050551
"New York State Office of Parks, Recreation and Historical Preservation",miscellaneous,co0119863
Nike,miscellaneous,co0019999
The North Face,miscellaneous,co0095677
"New York City Police Department, Movie and Television Unit",miscellaneous,co0136845
Oliver Peoples,miscellaneous,co0164726
Paige Denim,miscellaneous,co0397986
Pajar,miscellaneous,co1055271
Pantherella,miscellaneous,co0246190
Pinkberry,miscellaneous,co1055272
Pregones Theater,miscellaneous,co1055273
Queens College,miscellaneous,co1055274
Rag & Bone,miscellaneous,co0466756
The Riverbank Grill,miscellaneous,co1055275
Riverside Park,miscellaneous,co1055276
Skyn Iceland,miscellaneous,co0476578
Skype,miscellaneous,co0523265
Ten Thousand Things,miscellaneous,co1055277
Timberland,miscellaneous,co0217266
UCLH Neonatal,miscellaneous,co1055278
Victoria's Secret,miscellaneous,co0089658
Vista at Hudson Terrace,miscellaneous,co1055279
ZICO Beverages,miscellaneous,co1055280
Alzheimer's Association,miscellaneous,co0420081
Mt. Sinai Medical Center,miscellaneous,co1055281
Mayo Clinic,miscellaneous,co0766857
Block-Korenbrot Public Relations,miscellaneous,co0013901
Brigade Marketing,miscellaneous,co0316516
Fintage CAM,miscellaneous,co0109836
International Alliance of Theatrical Stage Employees (IATSE),miscellaneous,co0190210
Ramo Law,miscellaneous,co0135364
Raynor & Associates,miscellaneous,co0557999
Revolutionary Artists,miscellaneous,co0510468
SAG-AFTRA One Union,miscellaneous,co0656737
Sync OnSet,miscellaneous,co0441074
Toronto International Film Festival,miscellaneous,co0047102
