company_name,company_type,imdb_id,is_major_studio
Sony Pictures Classics,distribution,co0014453,True
Artificial Eye,distribution,co0053637,False
Big Picture 2 Films,distribution,co0357632,False
Bir Film,distribution,co0086123,False
Curzon Film World,distribution,co0421358,False
Diamond Films,distribution,co0327901,False
Feelgood Entertainment,distribution,co0271257,False
Frenetic Films,distribution,co0020098,False
Golden Scene,distribution,co0121860,False
Golden Village Pictures,distribution,co0061162,False
Golem Distribución,distribution,co0040529,False
Good Films,distribution,co0371296,False
Green Narae Media,distribution,co0462688,False
Icon Film Distribution Australia,distribution,co0145667,False
Kino Films,distribution,co0280680,False
Mongrel Media,distribution,co0075477,False
SF Film Finland,distribution,co0421459,False
September Film,distribution,co0497786,False
AB Svensk Filmindustri,distribution,co0437649,False
CatchPlay,distribution,co0235429,False
Evangelische Omroep (EO),distribution,co0002171,False
Falcon Films,distribution,co0252434,False
Falcon,distribution,co0040374,False
Film1,distribution,co0313320,False
Filmcompagniet,distribution,co0254664,False
Filmladen,distribution,co0081831,False
Forefront Media Group,distribution,co0356640,False
Gulf Film,distribution,co0130321,False
Lev Films,distribution,co0239334,False
Mono Film,distribution,co0166483,False
Orange Entertainment,distribution,co0231919,False
Polyband,distribution,co0107314,False
Sony Pictures Home Entertainment,distribution,co0137851,True
Sony Pictures Releasing,distribution,co0110101,True
Venus,distribution,co0037613,False
Yleisradio (YLE),distribution,co0013526,False
Creative Artists Agency (CAA),sales,co0002521,False
Memento Films International,sales,co0260274,False
BSM Studio,production,co0481556,False
Lutzus-Brown,production,co0527189,False
Killer Films,production,co0030755,False
Big Indie Pictures,production,co0203259,False
Shriver Films,production,co0510427,False
Backup Media,production,co0109131,False
Mechanism Digital,specialEffects,co0095586,False
Tribe Road Catering,miscellaneous,co0184628,False
Eat Catering NYC,miscellaneous,co0362411,False
Alchemy Post Sound,miscellaneous,co0424846,False
Goldcrest Post Production New York,miscellaneous,co0199763,False
British Grove Studios,miscellaneous,co0355200,False
Northpole,miscellaneous,co0375089,False
Nettwerk Records,miscellaneous,co0066798,False
Chips,miscellaneous,co0383252,False
Goldcrest Digital Laboratory,miscellaneous,co0598031,False
Clearance Unlimited,miscellaneous,co0608866,False
"Cowan, DeBates, Abrahams & Sheppard",miscellaneous,co0092472,False
Taylor and Taylor,miscellaneous,co0094195,False
Ease Entertainment Services,miscellaneous,co0381968,False
Creative Artists Agency (CAA),miscellaneous,co0002521,False
Panavision,miscellaneous,co0041930,False
Eyes of Mohr Ltd.,miscellaneous,co0095695,False
Carbon Arc Lighting & Grip,miscellaneous,co1055256,False
See Factor,miscellaneous,co0119528,False
Enterprise,miscellaneous,co0311916,False
Lightnin' Production Rentals,miscellaneous,co0041356,False
Haddad's,miscellaneous,co0037289,False
Zynga,miscellaneous,co0390502,False
Available Art,miscellaneous,co0137709,False
Adidas,miscellaneous,co0050401,False
Agnès B.,miscellaneous,co0110579,False
AIM Productions,miscellaneous,co0095719,False
Andrus on Hudson,miscellaneous,co1055234,False
Apple,miscellaneous,co0000267,False
Bass Shoes,miscellaneous,co0210698,False
Birkenstock,miscellaneous,co0200915,False
Buck and Buck,miscellaneous,co1055235,False
Clarks/Bostonian,miscellaneous,co0385577,False
Columbia University,miscellaneous,co0056968,False
Converse,miscellaneous,co0071709,False
Delvaux,miscellaneous,co1055236,False
Everlane,miscellaneous,co0658865,False
Dieu Donne Productions,miscellaneous,co0753366,False
Guapo Cocina Meixcana,miscellaneous,co1055237,False
Hamlet,miscellaneous,co1055238,False
Hanro,miscellaneous,co0157072,False
Home Box Office (HBO),miscellaneous,co0008693,False
Health Professions Press,miscellaneous,co1055239,False
Paul H Brookes Publishing,miscellaneous,co1055240,False
Honest Tea,miscellaneous,co0344722,False
Jana Water,miscellaneous,co1055245,False
Jo Malone,miscellaneous,co0933854,False
Landsend,miscellaneous,co1055246,False
Lido & Point Lookout Fire District,miscellaneous,co1055247,False
LL Bean,miscellaneous,co0200973,False
Longchamp Soho,miscellaneous,co1055248,False
New York City Metropolitan Hospital,miscellaneous,co0324492,False
Minnetonka Moccasins,miscellaneous,co0210600,False
Paul Mitchell Luxury Haircare,miscellaneous,co0060861,False
Legacy Entertainment Partners,miscellaneous,co0355526,False
The Morris-Jumel Mansion,miscellaneous,co1055249,False
Morris-Jumel Neighborhood Association,miscellaneous,co1055250,False
Nassau County Police Department,miscellaneous,co1055251,False
"The New York City Mayor's Office of Film, Theatre & Broadcasting",miscellaneous,co0051113,False
New York State Governor's Office for Motion Picture & Television Development,miscellaneous,co0050551,False
"New York State Office of Parks, Recreation and Historical Preservation",miscellaneous,co0119863,False
Nike,miscellaneous,co0019999,False
The North Face,miscellaneous,co0095677,False
"New York City Police Department, Movie and Television Unit",miscellaneous,co0136845,False
Oliver Peoples,miscellaneous,co0164726,False
Paige Denim,miscellaneous,co0397986,False
Pajar,miscellaneous,co1055271,False
Pantherella,miscellaneous,co0246190,False
Pinkberry,miscellaneous,co1055272,False
Pregones Theater,miscellaneous,co1055273,False
Queens College,miscellaneous,co1055274,False
Rag & Bone,miscellaneous,co0466756,False
The Riverbank Grill,miscellaneous,co1055275,False
Riverside Park,miscellaneous,co1055276,False
Skyn Iceland,miscellaneous,co0476578,False
Skype,miscellaneous,co0523265,False
Ten Thousand Things,miscellaneous,co1055277,False
Timberland,miscellaneous,co0217266,False
UCLH Neonatal,miscellaneous,co1055278,False
Victoria's Secret,miscellaneous,co0089658,False
Vista at Hudson Terrace,miscellaneous,co1055279,False
ZICO Beverages,miscellaneous,co1055280,False
Alzheimer's Association,miscellaneous,co0420081,False
Mt. Sinai Medical Center,miscellaneous,co1055281,False
Mayo Clinic,miscellaneous,co0766857,False
Block-Korenbrot Public Relations,miscellaneous,co0013901,False
Brigade Marketing,miscellaneous,co0316516,False
Fintage CAM,miscellaneous,co0109836,False
International Alliance of Theatrical Stage Employees (IATSE),miscellaneous,co0190210,False
Ramo Law,miscellaneous,co0135364,False
Raynor & Associates,miscellaneous,co0557999,False
Revolutionary Artists,miscellaneous,co0510468,False
SAG-AFTRA One Union,miscellaneous,co0656737,False
Sync OnSet,miscellaneous,co0441074,False
Toronto International Film Festival,miscellaneous,co0047102,False
