company_name,company_type,imdb_id,is_major_studio
01 Distribution,distribution,co0066477,False
African Entertainment Distributors,distribution,co0512659,False
Alfa Films,distribution,co0015030,False
Blitz,distribution,co0111139,False
CJ CGV Viet Nam,distribution,co0498299,False
CatchPlay,distribution,co0235429,False
Central Partnership,distribution,co0020442,False
Cinecolor Films,distribution,co0374959,False
Constantin Film,distribution,co0080484,False
Cuvision,distribution,co0404720,False
Entertainment One,distribution,co0051618,False
Focus Features,distribution,co0042399,False
Freeman Entertainment,distribution,co0566170,False
Gaga,distribution,co0004745,False
Golden Scene,distribution,co0121860,False
Golden Screen Cinemas,distribution,co0158672,False
Golden Village Pictures,distribution,co0061162,False
HKC Entertainment,distribution,co0547081,False
IDC,distribution,co0117612,False
Independent Films,distribution,co0003210,False
Lenta,distribution,co0642180,False
Lionsgate,distribution,co0179392,False
Lionsgate,distribution,co0006881,False
Meloman,distribution,co0318592,False
Monolith Films,distribution,co0101982,False
Nordisk Film,distribution,co0137854,False
Norsk Filmdistribusjon,distribution,co0054056,False
Odeon,distribution,co0801823,False
Odeon,distribution,co0000689,False
PT. Prima Cinema Multimedia,distribution,co0585438,False
Panorama Entertainment,distribution,co0018663,False
Paris Filmes,distribution,co0021161,False
Pioneer Films,distribution,co0135316,False
Pony Canyon Theatrical Films,distribution,co0794684,False
Pro Video Film & Distribution Kft.,distribution,co0404465,False
Runaway-Luminosity Distribution,distribution,co0610153,False
SND Films,distribution,co0025026,False
StudioCanal Film,distribution,co0391285,False
TME Films,distribution,co0913397,False
Ukrainian Film Distribution (UFD),distribution,co0457852,False
United King Films,distribution,co0037930,False
Universal Pictures International (UPI),distribution,co0854301,True
Viacom18 Motion Pictures,distribution,co0328195,False
White Nights,distribution,co0792209,False
bf Distribution,distribution,co0333241,False
Arthaus,distribution,co0608555,False
Ascot Elite Entertainment Group,distribution,co0102291,False
Belga Films,distribution,co0055078,False
British Broadcasting Corporation (BBC),distribution,co0043107,False
Film1,distribution,co0313320,False
HBO Max,distribution,co0754095,False
Hulu,distribution,co0218858,False
JL Vision Film,distribution,co0668850,False
Leone Film Group,distribution,co0054840,False
Lionsgate Home Entertainment,distribution,co0292919,False
Lionsgate Home Entertainment,distribution,co0292909,False
Mongkol Major,distribution,co0235371,False
ND Play,distribution,co0694124,False
Netflix,distribution,co0144901,True
Nordisk Film,distribution,co0114003,False
Pancinema,distribution,co0238671,False
Panorama Distributions,distribution,co0108153,False
Pris Audiovisuais,distribution,co0325312,False
ProSieben,distribution,co0059891,False
TV3,distribution,co0152009,False
Transeuropa Video Entertainment (TVE),distribution,co0002974,False
Viaplay,distribution,co0488702,False
Summit Entertainment,production,co0046206,False
Black Label Media,production,co0410488,False
TIK Films,production,co0610132,False
Impostor Pictures,production,co0449425,False
Gilbert Films,production,co0249085,False
Marc Platt Productions,production,co0093810,False
Crafty Apes,specialEffects,co0364893,False
20th Century Fox Studios,miscellaneous,co0096253,True
A-List Animals,miscellaneous,co0314086,False
Allan Padelford Camera Cars,miscellaneous,co0276439,False
American Entertainment Investors,miscellaneous,co0377882,False
Applause Theatre,miscellaneous,co0001117,False
Chapman/Leonard Studio Equipment,miscellaneous,co0008022,False
Checkmark,miscellaneous,co0166368,False
Cinema Books,miscellaneous,co0037290,False
City of Los Angeles Department of Recreation and Parks,miscellaneous,co0315445,False
Dolby Digital,miscellaneous,co0369281,False
EFILM,miscellaneous,co0046164,False
EPS,miscellaneous,co0127088,False
ESA/Hubble,miscellaneous,co0232966,False
Eclair Media,miscellaneous,co0630828,False
Film Finances,miscellaneous,co0007445,False
Griffith Observatory,miscellaneous,co0124888,False
Hal Leonard Publishing,miscellaneous,co0480641,False
International Alliance of Theatrical Stage Employees (IATSE),miscellaneous,co0190210,False
Interscope Records,miscellaneous,co0069742,False
Kodak,miscellaneous,co0060825,False
Laurent's Catering,miscellaneous,co0414887,False
MLB Advanced Media,miscellaneous,co0301872,False
Major League Baseball Properties,miscellaneous,co0014694,False
National Aeronautics and Space Administration (NASA),miscellaneous,co0031180,False
National Public Radio (NPR),miscellaneous,co0064972,False
Panavision Woodland Hills,miscellaneous,co0371347,False
Panavision,miscellaneous,co0041930,False
SAG-AFTRA,miscellaneous,co0015930,False
Sabron Payroll Services,miscellaneous,co0109739,False
Scarlet Letters,miscellaneous,co0090951,False
Shine,miscellaneous,co0122147,False
Société Nouvelle d'Exploitation de la Tour Eiffel,miscellaneous,co0399579,False
Summit Entertainment,miscellaneous,co0046206,False
The Angels Flight Railway Company,miscellaneous,co0383764,False
The International Brotherhood of Teamsters,miscellaneous,co0372012,False
Toronto International Film Festival,miscellaneous,co0047102,False
Trevanna Post,miscellaneous,co0010762,False
Twentieth Century Fox,miscellaneous,co0000756,False
Universal Studios Licensing,miscellaneous,co0054597,False
Ville de Paris,miscellaneous,co0302889,False
Visual Icon,miscellaneous,co0443461,False
WHYY Philadelphia,miscellaneous,co0388364,False
Warner Bros. Entertainment,miscellaneous,co0080422,True
Warner Bros. Studios,miscellaneous,co0140560,True
