company_name,company_type,imdb_id
01 Distribution,distribution,co0066477
African Entertainment Distributors,distribution,co0512659
Alfa Films,distribution,co0015030
Blitz,distribution,co0111139
CJ CGV Viet Nam,distribution,co0498299
CatchPlay,distribution,co0235429
Central Partnership,distribution,co0020442
Cinecolor Films,distribution,co0374959
Constantin Film,distribution,co0080484
Cuvision,distribution,co0404720
Entertainment One,distribution,co0051618
Focus Features,distribution,co0042399
Freeman Entertainment,distribution,co0566170
Gaga,distribution,co0004745
Golden Scene,distribution,co0121860
Golden Screen Cinemas,distribution,co0158672
Golden Village Pictures,distribution,co0061162
HKC Entertainment,distribution,co0547081
IDC,distribution,co0117612
Independent Films,distribution,co0003210
Lenta,distribution,co0642180
Lionsgate,distribution,co0179392
Lionsgate,distribution,co0006881
Meloman,distribution,co0318592
Monolith Films,distribution,co0101982
Nordisk Film,distribution,co0137854
Norsk Filmdistribusjon,distribution,co0054056
Odeon,distribution,co0801823
Odeon,distribution,co0000689
PT. Prima Cinema Multimedia,distribution,co0585438
Panorama Entertainment,distribution,co0018663
Paris Filmes,distribution,co0021161
Pioneer Films,distribution,co0135316
Pony Canyon Theatrical Films,distribution,co0794684
Pro Video Film & Distribution Kft.,distribution,co0404465
Runaway-Luminosity Distribution,distribution,co0610153
SND Films,distribution,co0025026
StudioCanal Film,distribution,co0391285
TME Films,distribution,co0913397
Ukrainian Film Distribution (UFD),distribution,co0457852
United King Films,distribution,co0037930
Universal Pictures International (UPI),distribution,co0854301
Viacom18 Motion Pictures,distribution,co0328195
White Nights,distribution,co0792209
bf Distribution,distribution,co0333241
Arthaus,distribution,co0608555
Ascot Elite Entertainment Group,distribution,co0102291
Belga Films,distribution,co0055078
British Broadcasting Corporation (BBC),distribution,co0043107
Film1,distribution,co0313320
HBO Max,distribution,co0754095
Hulu,distribution,co0218858
JL Vision Film,distribution,co0668850
Leone Film Group,distribution,co0054840
Lionsgate Home Entertainment,distribution,co0292919
Lionsgate Home Entertainment,distribution,co0292909
Mongkol Major,distribution,co0235371
ND Play,distribution,co0694124
Netflix,distribution,co0144901
Nordisk Film,distribution,co0114003
Pancinema,distribution,co0238671
Panorama Distributions,distribution,co0108153
Pris Audiovisuais,distribution,co0325312
ProSieben,distribution,co0059891
TV3,distribution,co0152009
Transeuropa Video Entertainment (TVE),distribution,co0002974
Viaplay,distribution,co0488702
Summit Entertainment,production,co0046206
Black Label Media,production,co0410488
TIK Films,production,co0610132
Impostor Pictures,production,co0449425
Gilbert Films,production,co0249085
Marc Platt Productions,production,co0093810
Crafty Apes,specialEffects,co0364893
20th Century Fox Studios,miscellaneous,co0096253
A-List Animals,miscellaneous,co0314086
Allan Padelford Camera Cars,miscellaneous,co0276439
American Entertainment Investors,miscellaneous,co0377882
Applause Theatre,miscellaneous,co0001117
Chapman/Leonard Studio Equipment,miscellaneous,co0008022
Checkmark,miscellaneous,co0166368
Cinema Books,miscellaneous,co0037290
City of Los Angeles Department of Recreation and Parks,miscellaneous,co0315445
Dolby Digital,miscellaneous,co0369281
EFILM,miscellaneous,co0046164
EPS,miscellaneous,co0127088
ESA/Hubble,miscellaneous,co0232966
Eclair Media,miscellaneous,co0630828
Film Finances,miscellaneous,co0007445
Griffith Observatory,miscellaneous,co0124888
Hal Leonard Publishing,miscellaneous,co0480641
International Alliance of Theatrical Stage Employees (IATSE),miscellaneous,co0190210
Interscope Records,miscellaneous,co0069742
Kodak,miscellaneous,co0060825
Laurent's Catering,miscellaneous,co0414887
MLB Advanced Media,miscellaneous,co0301872
Major League Baseball Properties,miscellaneous,co0014694
National Aeronautics and Space Administration (NASA),miscellaneous,co0031180
National Public Radio (NPR),miscellaneous,co0064972
Panavision Woodland Hills,miscellaneous,co0371347
Panavision,miscellaneous,co0041930
SAG-AFTRA,miscellaneous,co0015930
Sabron Payroll Services,miscellaneous,co0109739
Scarlet Letters,miscellaneous,co0090951
Shine,miscellaneous,co0122147
Société Nouvelle d'Exploitation de la Tour Eiffel,miscellaneous,co0399579
Summit Entertainment,miscellaneous,co0046206
The Angels Flight Railway Company,miscellaneous,co0383764
The International Brotherhood of Teamsters,miscellaneous,co0372012
Toronto International Film Festival,miscellaneous,co0047102
Trevanna Post,miscellaneous,co0010762
Twentieth Century Fox,miscellaneous,co0000756
Universal Studios Licensing,miscellaneous,co0054597
Ville de Paris,miscellaneous,co0302889
Visual Icon,miscellaneous,co0443461
WHYY Philadelphia,miscellaneous,co0388364
Warner Bros. Entertainment,miscellaneous,co0080422
Warner Bros. Studios,miscellaneous,co0140560
