company_name,company_type,imdb_id
Vertigo Média Kft.,distribution,co0363788
3+,distribution,co0640395
4+,distribution,co0703928
ACE Entertainment,distribution,co0309725
Amazon Instant Video,distribution,co0337718
Amazon Prime Video,distribution,co0476953
Dazzler Media,distribution,co0542024
Defiant Screen Entertainment,distribution,co0541150
Dutch FilmWorks (DFW),distribution,co0024325
Eagle Films,distribution,co0276424
Google Play,distribution,co0879800
Koch Films,distribution,co0590410
Lionsgate,distribution,co0006881
MagentaTV,distribution,co0851917
Maxdome Store,distribution,co0202910
Maxdome,distribution,co0916189
Minds Eye International,distribution,co0058277
Netflix,distribution,co0144901
Pris Audiovisuais,distribution,co0325312
RTL Zwei,distribution,co0921510
RTL2,distribution,co0062012
Rakuten TV,distribution,co0899200
Sky Cinema Action,distribution,co0919121
Sky Cinema Best Of,distribution,co0985385
Sky Cinema Premieren +24,distribution,co0971525
Sky Cinema Premieren,distribution,co0971524
Sky Cinema Transformers,distribution,co1056655
Sky Store,distribution,co0985386
Starz,distribution,co0000869
Super Channel,distribution,co0061335
Superfine Films,distribution,co0242742
Top Film Distribution,distribution,co0954824
Videoload,distribution,co0362812
Youplanet Pictures,distribution,co0720723
Youtube Filme & TV,distribution,co1055457
iTunes,distribution,co0694131
International Film Trust (IFT),sales,co0428443
Benaroya Pictures,production,co0232586
Minds Eye Entertainment,production,co0141205
Falconer Pictures,production,co0395531
Invico Capital,production,co0691960
Indievisual,specialEffects,co0777519
Phantom-FX,specialEffects,co0326630
Side Street Post,specialEffects,co0331743
ASSURart,miscellaneous,co0751352
"Alliance of Canadian Cinema, Television and Radio Artists (ACTRA)",miscellaneous,co0026861
Atlantic Screen Music,miscellaneous,co0355205
Be TEAsed Food Truck,miscellaneous,co0901756
Beatstreet NYC,miscellaneous,co0901755
Chapman/Leonard Studio Equipment,miscellaneous,co0008022
City of Kelowna,miscellaneous,co0327956
City of Merritt,miscellaneous,co0901749
City of Vernon,miscellaneous,co0327868
Concrete Images,miscellaneous,co0013331
Creative Traffic Calming,miscellaneous,co0901750
Dallas Harvey FX,miscellaneous,co0901747
Dilworth Inn,miscellaneous,co0901751
Endcrawl.com,miscellaneous,co0446605
Entertainment Partners Canada,miscellaneous,co0101797
Fafard Rigging,miscellaneous,co0901746
FilmWest Productions,miscellaneous,co0156255
Freeway CAM B.V.,miscellaneous,co0207565
Inspired Image Picture Company,miscellaneous,co0628589
International Film Trust (IFT),miscellaneous,co0428443
Java Post Production,miscellaneous,co0197846
LaRocque Systems Ltd.,miscellaneous,co0090456
Line 21 Media Services,miscellaneous,co0107705
Matrix Production Services,miscellaneous,co0502082
Media Guarantors,miscellaneous,co0732904
Minds Eye International,miscellaneous,co0058277
Moonshine Post-Production,miscellaneous,co0607720
Okanagan Film Commission,miscellaneous,co0085552
OpenRoads Designer,miscellaneous,co0901748
Patricia J.F. Warsaba QC,miscellaneous,co0901754
Post Modern Sound,miscellaneous,co0118232
Prodigy Public Relations,miscellaneous,co0299843
Red Eye Motion Pictures,miscellaneous,co0617070
Restoration Lands,miscellaneous,co0901752
Studio West,miscellaneous,co0108913
Talking Dog Post & Sound Studios,miscellaneous,co0088685
Taro PR,miscellaneous,co0712631
The City of Kamloops,miscellaneous,co0310539
The Douglas Lake Cattle Company,miscellaneous,co0383334
The Film Factory,miscellaneous,co0187475
The Quilchena Hotel,miscellaneous,co0901753
The Rights Company,miscellaneous,co0207832
Thompson-Nicola Film Commission,miscellaneous,co0085555
Tolko Industries,miscellaneous,co0250309
