company_name,company_type,imdb_id,is_major_studio
Vertigo Média Kft.,distribution,co0363788,False
3+,distribution,co0640395,False
4+,distribution,co0703928,False
ACE Entertainment,distribution,co0309725,False
Amazon Instant Video,distribution,co0337718,False
Amazon Prime Video,distribution,co0476953,False
Dazzler Media,distribution,co0542024,False
Defiant Screen Entertainment,distribution,co0541150,False
Dutch FilmWorks (DFW),distribution,co0024325,False
Eagle Films,distribution,co0276424,False
Google Play,distribution,co0879800,False
Koch Films,distribution,co0590410,False
Lionsgate,distribution,co0006881,False
MagentaTV,distribution,co0851917,False
Maxdome Store,distribution,co0202910,False
Maxdome,distribution,co0916189,False
Minds Eye International,distribution,co0058277,False
Netflix,distribution,co0144901,True
Pris Audiovisuais,distribution,co0325312,False
RTL Zwei,distribution,co0921510,False
RTL2,distribution,co0062012,False
Rakuten TV,distribution,co0899200,False
Sky Cinema Action,distribution,co0919121,False
Sky Cinema Best Of,distribution,co0985385,False
Sky Cinema Premieren +24,distribution,co0971525,False
Sky Cinema Premieren,distribution,co0971524,False
Sky Cinema Transformers,distribution,co1056655,False
Sky Store,distribution,co0985386,False
Starz,distribution,co0000869,False
Super Channel,distribution,co0061335,False
Superfine Films,distribution,co0242742,False
Top Film Distribution,distribution,co0954824,False
Videoload,distribution,co0362812,False
Youplanet Pictures,distribution,co0720723,False
Youtube Filme & TV,distribution,co1055457,False
iTunes,distribution,co0694131,False
International Film Trust (IFT),sales,co0428443,False
Benaroya Pictures,production,co0232586,False
Minds Eye Entertainment,production,co0141205,False
Falconer Pictures,production,co0395531,False
Invico Capital,production,co0691960,False
Indievisual,specialEffects,co0777519,False
Phantom-FX,specialEffects,co0326630,False
Side Street Post,specialEffects,co0331743,False
ASSURart,miscellaneous,co0751352,False
"Alliance of Canadian Cinema, Television and Radio Artists (ACTRA)",miscellaneous,co0026861,False
Atlantic Screen Music,miscellaneous,co0355205,False
Be TEAsed Food Truck,miscellaneous,co0901756,False
Beatstreet NYC,miscellaneous,co0901755,False
Chapman/Leonard Studio Equipment,miscellaneous,co0008022,False
City of Kelowna,miscellaneous,co0327956,False
City of Merritt,miscellaneous,co0901749,False
City of Vernon,miscellaneous,co0327868,False
Concrete Images,miscellaneous,co0013331,False
Creative Traffic Calming,miscellaneous,co0901750,False
Dallas Harvey FX,miscellaneous,co0901747,False
Dilworth Inn,miscellaneous,co0901751,False
Endcrawl.com,miscellaneous,co0446605,False
Entertainment Partners Canada,miscellaneous,co0101797,False
Fafard Rigging,miscellaneous,co0901746,False
FilmWest Productions,miscellaneous,co0156255,False
Freeway CAM B.V.,miscellaneous,co0207565,False
Inspired Image Picture Company,miscellaneous,co0628589,False
International Film Trust (IFT),miscellaneous,co0428443,False
Java Post Production,miscellaneous,co0197846,False
LaRocque Systems Ltd.,miscellaneous,co0090456,False
Line 21 Media Services,miscellaneous,co0107705,False
Matrix Production Services,miscellaneous,co0502082,False
Media Guarantors,miscellaneous,co0732904,False
Minds Eye International,miscellaneous,co0058277,False
Moonshine Post-Production,miscellaneous,co0607720,False
Okanagan Film Commission,miscellaneous,co0085552,False
OpenRoads Designer,miscellaneous,co0901748,False
Patricia J.F. Warsaba QC,miscellaneous,co0901754,False
Post Modern Sound,miscellaneous,co0118232,False
Prodigy Public Relations,miscellaneous,co0299843,False
Red Eye Motion Pictures,miscellaneous,co0617070,False
Restoration Lands,miscellaneous,co0901752,False
Studio West,miscellaneous,co0108913,False
Talking Dog Post & Sound Studios,miscellaneous,co0088685,False
Taro PR,miscellaneous,co0712631,False
The City of Kamloops,miscellaneous,co0310539,False
The Douglas Lake Cattle Company,miscellaneous,co0383334,False
The Film Factory,miscellaneous,co0187475,False
The Quilchena Hotel,miscellaneous,co0901753,False
The Rights Company,miscellaneous,co0207832,False
Thompson-Nicola Film Commission,miscellaneous,co0085555,False
Tolko Industries,miscellaneous,co0250309,False
