company_name,company_type,imdb_id,is_major_studio
B&H Film Distribution,distribution,co0242075,False
Bitters End,distribution,co0061630,False
Continental Film,distribution,co0144570,False
Fabula Films,distribution,co0552543,False
Feelgood Entertainment,distribution,co0271257,False
Focus Features,distribution,co0042399,False
Golden Scene,distribution,co0121860,False
InterCom,distribution,co0156851,False
M Pictures,distribution,co0202596,False
Mongrel Media,distribution,co0075477,False
NOS Audiovisuais,distribution,co0484138,False
Parco Co. Ltd.,distribution,co0095298,False
Roadside Attractions,distribution,co0017716,False
Sony Pictures Releasing Argentina,distribution,co0811162,True
Sony Pictures Releasing,distribution,co0110101,True
Sony Pictures Worldwide Acquisitions (SPWA),distribution,co0208736,True
Stage 6 Films,distribution,co0222021,False
StudioCanal,distribution,co0047476,False
United International Pictures (UIP),distribution,co0150829,False
United International Pictures (UIP),distribution,co0113995,False
United International Pictures (UIP),distribution,co0015307,False
United International Pictures,distribution,co0097402,False
Universal Pictures International (UPI),distribution,co0198457,True
Universal Pictures International (UPI),distribution,co0246486,True
Universal Pictures International (UPI),distribution,co0236977,True
Universal Pictures International (UPI),distribution,co0183709,True
Walt Disney Studios Motion Pictures Finland,distribution,co0239645,True
Amazon Studios,distribution,co0319272,True
Ascot Elite Entertainment Group,distribution,co0102291,False
British Broadcasting Corporation (BBC),distribution,co0043107,False
Canvas,distribution,co0136706,False
Film1,distribution,co0313320,False
ITVX,distribution,co0911004,False
KVH Media Group,distribution,co0488997,False
SBS9,distribution,co0511271,False
Sierra / Affinity,distribution,co0276464,False
Sony Pictures Home Entertainment,distribution,co0137851,True
United King Films,distribution,co0037930,False
Universal Pictures Home Entertainment,distribution,co0297627,True
Universal Pictures,distribution,co0067464,True
Universal Sony Pictures Home Entertainment Nordic,distribution,co0533783,True
Yleisradio (YLE),distribution,co0013526,False
Endeavor Content,sales,co0670857,False
Sierra / Affinity,sales,co0276464,False
Amazon Studios,production,co0319272,True
K Period Media,production,co0506728,False
Pearl Street Films,production,co0358992,False
The Media Farm,production,co0453671,False
The Affleck/Middleton Project,production,co0496040,False
B Story,production,co0509232,False
Big Indie Pictures,production,co0203259,False
Madison Wells,production,co0113140,False
The Walsh Company,production,co0372870,False
Hectic Electric,specialEffects,co0292950,False
ARRI Rental,miscellaneous,co0001776,False
Apple,miscellaneous,co0000267,False
Best Digital,miscellaneous,co0259118,False
Boston Globe,miscellaneous,co0128048,False
Brauer & Co.,miscellaneous,co0350805,False
C.P. Casting,miscellaneous,co0033433,False
Carhartt,miscellaneous,co0200960,False
Cinema Mechanics,miscellaneous,co0293248,False
Codex,miscellaneous,co0294826,False
Ease Entertainment Services,miscellaneous,co0381968,False
Film Arsenal,miscellaneous,co0467009,False
Film Finances,miscellaneous,co0007445,False
Fintage CAM,miscellaneous,co0109836,False
HUB International Insurance Services,miscellaneous,co0437520,False
IndieClear,miscellaneous,co0117080,False
K Films Manchester,miscellaneous,co0640802,False
K Period Media,miscellaneous,co0506728,False
Loeb and Loeb,miscellaneous,co0641545,False
Loopers Unlimited,miscellaneous,co0023050,False
Massachusetts Film Office,miscellaneous,co0010971,False
Milan Records,miscellaneous,co0069496,False
Red Herring Motion Picture Lighting Inc.,miscellaneous,co0155984,False
SAG-AFTRA,miscellaneous,co0015930,False
Soundtrack New York,miscellaneous,co0075800,False
Sundance Film Festival,miscellaneous,co0087643,False
Sunday Night,miscellaneous,co0149632,False
Taylor & Taylor,miscellaneous,co0321918,False
Technicolor Postworks New York,miscellaneous,co0379302,False
The International Brotherhood of Teamsters,miscellaneous,co0372012,False
Three Point Capital (TPC),miscellaneous,co0298611,False
Toronto International Film Festival,miscellaneous,co0047102,False
Trevanna Post,miscellaneous,co0010762,False
Visual Data Media Services,miscellaneous,co0140626,False
Walking City Production Rentals,miscellaneous,co0356643,False
Waterstone Entertainment,miscellaneous,co0331337,False
