company_name,company_type,imdb_id
B&H Film Distribution,distribution,co0242075
Bitters End,distribution,co0061630
Continental Film,distribution,co0144570
Fabula Films,distribution,co0552543
Feelgood Entertainment,distribution,co0271257
Focus Features,distribution,co0042399
Golden Scene,distribution,co0121860
InterCom,distribution,co0156851
M Pictures,distribution,co0202596
Mongrel Media,distribution,co0075477
NOS Audiovisuais,distribution,co0484138
Parco Co. Ltd.,distribution,co0095298
Roadside Attractions,distribution,co0017716
Sony Pictures Releasing Argentina,distribution,co0811162
Sony Pictures Releasing,distribution,co0110101
Sony Pictures Worldwide Acquisitions (SPWA),distribution,co0208736
Stage 6 Films,distribution,co0222021
StudioCanal,distribution,co0047476
United International Pictures (UIP),distribution,co0150829
United International Pictures (UIP),distribution,co0113995
United International Pictures (UIP),distribution,co0015307
United International Pictures,distribution,co0097402
Universal Pictures International (UPI),distribution,co0198457
Universal Pictures International (UPI),distribution,co0246486
Universal Pictures International (UPI),distribution,co0236977
Universal Pictures International (UPI),distribution,co0183709
Walt Disney Studios Motion Pictures Finland,distribution,co0239645
Amazon Studios,distribution,co0319272
Ascot Elite Entertainment Group,distribution,co0102291
British Broadcasting Corporation (BBC),distribution,co0043107
Canvas,distribution,co0136706
Film1,distribution,co0313320
ITVX,distribution,co0911004
KVH Media Group,distribution,co0488997
SBS9,distribution,co0511271
Sierra / Affinity,distribution,co0276464
Sony Pictures Home Entertainment,distribution,co0137851
United King Films,distribution,co0037930
Universal Pictures Home Entertainment,distribution,co0297627
Universal Pictures,distribution,co0067464
Universal Sony Pictures Home Entertainment Nordic,distribution,co0533783
Yleisradio (YLE),distribution,co0013526
Endeavor Content,sales,co0670857
Sierra / Affinity,sales,co0276464
Amazon Studios,production,co0319272
K Period Media,production,co0506728
Pearl Street Films,production,co0358992
The Media Farm,production,co0453671
The Affleck/Middleton Project,production,co0496040
B Story,production,co0509232
Big Indie Pictures,production,co0203259
Madison Wells,production,co0113140
The Walsh Company,production,co0372870
Hectic Electric,specialEffects,co0292950
ARRI Rental,miscellaneous,co0001776
Apple,miscellaneous,co0000267
Best Digital,miscellaneous,co0259118
Boston Globe,miscellaneous,co0128048
Brauer & Co.,miscellaneous,co0350805
C.P. Casting,miscellaneous,co0033433
Carhartt,miscellaneous,co0200960
Cinema Mechanics,miscellaneous,co0293248
Codex,miscellaneous,co0294826
Ease Entertainment Services,miscellaneous,co0381968
Film Arsenal,miscellaneous,co0467009
Film Finances,miscellaneous,co0007445
Fintage CAM,miscellaneous,co0109836
HUB International Insurance Services,miscellaneous,co0437520
IndieClear,miscellaneous,co0117080
K Films Manchester,miscellaneous,co0640802
K Period Media,miscellaneous,co0506728
Loeb and Loeb,miscellaneous,co0641545
Loopers Unlimited,miscellaneous,co0023050
Massachusetts Film Office,miscellaneous,co0010971
Milan Records,miscellaneous,co0069496
Red Herring Motion Picture Lighting Inc.,miscellaneous,co0155984
SAG-AFTRA,miscellaneous,co0015930
Soundtrack New York,miscellaneous,co0075800
Sundance Film Festival,miscellaneous,co0087643
Sunday Night,miscellaneous,co0149632
Taylor & Taylor,miscellaneous,co0321918
Technicolor Postworks New York,miscellaneous,co0379302
The International Brotherhood of Teamsters,miscellaneous,co0372012
Three Point Capital (TPC),miscellaneous,co0298611
Toronto International Film Festival,miscellaneous,co0047102
Trevanna Post,miscellaneous,co0010762
Visual Data Media Services,miscellaneous,co0140626
Walking City Production Rentals,miscellaneous,co0356643
Waterstone Entertainment,miscellaneous,co0331337
