company_name,company_type,imdb_id
Bitters End,distribution,co0061630
CinemArt,distribution,co0052242
Columbia Pictures,distribution,co0050868
Focus Features,distribution,co0042399
NOS Audiovisuais,distribution,co0484138
Parco Co. Ltd.,distribution,co0095298
United International Pictures (UIP),distribution,co0097405
United International Pictures (UIP),distribution,co0074139
United International Pictures (UIP),distribution,co0097404
United International Pictures (UIP),distribution,co0327289
United International Pictures (UIP),distribution,co0043417
United International Pictures (UIP),distribution,co0150829
United International Pictures (UIP),distribution,co0113995
United International Pictures (UIP),distribution,co0015307
United International Pictures (UIP),distribution,co0350060
United International Pictures (UIP),distribution,co0187695
United International Pictures,distribution,co0097402
Universal Pictures Argentina,distribution,co0816494
Universal Pictures International (UPI),distribution,co0198457
Universal Pictures International (UPI),distribution,co0246486
Universal Pictures International (UPI),distribution,co0219608
Universal Pictures International (UPI),distribution,co0236977
Universal Pictures International (UPI),distribution,co0183709
Universal Pictures,distribution,co0005073
9Gem,distribution,co0781000
Canvas,distribution,co0136706
Film1,distribution,co0313320
Universal Pictures Home Entertainment,distribution,co0656151
Perfect World,sales,co1098411
Focus Features,production,co0042399
Perfect World Pictures,production,co0739708
Pin3hot,production,co1039615
Working Title Films,production,co0057311
Vincent Van Dyke Effects,specialEffects,co0645328
Framestore,specialEffects,co0103818
3DScanLA Studios,specialEffects,co1005393
DDT Efectos Especiales,specialEffects,co0089563
AP Casting,miscellaneous,co0623791
ARRI Rental,miscellaneous,co0515604
Above the Line Set Assistance & Security,miscellaneous,co0356750
Air Lyndhurst Studios,miscellaneous,co0137663
Air-Edel Associates,miscellaneous,co0003715
BCD Entertainment Travel,miscellaneous,co0590442
Canada Film Capital,miscellaneous,co0311606
Casting Collective,miscellaneous,co0105319
DHL Entertainment Logistics,miscellaneous,co0875069
Deutsche Grammophon,miscellaneous,co0006232
Funn,miscellaneous,co0431057
Halo Post Production,miscellaneous,co0264893
Helicopter Film Services,miscellaneous,co0140937
Line Studio,miscellaneous,co0398084
Mad Dog 2020,miscellaneous,co0002463
Motion Picture Merchandise (MPM),miscellaneous,co0334615
Panalux,miscellaneous,co0221938
Representation Upson Edwards,miscellaneous,co0204666
Services To Film,miscellaneous,co0620820
Shot Stop,miscellaneous,co0345276
Special Treats Production Company,miscellaneous,co0104529
Stageleft Transport,miscellaneous,co0566874
Technicolor Creative Services,miscellaneous,co0597482
Technicolor Production Services,miscellaneous,co0693992
Tom Hingston Studio,miscellaneous,co0178371
Toronto International Film Festival,miscellaneous,co0047102
Universal Extras,miscellaneous,co0389932
Vanessa Baker Blend Audio,miscellaneous,co0511874
Vivid Rental,miscellaneous,co0420176
Way to Blue,miscellaneous,co0330934
