company_name,company_type,imdb_id,is_major_studio
Bitters End,distribution,co0061630,False
CinemArt,distribution,co0052242,False
Columbia Pictures,distribution,co0050868,True
Focus Features,distribution,co0042399,False
NOS Audiovisuais,distribution,co0484138,False
Parco Co. Ltd.,distribution,co0095298,False
United International Pictures (UIP),distribution,co0097405,False
United International Pictures (UIP),distribution,co0074139,False
United International Pictures (UIP),distribution,co0097404,False
United International Pictures (UIP),distribution,co0327289,False
United International Pictures (UIP),distribution,co0043417,False
United International Pictures (UIP),distribution,co0150829,False
United International Pictures (UIP),distribution,co0113995,False
United International Pictures (UIP),distribution,co0015307,False
United International Pictures (UIP),distribution,co0350060,False
United International Pictures (UIP),distribution,co0187695,False
United International Pictures,distribution,co0097402,False
Universal Pictures Argentina,distribution,co0816494,True
Universal Pictures International (UPI),distribution,co0198457,True
Universal Pictures International (UPI),distribution,co0246486,True
Universal Pictures International (UPI),distribution,co0219608,True
Universal Pictures International (UPI),distribution,co0236977,True
Universal Pictures International (UPI),distribution,co0183709,True
Universal Pictures,distribution,co0005073,True
9Gem,distribution,co0781000,False
Canvas,distribution,co0136706,False
Film1,distribution,co0313320,False
Universal Pictures Home Entertainment,distribution,co0656151,True
Perfect World,sales,co1098411,False
Focus Features,production,co0042399,False
Perfect World Pictures,production,co0739708,False
Pin3hot,production,co1039615,False
Working Title Films,production,co0057311,False
Vincent Van Dyke Effects,specialEffects,co0645328,False
Framestore,specialEffects,co0103818,False
3DScanLA Studios,specialEffects,co1005393,False
DDT Efectos Especiales,specialEffects,co0089563,False
AP Casting,miscellaneous,co0623791,False
ARRI Rental,miscellaneous,co0515604,False
Above the Line Set Assistance & Security,miscellaneous,co0356750,False
Air Lyndhurst Studios,miscellaneous,co0137663,False
Air-Edel Associates,miscellaneous,co0003715,False
BCD Entertainment Travel,miscellaneous,co0590442,False
Canada Film Capital,miscellaneous,co0311606,False
Casting Collective,miscellaneous,co0105319,False
DHL Entertainment Logistics,miscellaneous,co0875069,False
Deutsche Grammophon,miscellaneous,co0006232,False
Funn,miscellaneous,co0431057,False
Halo Post Production,miscellaneous,co0264893,False
Helicopter Film Services,miscellaneous,co0140937,False
Line Studio,miscellaneous,co0398084,False
Mad Dog 2020,miscellaneous,co0002463,False
Motion Picture Merchandise (MPM),miscellaneous,co0334615,False
Panalux,miscellaneous,co0221938,False
Representation Upson Edwards,miscellaneous,co0204666,False
Services To Film,miscellaneous,co0620820,False
Shot Stop,miscellaneous,co0345276,False
Special Treats Production Company,miscellaneous,co0104529,False
Stageleft Transport,miscellaneous,co0566874,False
Technicolor Creative Services,miscellaneous,co0597482,False
Technicolor Production Services,miscellaneous,co0693992,False
Tom Hingston Studio,miscellaneous,co0178371,False
Toronto International Film Festival,miscellaneous,co0047102,False
Universal Extras,miscellaneous,co0389932,False
Vanessa Baker Blend Audio,miscellaneous,co0511874,False
Vivid Rental,miscellaneous,co0420176,False
Way to Blue,miscellaneous,co0330934,False
