company_name,company_type,imdb_id,is_major_studio
Fox Searchlight Pictures,distribution,co0982337,False
Twentieth Century Fox,distribution,co0000756,False
Ukrainian Film Distribution (UFD),distribution,co0457852,False
20th Century Fox Argentina,distribution,co0007180,True
20th Century Fox,distribution,co0010685,True
Big Picture 2 Films,distribution,co0357632,False
Forum Hungary,distribution,co0314034,False
Nordisk Film Distribusjon,distribution,co0724579,False
Odeon,distribution,co0000689,False
TME Films,distribution,co0913397,False
Warner Bros.,distribution,co0002663,True
20th Century Fox Home Entertainment,distribution,co0280047,True
20th Century Fox Home Entertainment,distribution,co0010224,True
7flix,distribution,co0776428,False
Seven Network,distribution,co0061229,False
Nordisk Film,distribution,co0114003,False
Twentieth Century Fox Home Entertainment,distribution,co0643891,False
Yleisradio (YLE),distribution,co0013526,False
Endeavor Content,sales,co0670857,False
Fox Searchlight Pictures,production,co0982337,False
Film4,production,co0167631,False
Waypoint Entertainment,production,co0353060,False
Element Pictures,production,co0214624,False
Scarlet Films,production,co0696879,False
TSG Entertainment,production,co0420822,False
Investment Incentives for the Irish Film Industry Provided by the Government of Ireland,production,co0611541,False
BFI Film Fund,production,co0375874,False
Bord Scannán na hÉireann / The Irish Film Board,production,co0018776,False
Anarchy,specialEffects,co0734910,False
SSVFX,specialEffects,co0721520,False
Coulier Creatures FX,specialEffects,co0307982,False
Company 3,specialEffects,co0028470,False
A-Z Animals,miscellaneous,co0337804,False
ARRI Rental,miscellaneous,co0515604,False
Above the Line Set Assistance & Security,miscellaneous,co0356750,False
Anarchy,miscellaneous,co0734910,False
Ardmore Sound,miscellaneous,co0039856,False
Audiolink Radio Communications,miscellaneous,co0029274,False
Baptty & Co.,miscellaneous,co0240061,False
Bickers Film & TV Action,miscellaneous,co0105244,False
Bodleian Library,miscellaneous,co0205660,False
Camera Revolution,miscellaneous,co0008680,False
Casting Collective,miscellaneous,co0105319,False
Decca Records,miscellaneous,co0104988,False
Deluxe Media,miscellaneous,co0455360,False
Dynamic International Freight Services,miscellaneous,co0254925,False
Early Music Shop,miscellaneous,co0744306,False
Fifty Fifty,miscellaneous,co0448169,False
Film Finance,miscellaneous,co0105301,False
Funn,miscellaneous,co0431057,False
Goldcrest Post Production London,miscellaneous,co0064741,False
Industry Media,miscellaneous,co0735276,False
Isobel Griffiths Limited,miscellaneous,co0110617,False
J&J International,miscellaneous,co0159018,False
Jalin Design,miscellaneous,co0735278,False
Kodak,miscellaneous,co0105348,False
MAC Cosmetics,miscellaneous,co0134587,False
Mad Dog Casting,miscellaneous,co0701097,False
Media Insurance Brokers (MIB),miscellaneous,co0070106,False
Media Safety,miscellaneous,co0122707,False
Nationwide Platforms,miscellaneous,co0473284,False
On Set Facilities,miscellaneous,co0312214,False
PMA Production,miscellaneous,co0336351,False
Palmbrokers,miscellaneous,co0130216,False
Panalux,miscellaneous,co0221938,False
Panavision,miscellaneous,co0537619,False
Premier PR,miscellaneous,co0219478,False
Representation Upson Edwards,miscellaneous,co0204666,False
Roundtable Films,miscellaneous,co0460607,False
Screen Scene,miscellaneous,co0113231,False
Set Breaks Catering,miscellaneous,co0240040,False
Shipleys,miscellaneous,co0197997,False
Shot Stop,miscellaneous,co0345276,False
Sisley Paris,miscellaneous,co0227959,False
SixtyFour Music,miscellaneous,co0734943,False
Slick Casting,miscellaneous,co0747462,False
TVC Soho Post Production,miscellaneous,co0398823,False
The Devil's Horsemen (I),miscellaneous,co0168786,False
The Whitechapel Workhouse,miscellaneous,co0735277,False
Universal Extras,miscellaneous,co0389932,False
Watson Brown,miscellaneous,co0247693,False
Wave Studios London,miscellaneous,co0692696,False
YSL Beauty,miscellaneous,co0744307,False
