company_name,company_type,imdb_id,is_major_studio
Fox Searchlight Pictures,distribution,co0982337,False
Twentieth Century Fox,distribution,co0000756,False
KVH Media Group,distribution,co0488997,False
20th Century Fox Argentina,distribution,co0007180,True
Big Picture 2 Films,distribution,co0357632,False
Forum Hungary,distribution,co0314034,False
Hispano Foxfilms S.A.E.,distribution,co0000956,False
Imperial / Cinepix,distribution,co0254482,False
Nordisk Film,distribution,co0016598,False
Odeon,distribution,co0000689,False
Warner Bros.,distribution,co0002663,True
Twentieth Century Fox Home Entertainment,distribution,co0296943,False
20th Century Fox Home Entertainment,distribution,co0280047,True
Film1,distribution,co0313320,False
WOWOW,distribution,co0033264,False
iTunes,distribution,co0177409,False
7Mate,distribution,co0390891,False
Net5,distribution,co0115441,False
Disney+,distribution,co0721120,False
7flix,distribution,co0776428,False
TME Films,distribution,co0913397,False
Blueprint Pictures,production,co0010002,False
Film4,production,co0167631,False
Searchlight Pictures,production,co0028932,False
Union Visual Effects,specialEffects,co0251627,False
AGeNT,miscellaneous,co0282637,False
Buzzy's Recording,miscellaneous,co0122579,False
Chapman/Leonard Studio Equipment,miscellaneous,co0008022,False
Chesterfield Insurance Brokers,miscellaneous,co0276252,False
Cutting Edge Group,miscellaneous,co0212862,False
Film Finances,miscellaneous,co0007445,False
HireWorks,miscellaneous,co0216753,False
Isobel Griffiths Limited,miscellaneous,co0110617,False
Out of the Pan Catering,miscellaneous,co0311394,False
Panavision,miscellaneous,co0041930,False
Pro-Cam Rentals,miscellaneous,co0540296,False
Sapex Scripts,miscellaneous,co0081577,False
Sessions Payroll Management,miscellaneous,co0030430,False
Sixteen19,miscellaneous,co0331546,False
StudioCanal,miscellaneous,co0047476,False
Upload Films,miscellaneous,co0195173,False
Varèse Sarabande,miscellaneous,co0017459,False
Warner Bros. De Lane Lea,miscellaneous,co0128657,True
