company_name,company_type,imdb_id
Fox Searchlight Pictures,distribution,co0982337
Twentieth Century Fox,distribution,co0000756
Ukrainian Film Distribution (UFD),distribution,co0457852
20th Century Fox Argentina,distribution,co0007180
20th Century Fox,distribution,co0010685
Big Picture 2 Films,distribution,co0357632
Forum Hungary,distribution,co0314034
Nordisk Film Distribusjon,distribution,co0724579
Odeon,distribution,co0000689
TME Films,distribution,co0913397
Warner Bros.,distribution,co0002663
20th Century Fox Home Entertainment,distribution,co0280047
20th Century Fox Home Entertainment,distribution,co0010224
7flix,distribution,co0776428
Seven Network,distribution,co0061229
Nordisk Film,distribution,co0114003
Twentieth Century Fox Home Entertainment,distribution,co0643891
Yleisradio (YLE),distribution,co0013526
Endeavor Content,sales,co0670857
Fox Searchlight Pictures,production,co0982337
Film4,production,co0167631
Waypoint Entertainment,production,co0353060
Element Pictures,production,co0214624
Scarlet Films,production,co0696879
TSG Entertainment,production,co0420822
Investment Incentives for the Irish Film Industry Provided by the Government of Ireland,production,co0611541
BFI Film Fund,production,co0375874
Bord Scannán na hÉireann / The Irish Film Board,production,co0018776
Anarchy,specialEffects,co0734910
SSVFX,specialEffects,co0721520
Coulier Creatures FX,specialEffects,co0307982
Company 3,specialEffects,co0028470
A-Z Animals,miscellaneous,co0337804
ARRI Rental,miscellaneous,co0515604
Above the Line Set Assistance & Security,miscellaneous,co0356750
Anarchy,miscellaneous,co0734910
Ardmore Sound,miscellaneous,co0039856
Audiolink Radio Communications,miscellaneous,co0029274
Baptty & Co.,miscellaneous,co0240061
Bickers Film & TV Action,miscellaneous,co0105244
Bodleian Library,miscellaneous,co0205660
Camera Revolution,miscellaneous,co0008680
Casting Collective,miscellaneous,co0105319
Decca Records,miscellaneous,co0104988
Deluxe Media,miscellaneous,co0455360
Dynamic International Freight Services,miscellaneous,co0254925
Early Music Shop,miscellaneous,co0744306
Fifty Fifty,miscellaneous,co0448169
Film Finance,miscellaneous,co0105301
Funn,miscellaneous,co0431057
Goldcrest Post Production London,miscellaneous,co0064741
Industry Media,miscellaneous,co0735276
Isobel Griffiths Limited,miscellaneous,co0110617
J&J International,miscellaneous,co0159018
Jalin Design,miscellaneous,co0735278
Kodak,miscellaneous,co0105348
MAC Cosmetics,miscellaneous,co0134587
Mad Dog Casting,miscellaneous,co0701097
Media Insurance Brokers (MIB),miscellaneous,co0070106
Media Safety,miscellaneous,co0122707
Nationwide Platforms,miscellaneous,co0473284
On Set Facilities,miscellaneous,co0312214
PMA Production,miscellaneous,co0336351
Palmbrokers,miscellaneous,co0130216
Panalux,miscellaneous,co0221938
Panavision,miscellaneous,co0537619
Premier PR,miscellaneous,co0219478
Representation Upson Edwards,miscellaneous,co0204666
Roundtable Films,miscellaneous,co0460607
Screen Scene,miscellaneous,co0113231
Set Breaks Catering,miscellaneous,co0240040
Shipleys,miscellaneous,co0197997
Shot Stop,miscellaneous,co0345276
Sisley Paris,miscellaneous,co0227959
SixtyFour Music,miscellaneous,co0734943
Slick Casting,miscellaneous,co0747462
TVC Soho Post Production,miscellaneous,co0398823
The Devil's Horsemen (I),miscellaneous,co0168786
The Whitechapel Workhouse,miscellaneous,co0735277
Universal Extras,miscellaneous,co0389932
Watson Brown,miscellaneous,co0247693
Wave Studios London,miscellaneous,co0692696
YSL Beauty,miscellaneous,co0744307
