company_name,company_type,imdb_id
Fox Searchlight Pictures,distribution,co0982337
Twentieth Century Fox,distribution,co0000756
KVH Media Group,distribution,co0488997
20th Century Fox Argentina,distribution,co0007180
Big Picture 2 Films,distribution,co0357632
Forum Hungary,distribution,co0314034
Hispano Foxfilms S.A.E.,distribution,co0000956
Imperial / Cinepix,distribution,co0254482
Nordisk Film,distribution,co0016598
Odeon,distribution,co0000689
Warner Bros.,distribution,co0002663
Twentieth Century Fox Home Entertainment,distribution,co0296943
20th Century Fox Home Entertainment,distribution,co0280047
Film1,distribution,co0313320
WOWOW,distribution,co0033264
iTunes,distribution,co0177409
7Mate,distribution,co0390891
Net5,distribution,co0115441
Disney+,distribution,co0721120
7flix,distribution,co0776428
TME Films,distribution,co0913397
Blueprint Pictures,production,co0010002
Film4,production,co0167631
Searchlight Pictures,production,co0028932
Union Visual Effects,specialEffects,co0251627
AGeNT,miscellaneous,co0282637
Buzzy's Recording,miscellaneous,co0122579
Chapman/Leonard Studio Equipment,miscellaneous,co0008022
Chesterfield Insurance Brokers,miscellaneous,co0276252
Cutting Edge Group,miscellaneous,co0212862
Film Finances,miscellaneous,co0007445
HireWorks,miscellaneous,co0216753
Isobel Griffiths Limited,miscellaneous,co0110617
Out of the Pan Catering,miscellaneous,co0311394
Panavision,miscellaneous,co0041930
Pro-Cam Rentals,miscellaneous,co0540296
Sapex Scripts,miscellaneous,co0081577
Sessions Payroll Management,miscellaneous,co0030430
Sixteen19,miscellaneous,co0331546
StudioCanal,miscellaneous,co0047476
Upload Films,miscellaneous,co0195173
Varèse Sarabande,miscellaneous,co0017459
Warner Bros. De Lane Lea,miscellaneous,co0128657
